Date,Value
2007.09.28,37.70000000
2007.09.29,63.46500000
2007.09.30,89.23000000
2007.10.01,114.99500000
2007.10.02,156.85725000
2007.10.03,165.31518750
2007.10.04,199.92014810
2007.10.05,252.80778870
2007.10.06,250.02608663
2007.10.07,247.24438457
2007.10.08,244.46268250
2007.10.09,274.05530320
2007.10.10,272.28671750
2007.10.11,258.61314300
2007.10.12,274.37917120
2007.10.13,265.26519060
2007.10.14,256.15121000
2007.10.15,247.03722940
2007.10.16,225.82468300
2007.10.17,232.75883250
2007.10.18,234.47373610
2007.10.19,192.26761000
2007.10.20,198.45175137
2007.10.21,204.63589273
2007.10.22,210.82003410
2007.10.23,231.27825660
2007.10.24,218.66364550
2007.10.25,218.08483480
2007.10.26,243.54952750
2007.10.27,243.30104903
2007.10.28,243.05257057
2007.10.29,242.80409210
2007.10.30,220.70272440
2007.10.31,242.60254140
2007.11.01,191.56387220
2007.11.02,189.41799060
2007.11.03,179.62405107
2007.11.04,169.83011153
2007.11.05,160.03617200
2007.11.06,181.06453620
2007.11.07,134.33846490
2007.11.08,141.61598160
2007.11.09,117.88017850
2007.11.10,113.63567430
2007.11.11,109.39117010
2007.11.12,105.14666590
2007.11.13,146.13377940
2007.11.14,128.64709250
2007.11.15,100.35273970
2007.11.16,100.35930440
2007.11.17,88.37724315
2007.11.18,76.39518190
2007.11.19,64.41312065
2007.11.20,72.90706797
2007.11.21,51.00485758
2007.11.22,73.03915050
2007.11.23,95.07344342
2007.11.24,84.17453464
2007.11.25,73.27562587
2007.11.26,62.37671709
2007.11.27,88.10913249
2007.11.28,131.31980200
2007.11.29,114.40832540
2007.11.30,127.12697130
2007.12.01,119.97324043
2007.12.02,112.81950957
2007.12.03,105.66577870
2007.12.04,83.33813012
2007.12.05,112.08129990
2007.12.06,140.04630360
2007.12.07,129.60615030
2007.12.08,131.93136300
2007.12.09,134.25657570
2007.12.10,136.58178840
2007.12.11,84.76305004
2007.12.12,90.13421350
2007.12.13,73.27588720
2007.12.14,36.84563877
2007.12.15,25.88494190
2007.12.16,14.92424504
2007.12.17,3.96354817
2007.12.18,30.67954297
2007.12.19,31.71832081
2007.12.20,48.34788425
2007.12.21,81.57442158
2007.12.22,88.79136069
2007.12.23,96.00829979
2007.12.24,103.22523890
2007.12.25,97.64790019
2007.12.26,92.07056148
2007.12.27,47.57295950
2007.12.28,46.03964501
2007.12.29,41.12591764
2007.12.30,36.21219026
2007.12.31,31.29846289
2008.01.01,20.19336138
2008.01.02,9.08825987
2008.01.03,0.30309498
2008.01.04,-34.25973647
2008.01.05,-29.96971054
2008.01.06,-25.67968461
2008.01.07,-21.38965868
2008.01.08,-41.72879387
2008.01.09,-18.36011050
2008.01.10,4.71191434
2008.01.11,-18.28506399
2008.01.12,-10.35872771
2008.01.13,-2.43239143
2008.01.14,5.49394485
2008.01.15,-26.15247231
2008.01.16,-16.02939662
2008.01.17,-46.34401992
2008.01.18,-45.68130275
2008.01.19,-38.92229681
2008.01.20,-32.16329087
2008.01.21,-25.40428493
2008.01.22,-18.64527899
2008.01.23,-11.88627305
2008.01.24,4.16790871
2008.01.25,-3.62660543
2008.01.26,9.02466905
2008.01.27,21.67594352
2008.01.28,34.32721800
2008.01.29,46.70610095
2008.01.30,30.50651537
2008.01.31,59.25333712
2008.02.01,87.58560303
2008.02.02,81.11432281
2008.02.03,74.64304259
2008.02.04,68.17176237
2008.02.05,22.53206979
2008.02.06,5.74747228
2008.02.07,27.66790406
2008.02.08,15.87153370
2008.02.09,19.44978226
2008.02.10,23.02803082
2008.02.11,26.60627938
2008.02.12,41.40145554
2008.02.13,66.24432388
2008.02.14,29.75375469
2008.02.15,19.25554926
2008.02.16,20.36248841
2008.02.17,21.46942757
2008.02.18,22.57636672
2008.02.19,23.68330587
2008.02.20,41.60062124
2008.02.21,9.56192277
2008.02.22,24.67102598
2008.02.23,35.26933535
2008.02.24,45.86764471
2008.02.25,56.46595408
2008.02.26,71.11828784
2008.02.27,55.79044177
2008.02.28,28.45618117
2008.02.29,-15.50689255
2008.03.01,-14.01052374
2008.03.02,-12.51415493
2008.03.03,-11.01778612
2008.03.04,-22.52451119
2008.03.05,-8.50013857
2008.03.06,-46.11679929
2008.03.07,-51.94846021
2008.03.08,-60.05723614
2008.03.09,-68.16601206
2008.03.10,-76.27478799
2008.03.11,-22.39242430
2008.03.12,-32.81104123
2008.03.13,-7.60490349
2008.03.14,-42.91563121
2008.03.15,-49.12432923
2008.03.16,-55.33302724
2008.03.17,-61.54172526
2008.03.18,-8.10932704
2008.03.19,-35.33407993
2008.03.20,-3.18457325
2008.03.21,6.12886452
2008.03.22,15.44230229
2008.03.23,24.75574006
2008.03.24,34.06917783
2008.03.25,49.50078911
2008.03.26,30.24731281
2008.03.27,8.93435401
2008.03.28,-9.78289753
2008.03.29,-2.76767606
2008.03.30,4.24754542
2008.03.31,11.26276689
2008.04.01,51.40049613
2008.04.02,56.96125215
2008.04.03,55.83089229
2008.04.04,50.98528014
2008.04.05,49.93597188
2008.04.06,48.88666362
2008.04.07,47.83735536
2008.04.08,34.25669289
2008.04.09,1.02394302
2008.04.10,16.90482216
2008.04.11,-21.75155028
2008.04.12,-22.73236384
2008.04.13,-23.71317741
2008.04.14,-24.69399097
2008.04.15,-5.18630780
2008.04.16,35.21869285
2008.04.17,25.48887493
2008.04.18,51.39243625
2008.04.19,46.17263050
2008.04.20,40.95282474
2008.04.21,35.73301899
2008.04.22,2.71555213
2008.04.23,4.57204021
2008.04.24,17.63647732
2008.04.25,31.06838866
2008.04.26,31.71136941
2008.04.27,32.35435016
2008.04.28,32.99733091
2008.04.29,14.23158989
2008.04.30,9.76572336
2008.05.01,31.24857886
2008.05.02,27.91017742
2008.05.03,24.47888271
2008.05.04,21.04758801
2008.05.05,17.61629330
2008.05.06,30.52694091
2008.05.07,-4.23709009
2008.05.08,1.61084886
2008.05.09,-6.74721758
2008.05.10,2.91531218
2008.05.11,12.57784194
2008.05.12,22.24037170
2008.05.13,22.56355867
2008.05.14,26.12706574
2008.05.15,44.19322896
2008.05.16,34.71883236
2008.05.17,31.86076461
2008.05.18,29.00269686
2008.05.19,26.14462911
2008.05.20,6.23296219
2008.05.21,-21.87267784
2008.05.22,-11.14363668
2008.05.23,-40.91458830
2008.05.24,-35.70198597
2008.05.25,-30.48938365
2008.05.26,-25.27678132
2008.05.27,-20.06417900
2008.05.28,-9.63675815
2008.05.29,6.17687047
2008.05.30,9.06663858
2008.05.31,0.60844477
2008.06.01,-7.84974905
2008.06.02,-16.30794287
2008.06.03,-22.47167030
2008.06.04,-20.27929890
2008.06.05,18.94657514
2008.06.06,-23.66003543
2008.06.07,-26.53015272
2008.06.08,-29.40027000
2008.06.09,-32.27038729
2008.06.10,-38.42088619
2008.06.11,-66.03745833
2008.06.12,-51.01944021
2008.06.13,-11.72393751
2008.06.14,-7.20517935
2008.06.15,-2.68642119
2008.06.16,1.83233698
2008.06.17,-11.68621002
2008.06.18,-32.03613665
2008.06.19,-16.57514324
2008.06.20,-47.97311816
2008.06.21,-49.47491915
2008.06.22,-50.97672013
2008.06.23,-52.47852112
2008.06.24,-64.11824804
2008.06.25,-31.84962333
2008.06.26,-63.20070108
2008.06.27,-62.78986905
2008.06.28,-61.95146547
2008.06.29,-61.11306190
2008.06.30,-60.27465832
2008.07.01,-52.12277985
2008.07.02,-74.34230986
2008.07.03,-74.21829647
2008.07.04,-62.39117354
2008.07.05,-64.53312488
2008.07.06,-66.67507623
2008.07.07,-68.81702757
2008.07.08,-29.16704763
2008.07.09,-46.22047954
2008.07.10,-23.42006142
2008.07.11,-23.35860363
2008.07.12,-26.51882382
2008.07.13,-29.67904400
2008.07.14,-32.83926419
2008.07.15,-39.43103266
2008.07.16,-0.11983953
2008.07.17,24.64182979
2008.07.18,22.23984791
2008.07.19,26.30155000
2008.07.20,30.36325208
2008.07.21,34.42495417
2008.07.22,56.42109524
2008.07.23,61.14569039
2008.07.24,25.02949078
2008.07.25,38.17499267
2008.07.26,29.15783572
2008.07.27,20.14067877
2008.07.28,11.12352182
2008.07.29,41.23889663
2008.07.30,56.68134761
2008.07.31,-62.84876354
2008.08.01,-133.68276480
2008.08.02,-167.49765053
2008.08.03,-201.31253627
2008.08.04,-235.12742200
2008.08.05,-206.13696680
2008.08.06,-232.51944280
2008.08.07,-341.91386250
2008.08.08,-294.83652210
2008.08.09,-290.81141920
2008.08.10,-286.78631630
2008.08.11,-282.76121340
2008.08.12,-350.42301840
2008.08.13,-380.62174660
2008.08.14,-348.68855050
2008.08.15,-353.34222500
2008.08.16,-376.06295190
2008.08.17,-398.78367880
2008.08.18,-421.50440570
2008.08.19,-477.12554810
2008.08.20,-452.24599710
2008.08.21,-455.36275100
2008.08.22,-379.70076190
2008.08.23,-404.62092703
2008.08.24,-429.54109217
2008.08.25,-454.46125730
2008.08.26,-400.70917470
2008.08.27,-318.79759810
2008.08.28,-237.66921220
2008.08.29,-285.76609610
2008.08.30,-283.71459743
2008.08.31,-281.66309875
2008.09.01,-279.61160008
2008.09.02,-277.56010140
2008.09.03,-273.25617550
2008.09.04,-364.01003790
2008.09.05,-342.58454010
2008.09.06,-322.37396563
2008.09.07,-302.16339117
2008.09.08,-281.95281670
2008.09.09,-375.55292920
2008.09.10,-331.10326070
2008.09.11,-320.49327780
2008.09.12,-281.26927610
2008.09.13,-316.68832013
2008.09.14,-352.10736417
2008.09.15,-387.52640820
2008.09.16,-348.68862420
2008.09.17,-435.28887570
2008.09.18,-320.65564630
2008.09.19,-196.84095700
2008.09.20,-221.99236893
2008.09.21,-247.14378087
2008.09.22,-272.29519280
2008.09.23,-307.99708850
2008.09.24,-308.63222390
2008.09.25,-219.93210350
2008.09.26,-239.59384010
2008.09.27,-272.29811193
2008.09.28,-305.00238377
2008.09.29,-337.70665560
2008.09.30,-216.30457960
2008.10.01,-207.47428180
2008.10.02,-283.13700570
2008.10.03,-296.11294960
2008.10.04,-320.51757203
2008.10.05,-344.92219447
2008.10.06,-369.32681690
2008.10.07,-423.77803940
2008.10.08,-428.76494440
2008.10.09,-479.38492350
2008.10.10,-436.41808100
2008.10.11,-374.56183407
2008.10.12,-312.70558713
2008.10.13,-250.84934020
2008.10.14,-214.73382010
2008.10.15,-286.03138140
2008.10.16,-174.86063940
2008.10.17,-134.23535170
2008.10.18,-94.43341915
2008.10.19,-54.63148659
2008.10.20,-14.82955404
2008.10.21,-65.46344925
2008.10.22,-143.72811240
2008.10.23,-143.87575880
2008.10.24,-194.48261780
2008.10.25,-207.51476820
2008.10.26,-220.54691860
2008.10.27,-233.57906900
2008.10.28,-100.58863950
2008.10.29,-38.22887911
2008.10.30,70.42986045
2008.10.31,140.58093350
2008.11.01,142.68968773
2008.11.02,144.79844197
2008.11.03,146.90719620
2008.11.04,213.38161490
2008.11.05,109.05033480
2008.11.06,15.70183865
2008.11.07,82.16036524
2008.11.08,65.46411138
2008.11.09,48.76785751
2008.11.10,32.07160365
2008.11.11,-40.31464553
2008.11.12,-134.00331540
2008.11.13,-23.88711148
2008.11.14,-92.16832160
2008.11.15,-104.20818597
2008.11.16,-116.24805033
2008.11.17,-128.28791470
2008.11.18,-119.77872710
2008.11.19,-202.80447820
2008.11.20,-268.02747290
2008.11.21,-161.40299610
2008.11.22,-113.49601519
2008.11.23,-65.58903428
2008.11.24,-17.68205337
2008.11.25,43.58776290
2008.11.26,149.30551700
2008.11.27,169.82659310
2008.11.28,190.34766920
2008.11.29,151.57743644
2008.11.30,112.80720368
2008.12.01,74.03697092
2008.12.02,157.02113910
2008.12.03,196.58749710
2008.12.04,115.53379580
2008.12.05,178.35521220
2008.12.06,200.26205717
2008.12.07,222.16890213
2008.12.08,244.07574710
2008.12.09,167.14642580
2008.12.10,209.83612390
2008.12.11,111.48663510
2008.12.12,145.39038910
2008.12.13,119.67730833
2008.12.14,93.96422755
2008.12.15,68.25114678
2008.12.16,165.85583890
2008.12.17,164.17857140
2008.12.18,115.82361490
2008.12.19,133.10100900
2008.12.20,109.90323129
2008.12.21,86.70545357
2008.12.22,63.50767586
2008.12.23,24.13783768
2008.12.24,47.20593685
2008.12.25,77.74953443
2008.12.26,108.29313200
2008.12.27,90.33916070
2008.12.28,72.38518941
2008.12.29,54.43121811
2008.12.30,136.20712570
2008.12.31,209.89449100
2009.01.01,236.49610345
2009.01.02,263.09771590
2009.01.03,262.40547217
2009.01.04,261.71322843
2009.01.05,261.02098470
2009.01.06,291.69027450
2009.01.07,164.85406590
2009.01.08,172.33483730
2009.01.09,78.46922260
2009.01.10,48.30340704
2009.01.11,18.13759149
2009.01.12,-12.02822407
2009.01.13,-0.64339985
2009.01.14,-109.10615810
2009.01.15,-73.94628569
2009.01.16,-23.01486332
2009.01.17,-49.52450321
2009.01.18,-76.03414311
2009.01.19,-102.54378300
2009.01.20,-129.05342290
2009.01.21,-25.52112418
2009.01.22,-95.22340317
2009.01.23,-67.04273469
2009.01.24,-51.01617295
2009.01.25,-34.98961121
2009.01.26,-18.96304947
2009.01.27,32.88989664
2009.01.28,121.15971610
2009.01.29,13.12461312
2009.01.30,-54.56102298
2009.01.31,-54.52716089
2009.02.01,-54.49329881
2009.02.02,-54.45943672
2009.02.03,-14.20028329
2009.02.04,-29.35770569
2009.02.05,18.47948669
2009.02.06,102.48788870
2009.02.07,98.74280348
2009.02.08,94.99771826
2009.02.09,91.25263304
2009.02.10,-20.20977374
2009.02.11,-0.40908267
2009.02.12,-4.17744639
2009.02.13,-31.57851014
2009.02.14,-21.15184913
2009.02.15,-10.72518811
2009.02.16,-0.29852710
2009.02.17,-112.50264900
2009.02.18,-147.77465990
2009.02.19,-179.59335600
2009.02.20,-213.40037430
2009.02.21,-235.06304057
2009.02.22,-256.72570683
2009.02.23,-278.38837310
2009.02.24,-138.36117030
2009.02.25,-157.54610600
2009.02.26,-150.11149540
2009.02.27,-163.45434600
2009.02.28,-191.11796780
2009.03.01,-218.78158960
2009.03.02,-246.44521140
2009.03.03,-245.87017540
2009.03.04,-121.04916860
2009.03.05,-204.07196210
2009.03.06,-188.88609060
2009.03.07,-193.92664043
2009.03.08,-198.96719027
2009.03.09,-204.00774010
2009.03.10,-51.26671167
2009.03.11,-18.26679882
2009.03.12,100.88946070
2009.03.13,129.21361520
2009.03.14,129.58730990
2009.03.15,129.96100460
2009.03.16,130.33469930
2009.03.17,203.79155270
2009.03.18,266.27820450
2009.03.19,230.77290090
2009.03.20,137.76200170
2009.03.21,169.80762547
2009.03.22,201.85324923
2009.03.23,233.89887300
2009.03.24,146.22640350
2009.03.25,182.43531010
2009.03.26,242.98174870
2009.03.27,133.88404490
2009.03.28,94.60139259
2009.03.29,55.31874028
2009.03.30,16.03608797
2009.03.31,80.44590435
2009.04.01,138.56406780
2009.04.02,217.66227730
2009.04.03,236.30293500
2009.04.04,207.58835087
2009.04.05,178.87376673
2009.04.06,150.15918260
2009.04.07,48.60547843
2009.04.08,106.88403400
2009.04.09,188.12777880
2009.04.10,184.29596952
2009.04.11,180.46416025
2009.04.12,176.63235098
2009.04.13,172.80054170
2009.04.14,87.33175129
2009.04.15,125.71927670
2009.04.16,175.71201460
2009.04.17,184.02724540
2009.04.18,137.92370744
2009.04.19,91.82016949
2009.04.20,45.71663153
2009.04.21,111.43247350
2009.04.22,93.76235601
2009.04.23,93.13559378
2009.04.24,142.13403410
2009.04.25,115.27836620
2009.04.26,88.42269831
2009.04.27,61.56703041
2009.04.28,51.92440710
2009.04.29,124.52034210
2009.04.30,101.16726490
2009.05.01,105.04454750
2009.05.02,127.29116547
2009.05.03,149.53778343
2009.05.04,171.78440140
2009.05.05,117.53805450
2009.05.06,134.76973760
2009.05.07,55.37897797
2009.05.08,125.42298360
2009.05.09,93.47648690
2009.05.10,61.52999020
2009.05.11,29.58349350
2009.05.12,-13.75718801
2009.05.13,-131.64468480
2009.05.14,-68.08027106
2009.05.15,-111.04229600
2009.05.16,-76.83473594
2009.05.17,-42.62717588
2009.05.18,-8.41961582
2009.05.19,0.66487380
2009.05.20,-15.02121194
2009.05.21,-89.55770919
2009.05.22,-90.33862579
2009.05.23,-67.31762343
2009.05.24,-44.29662108
2009.05.25,-21.27561872
2009.05.26,1.74538364
2009.05.27,-69.43151521
2009.05.28,-29.14060616
2009.05.29,28.15382412
2009.05.30,51.70248037
2009.05.31,75.25113663
2009.06.01,98.79979288
2009.06.02,94.00809721
2009.06.03,8.14115693
2009.06.04,64.08421720
2009.06.05,36.89511264
2009.06.06,18.60139266
2009.06.07,0.30767267
2009.06.08,-17.98604731
2009.06.09,-4.21950884
2009.06.10,-31.22802090
2009.06.11,-17.86415861
2009.06.12,-37.34873555
2009.06.13,-71.15625877
2009.06.14,-104.96378198
2009.06.15,-138.77130520
2009.06.16,-191.09374570
2009.06.17,-191.52396360
2009.06.18,-152.48418000
2009.06.19,-109.59274420
2009.06.20,-140.80269710
2009.06.21,-172.01265000
2009.06.22,-203.22260290
2009.06.23,-188.96001900
2009.06.24,-111.87070970
2009.06.25,-15.84999674
2009.06.26,4.57696286
2009.06.27,11.17435141
2009.06.28,17.77173995
2009.06.29,24.36912850
2009.06.30,-7.48041552
2009.07.01,49.37562642
2009.07.02,-47.50933586
2009.07.03,-52.83410988
2009.07.04,-58.15888389
2009.07.05,-63.48365791
2009.07.06,-68.80843192
2009.07.07,-142.22511690
2009.07.08,-167.78525700
2009.07.09,-123.55025040
2009.07.10,-113.91156860
2009.07.11,-80.45802500
2009.07.12,-47.00448140
2009.07.13,-13.55093780
2009.07.14,37.87515623
2009.07.15,135.35509080
2009.07.16,167.57365950
2009.07.17,134.43266740
2009.07.18,150.89676353
2009.07.19,167.36085967
2009.07.20,183.82495580
2009.07.21,156.18623760
2009.07.22,145.12420240
2009.07.23,205.74054120
2009.07.24,203.18880820
2009.07.25,201.32291630
2009.07.26,199.45702440
2009.07.27,197.59113250
2009.07.28,149.86716410
2009.07.29,79.61383525
2009.07.30,133.44916990
2009.07.31,128.86113520
2009.08.01,146.48877677
2009.08.02,164.11641833
2009.08.03,181.74405990
2009.08.04,168.45024020
2009.08.05,112.39177310
2009.08.06,43.69982492
2009.08.07,94.99971009
2009.08.08,81.16184451
2009.08.09,67.32397893
2009.08.10,53.48611335
2009.08.11,-35.67544242
2009.08.12,11.16980460
2009.08.13,31.61664178
2009.08.14,-51.05939563
2009.08.15,-87.88696729
2009.08.16,-124.71453894
2009.08.17,-161.54211060
2009.08.18,-75.89712143
2009.08.19,-46.89117004
2009.08.20,8.39337424
2009.08.21,79.86969273
2009.08.22,70.90732735
2009.08.23,61.94496196
2009.08.24,52.98259658
2009.08.25,55.02921639
2009.08.26,25.60393024
2009.08.27,15.31729094
2009.08.28,-10.40437212
2009.08.29,-36.71770547
2009.08.30,-63.03103883
2009.08.31,-89.34437218
2009.09.01,-182.99135040
2009.09.02,-199.84456000
2009.09.03,-74.90483138
2009.09.04,42.14316073
2009.09.05,63.42199010
2009.09.06,84.70081946
2009.09.07,105.97964883
2009.09.08,127.25847820
2009.09.09,187.09578220
2009.09.10,249.12119820
2009.09.11,225.10732290
2009.09.12,234.45485627
2009.09.13,243.80238963
2009.09.14,253.14992300
2009.09.15,288.96059640
2009.09.16,354.78391910
2009.09.17,259.63894050
2009.09.18,250.24178910
2009.09.19,215.79653130
2009.09.20,181.35127350
2009.09.21,146.90601570
2009.09.22,191.06939930
2009.09.23,89.02374535
2009.09.24,-25.67040753
2009.09.25,-67.20555620
2009.09.26,-34.68106431
2009.09.27,-2.15657242
2009.09.28,30.36791947
2009.09.29,-5.00859843
2009.09.30,-56.38047824
2009.10.01,-168.42153310
2009.10.02,-213.07452730
2009.10.03,-168.12883978
2009.10.04,-123.18315227
2009.10.05,-78.23746475
2009.10.06,25.98941107
2009.10.07,32.87344284
2009.10.08,99.34492279
2009.10.09,118.18131350
2009.10.10,118.05271603
2009.10.11,117.92411857
2009.10.12,117.79552110
2009.10.13,53.02669087
2009.10.14,122.73420760
2009.10.15,82.02046340
2009.10.16,-1.34989023
2009.10.17,23.20847547
2009.10.18,47.76684117
2009.10.19,72.32520687
2009.10.20,-16.34421114
2009.10.21,-87.62484249
2009.10.22,-23.28165808
2009.10.23,-120.55182710
2009.10.24,-146.70623890
2009.10.25,-172.86065070
2009.10.26,-199.01506250
2009.10.27,-233.85605350
2009.10.28,-329.12582040
2009.10.29,-180.08584210
2009.10.30,-272.60623140
2009.10.31,-253.58686533
2009.11.01,-234.56749927
2009.11.02,-215.54813320
2009.11.03,-141.48571850
2009.11.04,-102.30492530
2009.11.05,19.40617748
2009.11.06,28.82213947
2009.11.07,64.62431841
2009.11.08,100.42649736
2009.11.09,136.22867630
2009.11.10,68.78012186
2009.11.11,104.41770720
2009.11.12,-10.18424582
2009.11.13,68.28200555
2009.11.14,99.46441717
2009.11.15,130.64682878
2009.11.16,161.82924040
2009.11.17,105.15298010
2009.11.18,51.96901257
2009.11.19,-62.71312472
2009.11.20,-96.30278648
2009.11.21,-61.19866877
2009.11.22,-26.09455106
2009.11.23,9.00956665
2009.11.24,-27.04341925
2009.11.25,32.31649489
2009.11.26,-27.38793305
2009.11.27,-87.09236099
2009.11.28,-72.31206431
2009.11.29,-57.53176764
2009.11.30,-42.75147096
2009.12.01,61.97374737
2009.12.02,106.30394030
2009.12.03,22.12473556
2009.12.04,89.84089183
2009.12.05,91.69026155
2009.12.06,93.53963126
2009.12.07,95.38900098
2009.12.08,6.15568930
2009.12.09,24.08042936
2009.12.10,54.38567997
2009.12.11,88.22474084
2009.12.12,109.27183196
2009.12.13,130.31892308
2009.12.14,151.36601420
2009.12.15,75.79497282
2009.12.16,110.20275760
2009.12.17,7.37039977
2009.12.18,36.71188185
2009.12.19,57.94635110
2009.12.20,79.18082035
2009.12.21,100.41528960
2009.12.22,124.62962680
2009.12.23,172.45973700
2009.12.24,220.34218250
2009.12.25,212.70162750
2009.12.26,205.06107250
2009.12.27,197.42051750
2009.12.28,189.77996250
2009.12.29,124.00036450
2009.12.30,64.48880650
2009.12.31,-26.36601966
2010.01.01,-2.74078122
2010.01.02,20.88445721
2010.01.03,44.50969565
2010.01.04,68.13493408
2010.01.05,87.99257485
2010.01.06,101.93089480
2010.01.07,118.48850390
2010.01.08,130.85281720
2010.01.09,131.69189180
2010.01.10,132.53096640
2010.01.11,133.37004100
2010.01.12,17.95541709
2010.01.13,71.63613658
2010.01.14,75.77497106
2010.01.15,-26.51520031
2010.01.16,-6.14658044
2010.01.17,14.22203943
2010.01.18,34.59065929
2010.01.19,54.95927916
2010.01.20,-55.85483728
2010.01.21,-160.22163270
2010.01.22,-253.05413450
2010.01.23,-234.53964067
2010.01.24,-216.02514683
2010.01.25,-197.51065300
2010.01.26,-241.93342300
2010.01.27,-232.85522420
2010.01.28,-283.82908810
2010.01.29,-319.34259640
2010.01.30,-273.34837523
2010.01.31,-227.35415407
2010.02.01,-181.35993290
2010.02.02,-70.87795599
2010.02.03,-121.31147590
2010.02.04,-237.27557810
2010.02.05,-233.43850760
2010.02.06,-244.03921167
2010.02.07,-254.63991573
2010.02.08,-265.24061980
2010.02.09,-135.00522260
2010.02.10,-145.87893190
2010.02.11,-33.64655863
2010.02.12,-9.26964673
2010.02.13,18.70250525
2010.02.14,46.67465724
2010.02.15,74.64680922
2010.02.16,102.61896120
2010.02.17,146.92062610
2010.02.18,191.36394650
2010.02.19,198.90616580
2010.02.20,181.90752133
2010.02.21,164.90887687
2010.02.22,147.91023240
2010.02.23,43.51915813
2010.02.24,107.44719390
2010.02.25,68.61842848
2010.02.26,92.47674192
2010.02.27,118.58890001
2010.02.28,144.70105811
2010.03.01,170.81321620
2010.03.02,209.43683560
2010.03.03,193.31284610
2010.03.04,192.71027080
2010.03.05,270.53151750
2010.03.06,264.87635363
2010.03.07,259.22118977
2010.03.08,253.56602590
2010.03.09,232.64270040
2010.03.10,243.64004370
2010.03.11,217.27457190
2010.03.12,193.24572070
2010.03.13,165.37542190
2010.03.14,137.50512310
2010.03.15,109.63482430
2010.03.16,157.34933380
2010.03.17,186.50849270
2010.03.18,97.60703113
2010.03.19,-7.44175368
2010.03.20,5.86507891
2010.03.21,19.17191149
2010.03.22,32.47874408
2010.03.23,86.84837594
2010.03.24,-10.04983070
2010.03.25,-72.89754822
2010.03.26,-69.51785896
2010.03.27,-51.82211776
2010.03.28,-34.12637655
2010.03.29,-16.43063535
2010.03.30,-21.95890598
2010.03.31,-84.42578284
2010.04.01,-7.61283365
2010.04.02,9.77795028
2010.04.03,27.16873422
2010.04.04,44.55951815
2010.04.05,61.95030208
2010.04.06,65.41703162
2010.04.07,-18.64599978
2010.04.08,-19.42666163
2010.04.09,28.55300580
2010.04.10,30.59628934
2010.04.11,32.63957288
2010.04.12,34.68285642
2010.04.13,-7.44953558
2010.04.14,66.31451693
2010.04.15,18.25120925
2010.04.16,-105.08417490
2010.04.17,-117.47628573
2010.04.18,-129.86839657
2010.04.19,-142.26050740
2010.04.20,-33.33496920
2010.04.21,-19.08695918
2010.04.22,23.04052418
2010.04.23,75.84431983
2010.04.24,56.70032773
2010.04.25,37.55633562
2010.04.26,18.41234352
2010.04.27,-115.48405790
2010.04.28,-82.03806092
2010.04.29,-0.78154315
2010.04.30,-107.60331270
2010.05.01,-77.31817819
2010.05.02,-47.03304368
2010.05.03,-16.74790917
2010.05.04,-133.73279960
2010.05.05,-214.98621690
2010.05.06,-331.98295760
2010.05.07,-355.90525610
2010.05.08,-292.29660243
2010.05.09,-228.68794877
2010.05.10,-165.07929510
2010.05.11,-128.04770190
2010.05.12,-9.44545122
2010.05.13,-55.49329964
2010.05.14,-166.28674350
2010.05.15,-168.25239713
2010.05.16,-170.21805077
2010.05.17,-172.18370440
2010.05.18,-231.66468730
2010.05.19,-284.51260430
2010.05.20,-381.82501040
2010.05.21,-239.41799250
2010.05.22,-238.01629573
2010.05.23,-236.61459897
2010.05.24,-235.21290220
2010.05.25,-235.94148550
2010.05.26,-160.03471680
2010.05.27,5.51574402
2010.05.28,-39.71619069
2010.05.29,-58.15987149
2010.05.30,-76.60355229
2010.05.31,-95.04723310
2010.06.01,-113.49091390
2010.06.02,23.64915228
2010.06.03,70.63566313
2010.06.04,-55.29404841
2010.06.05,-73.09185944
2010.06.06,-90.88967047
2010.06.07,-108.68748150
2010.06.08,-51.34542945
2010.06.09,-31.61124777
2010.06.10,97.26953380
2010.06.11,150.47625440
2010.06.12,157.88937600
2010.06.13,165.30249760
2010.06.14,172.71561920
2010.06.15,266.36669800
2010.06.16,205.80653690
2010.06.17,180.84856650
2010.06.18,177.90525900
2010.06.19,162.10324090
2010.06.20,146.30122280
2010.06.21,130.49920470
2010.06.22,24.71453233
2010.06.23,17.54506477
2010.06.24,-65.92255533
2010.06.25,18.19224227
2010.06.26,13.36797252
2010.06.27,8.54370276
2010.06.28,3.71943301
2010.06.29,-121.62341610
2010.06.30,-140.28343500
2010.07.01,-146.08633390
2010.07.02,-148.01738090
2010.07.03,-141.47012045
2010.07.04,-134.92286000
2010.07.05,-128.37559955
2010.07.06,-121.82833910
2010.07.07,14.97243326
2010.07.08,101.06223150
2010.07.09,181.16369780
2010.07.10,159.99067623
2010.07.11,138.81765467
2010.07.12,117.64463310
2010.07.13,210.44760950
2010.07.14,168.44191630
2010.07.15,145.53483910
2010.07.16,36.27161384
2010.07.17,51.02114195
2010.07.18,65.77067007
2010.07.19,80.52019818
2010.07.20,166.00013680
2010.07.21,89.30548365
2010.07.22,190.63502780
2010.07.23,257.11861290
2010.07.24,275.48790363
2010.07.25,293.85719437
2010.07.26,312.22648510
2010.07.27,246.23258340
2010.07.28,151.62663450
2010.07.29,132.58041500
2010.07.30,135.03299530
2010.07.31,161.94025903
2010.08.01,188.84752277
2010.08.02,215.75478650
2010.08.03,143.44314400
2010.08.04,188.54947400
2010.08.05,128.17263870
2010.08.06,87.35958137
2010.08.07,102.53226071
2010.08.08,117.70494006
2010.08.09,132.87761940
2010.08.10,31.13115389
2010.08.11,-102.01772990
2010.08.12,-123.04993690
2010.08.13,-128.21722420
2010.08.14,-112.60953906
2010.08.15,-97.00185391
2010.08.16,-81.39416877
2010.08.17,10.24651450
2010.08.18,23.74806612
2010.08.19,-83.37684757
2010.08.20,-104.90176450
2010.08.21,-115.46152957
2010.08.22,-126.02129463
2010.08.23,-136.58105970
2010.08.24,-203.78395180
2010.08.25,-147.27350480
2010.08.26,-175.87070500
2010.08.27,-46.79195775
2010.08.28,-74.70986150
2010.08.29,-102.62776525
2010.08.30,-130.54566900
2010.08.31,-98.25236382
2010.09.01,23.99967395
2010.09.02,80.10516788
2010.09.03,149.87483930
2010.09.04,125.11326304
2010.09.05,100.35168677
2010.09.06,75.59011051
2010.09.07,50.82853425
2010.09.08,96.48980072
2010.09.09,112.69773460
2010.09.10,131.89202930
2010.09.11,146.89258327
2010.09.12,161.89313723
2010.09.13,176.89369120
2010.09.14,130.18564360
2010.09.15,112.69933470
2010.09.16,62.58504397
2010.09.17,73.12440014
2010.09.18,98.13957599
2010.09.19,123.15475185
2010.09.20,148.16992770
2010.09.21,72.49300407
2010.09.22,13.32676937
2010.09.23,-58.82699515
2010.09.24,39.47567117
2010.09.25,25.99280495
2010.09.26,12.50993873
2010.09.27,-0.97292749
2010.09.28,43.39838530
2010.09.29,40.66886581
2010.09.30,26.23178231
2010.10.01,67.50691701
2010.10.02,37.15781887
2010.10.03,6.80872073
2010.10.04,-23.54037741
2010.10.05,64.13188775
2010.10.06,33.92101502
2010.10.07,5.52111377
2010.10.08,68.26159262
2010.10.09,66.27885977
2010.10.10,64.29612693
2010.10.11,62.31339408
2010.10.12,59.06611736
2010.10.13,106.59436520
2010.10.14,46.74804523
2010.10.15,-4.60429855
2010.10.16,8.43462398
2010.10.17,21.47354650
2010.10.18,34.51246902
2010.10.19,-82.46525706
2010.10.20,-8.21888658
2010.10.21,-21.24714538
2010.10.22,-0.68007092
2010.10.23,5.36601208
2010.10.24,11.41209509
2010.10.25,17.45817809
2010.10.26,-9.77090990
2010.10.27,-70.00292557
2010.10.28,-70.65128435
2010.10.29,-41.80237468
2010.10.30,-42.26076480
2010.10.31,-42.71915492
2010.11.01,-43.17754504
2010.11.02,22.91257202
2010.11.03,27.25505925
2010.11.04,114.78161050
2010.11.05,112.39290380
2010.11.06,98.00813423
2010.11.07,83.62336466
2010.11.08,69.23859509
2010.11.09,-27.55453187
2010.11.10,-4.92488276
2010.11.11,-61.10190835
2010.11.12,-164.72775570
2010.11.13,-164.23657593
2010.11.14,-163.74539617
2010.11.15,-163.25421640
2010.11.16,-262.47806920
2010.11.17,-205.45207300
2010.11.18,-91.51758592
2010.11.19,-59.39601151
2010.11.20,-58.84236945
2010.11.21,-58.28872740
2010.11.22,-57.73508534
2010.11.23,-141.52631800
2010.11.24,-27.96019039
2010.11.25,-56.74077035
2010.11.26,-85.52135031
2010.11.27,-92.31707864
2010.11.28,-99.11280697
2010.11.29,-105.90853530
2010.11.30,-145.96003580
2010.12.01,-44.92426851
2010.12.02,19.13593385
2010.12.03,47.26172720
2010.12.04,43.04880876
2010.12.05,38.83589031
2010.12.06,34.62297187
2010.12.07,24.59372121
2010.12.08,-19.95425671
2010.12.09,-7.14300655
2010.12.10,29.39632737
2010.12.11,20.27771032
2010.12.12,11.15909328
2010.12.13,2.04047623
2010.12.14,-22.90897887
2010.12.15,-72.97621809
2010.12.16,-13.76882653
2010.12.17,0.97233738
2010.12.18,-1.36138480
2010.12.19,-3.69510698
2010.12.20,-6.02882916
2010.12.21,45.06531760
2010.12.22,67.07548649
2010.12.23,45.10880345
2010.12.24,46.01953895
2010.12.25,46.93027445
2010.12.26,47.84100994
2010.12.27,48.75174544
2010.12.28,28.27270212
2010.12.29,47.32175656
2010.12.30,35.02208933
2010.12.31,36.28076340
2011.01.01,57.09568424
2011.01.02,77.91060507
2011.01.03,98.72552591
2011.01.04,35.22217023
2011.01.05,51.45069027
2011.01.06,4.26882146
2011.01.07,-22.64302049
2011.01.08,-22.50849041
2011.01.09,-22.37396033
2011.01.10,-22.23943025
2011.01.11,-0.28316344
2011.01.12,53.04086049
2011.01.13,22.51769666
2011.01.14,33.65780309
2011.01.15,33.40942859
2011.01.16,33.16105409
2011.01.17,32.91267958
2011.01.18,32.66430508
2011.01.19,-64.24845725
2011.01.20,-125.63762670
2011.01.21,-107.14717850
2011.01.22,-83.69882214
2011.01.23,-60.25046579
2011.01.24,-36.80210943
2011.01.25,-60.32306479
2011.01.26,0.46813370
2011.01.27,-22.15773226
2011.01.28,-145.64205900
2011.01.29,-120.39235535
2011.01.30,-95.14265171
2011.01.31,-69.89294806
2011.02.01,32.47200653
2011.02.02,-21.66831733
2011.02.03,-40.24995264
2011.02.04,-68.98600107
2011.02.05,-48.24413154
2011.02.06,-27.50226200
2011.02.07,-6.76039247
2011.02.08,-3.97369515
2011.02.09,-69.62120047
2011.02.10,-87.50171152
2011.02.11,-14.35203991
2011.02.12,-19.53046343
2011.02.13,-24.70888696
2011.02.14,-29.88731048
2011.02.15,-87.37053026
2011.02.16,-5.68183053
2011.02.17,29.24041690
2011.02.18,44.35273636
2011.02.19,9.61505373
2011.02.20,-25.12262891
2011.02.21,-59.86031154
2011.02.22,-94.59799418
2011.02.23,-160.67787880
2011.02.24,-161.02279080
2011.02.25,-47.86257658
2011.02.26,-27.59881123
2011.02.27,-7.33504589
2011.02.28,12.92871946
2011.03.01,-70.95936602
2011.03.02,-22.02888228
2011.03.03,75.81682573
2011.03.04,-6.70417805
2011.03.05,-33.21149050
2011.03.06,-59.71880295
2011.03.07,-86.22611540
2011.03.08,3.11375875
2011.03.09,-35.36621764
2011.03.10,-142.08976640
2011.03.11,-116.92795170
2011.03.12,-136.09528793
2011.03.13,-155.26262417
2011.03.14,-174.42996040
2011.03.15,-248.72202800
2011.03.16,-311.99813570
2011.03.17,-192.93921710
2011.03.18,-92.67914564
2011.03.19,-54.75056002
2011.03.20,-16.82197440
2011.03.21,21.10661122
2011.03.22,-29.56209973
2011.03.23,-38.73603709
2011.03.24,21.76392665
2011.03.25,68.73257602
2011.03.26,57.83742013
2011.03.27,46.94226424
2011.03.28,36.04710835
2011.03.29,88.12079795
2011.03.30,147.05319860
2011.03.31,122.85513510
2011.04.01,165.65151520
2011.04.02,176.83906430
2011.04.03,188.02661340
2011.04.04,199.21416250
2011.04.05,154.66415520
2011.04.06,154.00057820
2011.04.07,67.71321697
2011.04.08,8.74895702
2011.04.09,-17.77043866
2011.04.10,-44.28983434
2011.04.11,-70.80923002
2011.04.12,-154.17743380
2011.04.13,-132.43636080
2011.04.14,-127.18556170
2011.04.15,-51.16020058
2011.04.16,-85.29103899
2011.04.17,-119.42187739
2011.04.18,-153.55271580
2011.04.19,-79.78055280
2011.04.20,35.54354936
2011.04.21,82.41793896
2011.04.22,69.19681731
2011.04.23,55.97569567
2011.04.24,42.75457402
2011.04.25,29.53345237
2011.04.26,96.31954908
2011.04.27,90.39006402
2011.04.28,78.31840397
2011.04.29,75.90554261
2011.04.30,63.60803455
2011.05.01,51.31052649
2011.05.02,39.01301843
2011.05.03,-38.47515483
2011.05.04,-118.28516720
2011.05.05,-163.23130190
2011.05.06,-87.69409062
2011.05.07,-62.45316191
2011.05.08,-37.21223321
2011.05.09,-11.97130450
2011.05.10,86.43153416
2011.05.11,-25.86619646
2011.05.12,-18.15142516
2011.05.13,-104.21453860
2011.05.14,-124.28550167
2011.05.15,-144.35646473
2011.05.16,-164.42742780
2011.05.17,-188.03731100
2011.05.18,-71.88357460
2011.05.19,-29.61271208
2011.05.20,-94.52306107
2011.05.21,-124.86497208
2011.05.22,-155.20688309
2011.05.23,-185.54879410
2011.05.24,-163.74805200
2011.05.25,-84.83967712
2011.05.26,-2.69881826
2011.05.27,73.69511017
2011.05.28,93.19469348
2011.05.29,112.69427678
2011.05.30,132.19386009
2011.05.31,151.69344340
2011.06.01,16.52355113
2011.06.02,11.17067547
2011.06.03,-73.11188660
2011.06.04,-104.36056363
2011.06.05,-135.60924067
2011.06.06,-166.85791770
2011.06.07,-114.17648480
2011.06.08,-179.46297720
2011.06.09,-102.93561330
2011.06.10,-190.19003910
2011.06.11,-193.89056703
2011.06.12,-197.59109497
2011.06.13,-201.29162290
2011.06.14,-59.42701903
2011.06.15,-159.68564760
2011.06.16,-159.55834680
2011.06.17,-83.70171284
2011.06.18,-56.64306932
2011.06.19,-29.58442579
2011.06.20,-2.52578227
2011.06.21,118.29226730
2011.06.22,53.05023832
2011.06.23,9.30305236
2011.06.24,-20.89730690
2011.06.25,2.94708622
2011.06.26,26.79147935
2011.06.27,50.63587247
2011.06.28,141.29356150
2011.06.29,190.29941780
2011.06.30,245.84792780
2011.07.01,317.66266420
2011.07.02,299.59098580
2011.07.03,281.51930740
2011.07.04,263.44762900
2011.07.05,245.37595060
2011.07.06,208.99393060
2011.07.07,269.84233390
2011.07.08,152.06850710
2011.07.09,104.68285227
2011.07.10,57.29719744
2011.07.11,9.91154260
2011.07.12,-35.08221975
2011.07.13,18.17352454
2011.07.14,-67.43368171
2011.07.15,-20.09067465
2011.07.16,-57.23109983
2011.07.17,-94.37152502
2011.07.18,-131.51195020
2011.07.19,-18.16958112
2011.07.20,-29.62100762
2011.07.21,71.93612776
2011.07.22,33.30779788
2011.07.23,-1.25678913
2011.07.24,-35.82137615
2011.07.25,-70.38596316
2011.07.26,-120.99219900
2011.07.27,-232.00556970
2011.07.28,-227.86197380
2011.07.29,-252.57988940
2011.07.30,-233.87019553
2011.07.31,-215.16050167
2011.08.01,-196.45080780
2011.08.02,-269.62818900
2011.08.03,-230.89670900
2011.08.04,-330.47681000
2011.08.05,-341.51541240
2011.08.06,-370.97555503
2011.08.07,-400.43569767
2011.08.08,-429.89584030
2011.08.09,-214.11162700
2011.08.10,-267.89556650
2011.08.11,-82.09135690
2011.08.12,-5.16830093
2011.08.13,45.16338385
2011.08.14,95.49506862
2011.08.15,145.82675340
2011.08.16,46.94839114
2011.08.17,88.47264943
2011.08.18,-47.31647298
2011.08.19,-99.22959028
2011.08.20,-93.12611272
2011.08.21,-87.02263517
2011.08.22,-80.91915761
2011.08.23,59.24085810
2011.08.24,129.78146720
2011.08.25,49.84478073
2011.08.26,165.34968990
2011.08.27,205.32633950
2011.08.28,245.30298910
2011.08.29,285.27963870
2011.08.30,298.39334680
2011.08.31,317.46360050
2011.09.01,214.63134930
2011.09.02,73.73661789
2011.09.03,52.82819827
2011.09.04,31.91977865
2011.09.05,11.01135903
2011.09.06,-9.89706059
2011.09.07,125.94562960
2011.09.08,15.76140159
2011.09.09,-97.07492038
2011.09.10,-97.48814727
2011.09.11,-97.90137417
2011.09.12,-98.31460106
2011.09.13,-3.33295504
2011.09.14,81.89301709
2011.09.15,162.30175820
2011.09.16,153.58972300
2011.09.17,115.98414344
2011.09.18,78.37856388
2011.09.19,40.77298432
2011.09.20,6.26080783
2011.09.21,-107.07840710
2011.09.22,-209.79804390
2011.09.23,-125.72434300
2011.09.24,-91.52046438
2011.09.25,-57.31658576
2011.09.26,-23.11270714
2011.09.27,90.93580509
2011.09.28,-31.00739598
2011.09.29,52.73620409
2011.09.30,-54.07669887
2011.10.01,-92.77824838
2011.10.02,-131.47979789
2011.10.03,-170.18134740
2011.10.04,-111.34991520
2011.10.05,-10.04229103
2011.10.06,113.02593910
2011.10.07,46.93414610
2011.10.08,91.63642820
2011.10.09,136.33871030
2011.10.10,181.04099240
2011.10.11,153.54714100
2011.10.12,130.67216240
2011.10.13,68.41069480
2011.10.14,170.73508660
2011.10.15,127.71297977
2011.10.16,84.69087293
2011.10.17,41.66876610
2011.10.18,150.10871830
2011.10.19,44.07433378
2011.10.20,45.49456338
2011.10.21,160.58138690
2011.10.22,188.81349593
2011.10.23,217.04560497
2011.10.24,245.27771400
2011.10.25,100.31668510
2011.10.26,185.87342200
2011.10.27,278.24506500
2011.10.28,216.78159440
2011.10.29,169.31986928
2011.10.30,121.85814415
2011.10.31,74.39641903
2011.11.01,-57.16488799
2011.11.02,54.73601895
2011.11.03,133.88761430
2011.11.04,58.84279024
2011.11.05,51.69027740
2011.11.06,44.53776456
2011.11.07,37.38525172
2011.11.08,105.65213000
2011.11.09,-45.10794967
2011.11.10,15.21772194
2011.11.11,123.87008260
2011.11.12,85.22955522
2011.11.13,46.58902784
2011.11.14,7.94850047
2011.11.15,47.79580528
2011.11.16,-58.97372813
2011.11.17,-157.31681060
2011.11.18,-110.76356200
2011.11.19,-145.54461353
2011.11.20,-180.32566507
2011.11.21,-215.10671660
2011.11.22,-247.44458030
2011.11.23,-336.60623080
2011.11.24,-318.53132080
2011.11.25,-300.45641080
2011.11.26,-249.33628477
2011.11.27,-198.21615873
2011.11.28,-147.09603270
2011.11.29,-123.38742930
2011.11.30,19.70036385
2011.12.01,-7.00807487
2011.12.02,36.19125040
2011.12.03,65.67607270
2011.12.04,95.16089500
2011.12.05,124.64571730
2011.12.06,117.20105780
2011.12.07,116.74986870
2011.12.08,-4.91964729
2011.12.09,110.72751470
2011.12.10,76.66907671
2011.12.11,42.61063871
2011.12.12,8.55220072
2011.12.13,-62.85045378
2011.12.14,-114.53547110
2011.12.15,-53.00348357
2011.12.16,-3.37861681
2011.12.17,-29.76323209
2011.12.18,-56.14784736
2011.12.19,-82.53246264
2011.12.20,54.35366148
2011.12.21,86.51952930
2011.12.22,157.43874860
2011.12.23,199.23748740
2011.12.24,194.22292097
2011.12.25,189.20835455
2011.12.26,184.19378812
2011.12.27,179.17922170
2011.12.28,60.48350833
2011.12.29,142.69625590
2011.12.30,118.42467380
2011.12.31,135.56359227
2012.01.01,152.70251075
2012.01.02,169.84142923
2012.01.03,186.98034770
2012.01.04,159.66054710
2012.01.05,169.90381490
2012.01.06,134.51228980
2012.01.07,141.60151800
2012.01.08,148.69074620
2012.01.09,155.77997440
2012.01.10,214.23494490
2012.01.11,190.19276990
2012.01.12,192.08574640
2012.01.13,114.79381260
2012.01.14,118.04166950
2012.01.15,121.28952640
2012.01.16,124.53738330
2012.01.17,127.78524020
2012.01.18,190.65398450
2012.01.19,203.30349100
2012.01.20,190.60230160
2012.01.21,187.04812547
2012.01.22,183.49394933
2012.01.23,179.93977320
2012.01.24,157.17361250
2012.01.25,204.27267700
2012.01.26,161.72101380
2012.01.27,168.93073670
2012.01.28,143.12062317
2012.01.29,117.31050965
2012.01.30,91.50039612
2012.01.31,91.33995292
2012.02.01,162.79607420
2012.02.02,146.52707760
2012.02.03,196.53445000
2012.02.04,172.92566040
2012.02.05,149.31687080
2012.02.06,125.70808120
2012.02.07,111.92299550
2012.02.08,101.67713230
2012.02.09,68.60853349
2012.02.10,-39.05816111
2012.02.11,-19.26140547
2012.02.12,0.53535017
2012.02.13,20.33210581
2012.02.14,-41.39087650
2012.02.15,-77.05707200
2012.02.16,-6.76638379
2012.02.17,-0.03401345
2012.02.18,-4.53242677
2012.02.19,-9.03084009
2012.02.20,-13.52925342
2012.02.21,-18.02766674
2012.02.22,-65.52210197
2012.02.23,-6.75223358
2012.02.24,-9.72023494
2012.02.25,-15.43324827
2012.02.26,-21.14626160
2012.02.27,-26.85927493
2012.02.28,-37.97885775
2012.02.29,-96.59620677
2012.03.01,-47.23105915
2012.03.02,-106.68770260
2012.03.03,-116.50503317
2012.03.04,-126.32236373
2012.03.05,-136.13969430
2012.03.06,-256.89044870
2012.03.07,-147.19789150
2012.03.08,-50.62476559
2012.03.09,-56.40161913
2012.03.10,-63.98735302
2012.03.11,-71.57308692
2012.03.12,-79.15882081
2012.03.13,3.47956586
2012.03.14,-81.43201137
2012.03.15,-53.47424984
2012.03.16,-70.10299249
2012.03.17,-57.10867916
2012.03.18,-44.11436582
2012.03.19,-31.12005249
2012.03.20,-88.78403853
2012.03.21,-89.54282639
2012.03.22,-158.89387590
2012.03.23,-80.69455383
2012.03.24,-53.28992279
2012.03.25,-25.88529174
2012.03.26,1.51933930
2012.03.27,-33.34537877
2012.03.28,-84.08798583
2012.03.29,-111.60247490
2012.03.30,-78.61935074
2012.03.31,-52.08812809
2012.04.01,-25.55690545
2012.04.02,0.97431720
2012.04.03,-50.87796830
2012.04.04,-142.85728260
2012.04.05,-148.28530980
2012.04.06,-166.33519400
2012.04.07,-184.38507820
2012.04.08,-202.43496240
2012.04.09,-220.48484660
2012.04.10,-299.86302630
2012.04.11,-176.38205480
2012.04.12,-58.37391396
2012.04.13,-131.08508390
2012.04.14,-117.93929221
2012.04.15,-104.79350052
2012.04.16,-91.64770883
2012.04.17,3.92948542
2012.04.18,-48.02166092
2012.04.19,-67.54978274
2012.04.20,-9.65857798
2012.04.21,-32.29348700
2012.04.22,-54.92839601
2012.04.23,-77.56330502
2012.04.24,-14.48403012
2012.04.25,70.57117007
2012.04.26,112.74051040
2012.04.27,147.78159380
2012.04.28,129.55533325
2012.04.29,111.32907271
2012.04.30,93.10281216
2012.05.01,121.23693980
2012.05.02,83.18543422
2012.05.03,8.33546978
2012.05.04,-71.40292716
2012.05.05,-63.90936541
2012.05.06,-56.41580366
2012.05.07,-48.92224191
2012.05.08,-75.85664481
2012.05.09,-121.65627610
2012.05.10,-69.60667941
2012.05.11,-100.25624090
2012.05.12,-130.97427217
2012.05.13,-161.69230343
2012.05.14,-192.41033470
2012.05.15,-208.49003330
2012.05.16,-230.39572540
2012.05.17,-305.72311350
2012.05.18,-333.64941480
2012.05.19,-279.46899497
2012.05.20,-225.28857513
2012.05.21,-171.10815530
2012.05.22,-135.37983770
2012.05.23,-75.90522692
2012.05.24,-32.47490858
2012.05.25,-14.27961186
2012.05.26,9.80248233
2012.05.27,33.88457652
2012.05.28,57.96667071
2012.05.29,82.04876490
2012.05.30,-33.90071680
2012.05.31,-25.71802007
2012.06.01,-122.34322430
2012.06.02,-121.21083543
2012.06.03,-120.07844657
2012.06.04,-118.94605770
2012.06.05,-19.69675005
2012.06.06,108.45989180
2012.06.07,85.74152106
2012.06.08,144.13860650
2012.06.09,109.47487817
2012.06.10,74.81114985
2012.06.11,40.14742152
2012.06.12,124.83422130
2012.06.13,47.21726392
2012.06.14,108.66867910
2012.06.15,158.01629560
2012.06.16,160.85033917
2012.06.17,163.68438273
2012.06.18,166.51842630
2012.06.19,250.75515590
2012.06.20,216.32378400
2012.06.21,92.10334201
2012.06.22,138.48434740
2012.06.23,101.90546004
2012.06.24,65.32657269
2012.06.25,28.74768533
2012.06.26,51.37910081
2012.06.27,121.57206550
2012.06.28,123.32919000
2012.06.29,219.36488560
2012.06.30,228.75278400
2012.07.01,238.14068240
2012.07.02,247.52858080
2012.07.03,296.92089730
2012.07.04,264.31881035
2012.07.05,231.71672340
2012.07.06,140.90857120
2012.07.07,126.47673351
2012.07.08,112.04489582
2012.07.09,97.61305813
2012.07.10,27.35732919
2012.07.11,19.75189430
2012.07.12,-32.24951201
2012.07.13,67.35053316
2012.07.14,56.85762848
2012.07.15,46.36472379
2012.07.16,35.87181911
2012.07.17,76.27815951
2012.07.18,92.94418975
2012.07.19,79.37892465
2012.07.20,9.28372838
2012.07.21,-20.70887545
2012.07.22,-50.70147927
2012.07.23,-80.69408309
2012.07.24,-149.82164150
2012.07.25,-125.02659570
2012.07.26,-42.55169855
2012.07.27,57.42709699
2012.07.28,51.00867522
2012.07.29,44.59025346
2012.07.30,38.17183169
2012.07.31,-0.03227930
2012.08.01,-45.39663280
2012.08.02,-82.45617188
2012.08.03,21.47020307
2012.08.04,31.28676959
2012.08.05,41.10333611
2012.08.06,50.91990263
2012.08.07,81.59479625
2012.08.08,64.06385631
2012.08.09,63.10458338
2012.08.10,56.36888210
2012.08.11,36.45525910
2012.08.12,16.54163610
2012.08.13,-3.37198690
2012.08.14,-14.18356996
2012.08.15,18.19344438
2012.08.16,73.53482441
2012.08.17,90.38403022
2012.08.18,77.48541382
2012.08.19,64.58679743
2012.08.20,51.68818103
2012.08.21,18.04478907
2012.08.22,-27.31053500
2012.08.23,-88.40278440
2012.08.24,-39.89464372
2012.08.25,-43.13666589
2012.08.26,-46.37868805
2012.08.27,-49.62071022
2012.08.28,-30.23839353
2012.08.29,-8.31532079
2012.08.30,-78.07951699
2012.08.31,-15.38750716
2012.09.01,-9.76785567
2012.09.02,-4.14820419
2012.09.03,1.47144730
2012.09.04,7.09109878
2012.09.05,-8.97514863
2012.09.06,72.93308557
2012.09.07,108.94996040
2012.09.08,90.98318645
2012.09.09,73.01641251
2012.09.10,55.04963856
2012.09.11,91.23961520
2012.09.12,95.52584715
2012.09.13,157.96294620
2012.09.14,179.80685120
2012.09.15,147.73268604
2012.09.16,115.65852088
2012.09.17,83.58435572
2012.09.18,42.44620029
2012.09.19,45.41084640
2012.09.20,-5.18143541
2012.09.21,10.33807082
2012.09.22,-3.95610002
2012.09.23,-18.25027086
2012.09.24,-32.54444170
2012.09.25,-108.79626770
2012.09.26,-141.39759760
2012.09.27,-58.56474667
2012.09.28,-92.99983539
2012.09.29,-80.14216928
2012.09.30,-67.28450318
2012.10.01,-54.42683707
2012.10.02,-45.57478932
2012.10.03,-49.57841455
2012.10.04,18.04637795
2012.10.05,27.62534365
2012.10.06,12.77597330
2012.10.07,-2.07339704
2012.10.08,-16.92276739
2012.10.09,-106.37678850
2012.10.10,-137.07809260
2012.10.11,-84.49231715
2012.10.12,-119.30901760
2012.10.13,-99.06626217
2012.10.14,-78.82350673
2012.10.15,-58.58075130
2012.10.16,18.63482009
2012.10.17,65.11095953
2012.10.18,45.52250396
2012.10.19,-51.00323807
2012.10.20,-52.46140249
2012.10.21,-53.91956690
2012.10.22,-55.37773132
2012.10.23,-123.64103440
2012.10.24,-128.48795340
2012.10.25,-87.33962929
2012.10.26,-105.47111410
2012.10.27,-99.16612688
2012.10.28,-92.86113966
2012.10.29,-86.55615243
2012.10.30,-80.25116521
2012.10.31,-73.94617799
2012.11.01,13.92737325
2012.11.02,-52.01037731
2012.11.03,-49.41595225
2012.11.04,-46.82152720
2012.11.05,-44.22710214
2012.11.06,22.59873363
2012.11.07,-79.82817045
2012.11.08,-144.20403260
2012.11.09,-131.62437460
2012.11.10,-128.68646477
2012.11.11,-125.74855493
2012.11.12,-122.81064510
2012.11.13,-166.21085310
2012.11.14,-265.93697670
2012.11.15,-281.77312760
2012.11.16,-164.10417090
2012.11.17,-115.71167795
2012.11.18,-67.31918499
2012.11.19,-18.92669204
2012.11.20,2.69468581
2012.11.21,58.16749045
2012.11.22,104.28669573
2012.11.23,150.40590100
2012.11.24,136.99317147
2012.11.25,123.58044193
2012.11.26,110.16771240
2012.11.27,78.21322270
2012.11.28,118.25106790
2012.11.29,164.64217010
2012.11.30,156.48335170
2012.12.01,137.71394953
2012.12.02,118.94454737
2012.12.03,100.17514520
2012.12.04,79.88075293
2012.12.05,72.22964377
2012.12.06,68.32679721
2012.12.07,70.99822942
2012.12.08,71.44125722
2012.12.09,71.88428501
2012.12.10,72.32731281
2012.12.11,110.70204250
2012.12.12,67.10892625
2012.12.13,-9.94873281
2012.12.14,-22.13328764
2012.12.15,-5.28566362
2012.12.16,11.56196040
2012.12.17,28.40958442
2012.12.18,90.98169211
2012.12.19,69.47593572
2012.12.20,108.34113430
2012.12.21,35.07917347
2012.12.22,21.67438267
2012.12.23,8.26959187
2012.12.24,-5.13519893
2012.12.25,-32.28900514
2012.12.26,-59.44281134
2012.12.27,-80.37860590
2012.12.28,-130.52681720
2012.12.29,-88.90151273
2012.12.30,-47.27620827
2012.12.31,-5.65090380
2013.01.01,56.09767645
2013.01.02,117.84625670
2013.01.03,114.49709760
2013.01.04,173.66108110
2013.01.05,158.78338127
2013.01.06,143.90568143
2013.01.07,129.02798160
2013.01.08,103.67154160
2013.01.09,134.97342770
2013.01.10,150.56167320
2013.01.11,119.38681470
2013.01.12,110.26966869
2013.01.13,101.15252268
2013.01.14,92.03537667
2013.01.15,89.98972024
2013.01.16,52.69073538
2013.01.17,112.73664970
2013.01.18,131.21222310
2013.01.19,137.93486165
2013.01.20,144.65750020
2013.01.21,151.38013875
2013.01.22,158.10277730
2013.01.23,116.05368720
2013.01.24,103.97144680
2013.01.25,111.12127400
2013.01.26,93.90710596
2013.01.27,76.69293792
2013.01.28,59.47876988
2013.01.29,58.67703501
2013.01.30,-15.15183348
2013.01.31,-21.89975687
2013.02.01,47.24026742
2013.02.02,10.83310723
2013.02.03,-25.57405297
2013.02.04,-61.98121316
2013.02.05,1.84432702
2013.02.06,12.60594223
2013.02.07,-31.35590647
2013.02.08,11.21349242
2013.02.09,0.21041528
2013.02.10,-10.79266185
2013.02.11,-21.79573899
2013.02.12,7.44034685
2013.02.13,5.24999851
2013.02.14,-11.04899931
2013.02.15,-26.57939745
2013.02.16,-15.39079581
2013.02.17,-4.20219416
2013.02.18,6.98640748
2013.02.19,18.17500912
2013.02.20,-80.55084830
2013.02.21,-141.70870220
2013.02.22,-57.99012370
2013.02.23,-88.48367863
2013.02.24,-118.97723357
2013.02.25,-149.47078850
2013.02.26,-92.08940295
2013.02.27,-16.26787129
2013.02.28,-23.45912237
2013.03.01,-14.39034644
2013.03.02,-11.71509472
2013.03.03,-9.03984300
2013.03.04,-6.36459128
2013.03.05,54.97925234
2013.03.06,51.00334237
2013.03.07,52.79892264
2013.03.08,83.92014915
2013.03.09,78.98316513
2013.03.10,74.04618110
2013.03.11,69.10919708
2013.03.12,16.90028707
2013.03.13,7.87716757
2013.03.14,42.37301457
2013.03.15,11.70509867
2013.03.16,-4.63809919
2013.03.17,-20.98129705
2013.03.18,-37.32449491
2013.03.19,-68.50817495
2013.03.20,2.57231949
2013.03.21,-57.76671935
2013.03.22,-21.46776397
2013.03.23,-33.55344875
2013.03.24,-45.63913352
2013.03.25,-57.72481830
2013.03.26,-12.03597566
2013.03.27,-17.06183533
2013.03.28,10.72636384
2013.03.29,-7.17231654
2013.03.30,-25.07099693
2013.03.31,-42.96967731
2013.04.01,-60.86835770
2013.04.02,-69.17750282
2013.04.03,-159.38593440
2013.04.04,-110.16721370
2013.04.05,-111.43437150
2013.04.06,-90.32645416
2013.04.07,-69.21853681
2013.04.08,-48.11061947
2013.04.09,-28.12825843
2013.04.10,44.74730155
2013.04.11,54.63216883
2013.04.12,4.86056951
2013.04.13,-37.34910393
2013.04.14,-79.55877736
2013.04.15,-121.76845080
2013.04.16,-16.17742083
2013.04.17,-109.96620310
2013.04.18,-119.55578100
2013.04.19,-43.05709116
2013.04.20,-35.54986941
2013.04.21,-28.04264765
2013.04.22,-20.53542590
2013.04.23,65.87327503
2013.04.24,94.42334795
2013.04.25,115.46154360
2013.04.26,61.97189309
2013.04.27,79.64072289
2013.04.28,97.30955270
2013.04.29,114.97838250
2013.04.30,137.92403900
2013.05.01,38.40295509
2013.05.02,100.82041360
2013.05.03,144.13323860
2013.05.04,143.17050497
2013.05.05,142.20777133
2013.05.06,141.24503770
2013.05.07,184.36940080
2013.05.08,191.41888420
2013.05.09,103.38909810
2013.05.10,113.60668550
2013.05.11,90.14602011
2013.05.12,66.68535471
2013.05.13,43.22468932
2013.05.14,73.33195913
2013.05.15,59.20701501
2013.05.16,1.63415272
2013.05.17,53.70118470
2013.05.18,51.85078684
2013.05.19,50.00038898
2013.05.20,48.14999112
2013.05.21,36.36297065
2013.05.22,-74.49674671
2013.05.23,-105.95932130
2013.05.24,-122.38002600
2013.05.25,-115.46197659
2013.05.26,-108.54392718
2013.05.27,-101.62587777
2013.05.28,-94.70782836
2013.05.29,-191.42456030
2013.05.30,-149.96024320
2013.05.31,-248.90845090
2013.06.01,-246.19384270
2013.06.02,-243.47923450
2013.06.03,-240.76462630
2013.06.04,-255.79783310
2013.06.05,-324.72223570
2013.06.06,-198.82898880
2013.06.07,-118.84611770
2013.06.08,-121.13625593
2013.06.09,-123.42639417
2013.06.10,-125.71653240
2013.06.11,-227.81215420
2013.06.12,-302.21485010
2013.06.13,-154.36808090
2013.06.14,-147.53725280
2013.06.15,-123.66123804
2013.06.16,-99.78522328
2013.06.17,-75.90920852
2013.06.18,-12.88768461
2013.06.19,-121.13984320
2013.06.20,-244.63973970
2013.06.21,-209.25895240
2013.06.22,-236.75999643
2013.06.23,-264.26104047
2013.06.24,-291.76208450
2013.06.25,-152.79345210
2013.06.26,-54.86130406
2013.06.27,61.19498901
2013.06.28,58.61714463
2013.06.29,78.70143042
2013.06.30,98.78571621
2013.07.01,118.87000200
2013.07.02,69.84184499
2013.07.03,29.77356154
2013.07.04,39.26993646
2013.07.05,48.76631138
2013.07.06,55.18130123
2013.07.07,61.59629109
2013.07.08,68.01128094
2013.07.09,131.92567350
2013.07.10,122.96285080
2013.07.11,216.58482310
2013.07.12,185.09868530
2013.07.13,187.51663823
2013.07.14,189.93459117
2013.07.15,192.35254410
2013.07.16,117.84283060
2013.07.17,143.64781150
2013.07.18,172.59283100
2013.07.19,167.42785860
2013.07.20,164.31012833
2013.07.21,161.19239807
2013.07.22,158.07466780
2013.07.23,149.78731640
2013.07.24,42.30269439
2013.07.25,49.99182907
2013.07.26,27.91608008
2013.07.27,3.26129815
2013.07.28,-21.39348378
2013.07.29,-46.04826571
2013.07.30,-44.95754003
2013.07.31,-40.45018187
2013.08.01,-6.64413974
2013.08.02,-10.15675301
2013.08.03,-21.37425321
2013.08.04,-32.59175340
2013.08.05,-43.80925360
2013.08.06,-121.36309530
2013.08.07,-169.61481450
2013.08.08,-107.07196040
2013.08.09,-100.01246030
2013.08.10,-93.28381533
2013.08.11,-86.55517037
2013.08.12,-79.82652540
2013.08.13,-106.41841840
2013.08.14,-150.67239490
2013.08.15,-240.05618280
2013.08.16,-254.17904050
2013.08.17,-274.36375657
2013.08.18,-294.54847263
2013.08.19,-314.73318870
2013.08.20,-185.23331940
2013.08.21,-227.38476460
2013.08.22,-85.68732643
2013.08.23,-13.15758015
2013.08.24,-20.24800649
2013.08.25,-27.33843283
2013.08.26,-34.42885917
2013.08.27,-118.09365840
2013.08.28,-99.08659352
2013.08.29,-36.64012005
2013.08.30,-86.26518464
2013.08.31,-78.47721071
2013.09.01,-70.68923679
2013.09.02,-62.90126286
2013.09.03,-55.11328893
2013.09.04,23.09714834
2013.09.05,16.25158647
2013.09.06,43.06737313
2013.09.07,73.62142672
2013.09.08,104.17548031
2013.09.09,134.72953390
2013.09.10,166.87703360
2013.09.11,151.07876080
2013.09.12,72.71584364
2013.09.13,99.70197029
2013.09.14,113.57684643
2013.09.15,127.45172256
2013.09.16,141.32659870
2013.09.17,174.30902300
2013.09.18,260.63745070
2013.09.19,194.09506910
2013.09.20,97.43085753
2013.09.21,84.43583913
2013.09.22,71.44082072
2013.09.23,58.44580232
2013.09.24,15.67135110
2013.09.25,11.62083856
2013.09.26,40.99954614
2013.09.27,-20.93665661
2013.09.28,-30.65357997
2013.09.29,-40.37050332
2013.09.30,-50.08742668
2013.10.01,20.48910205
2013.10.02,-3.42041140
2013.10.03,-92.84594335
2013.10.04,-32.79054344
2013.10.05,-60.68677023
2013.10.06,-88.58299701
2013.10.07,-116.47922380
2013.10.08,-193.40064940
2013.10.09,-173.35146500
2013.10.10,-41.09265507
2013.10.11,36.69409072
2013.10.12,43.50215645
2013.10.13,50.31022219
2013.10.14,57.11828792
2013.10.15,-34.45461492
2013.10.16,62.12282623
2013.10.17,156.03592430
2013.10.18,200.25144350
2013.10.19,188.60244740
2013.10.20,176.95345130
2013.10.21,165.30445520
2013.10.22,209.39825790
2013.10.23,161.15146800
2013.10.24,158.19470520
2013.10.25,153.92569960
2013.10.26,140.30249013
2013.10.27,126.67928067
2013.10.28,113.05607120
2013.10.29,123.34725860
2013.10.30,34.47948756
2013.10.31,-10.97485414
2013.11.01,-31.58344202
2013.11.02,-15.02091716
2013.11.03,1.54160769
2013.11.04,18.10413255
2013.11.05,-46.50351185
2013.11.06,-38.11053025
2013.11.07,-125.89397830
2013.11.08,-90.16935656
2013.11.09,-84.92089043
2013.11.10,-79.67242429
2013.11.11,-74.42395816
2013.11.12,-110.63952270
2013.11.13,-52.40063283
2013.11.14,-2.79437880
2013.11.15,40.78294029
2013.11.16,26.00117133
2013.11.17,11.21940237
2013.11.18,-3.56236658
2013.11.19,-64.85979213
2013.11.20,-112.09479200
2013.11.21,-24.42024296
2013.11.22,11.51359770
2013.11.23,4.23555296
2013.11.24,-3.04249178
2013.11.25,-10.32053652
2013.11.26,0.41288140
2013.11.27,1.13788932
2013.11.28,7.46998548
2013.11.29,13.80208164
2013.11.30,-10.46162702
2013.12.01,-34.72533567
2013.12.02,-58.98904433
2013.12.03,-87.88051182
2013.12.04,-114.94331400
2013.12.05,-149.40729320
2013.12.06,-60.92695902
2013.12.07,-58.04185218
2013.12.08,-55.15674533
2013.12.09,-52.27163849
2013.12.10,-77.80998124
2013.12.11,-173.50621440
2013.12.12,-174.80896270
2013.12.13,-126.29876760
2013.12.14,-102.32953074
2013.12.15,-78.36029387
2013.12.16,-54.39105701
2013.12.17,-56.03800916
2013.12.18,40.38403680
2013.12.19,9.72296591
2013.12.20,89.55913547
2013.12.21,107.31317858
2013.12.22,125.06722169
2013.12.23,142.82126480
2013.12.24,171.69627900
2013.12.25,163.96110690
2013.12.26,156.22593480
2013.12.27,144.46766080
2013.12.28,135.74243993
2013.12.29,127.01721907
2013.12.30,118.29199820
2013.12.31,146.47034670
2014.01.01,108.97541483
2014.01.02,71.48048295
2014.01.03,102.20674700
2014.01.04,92.41005436
2014.01.05,82.61336171
2014.01.06,72.81666907
2014.01.07,108.52406910
2014.01.08,69.51127574
2014.01.09,62.70778105
2014.01.10,115.37725420
2014.01.11,82.54575862
2014.01.12,49.71426304
2014.01.13,16.88276746
2014.01.14,70.83556746
2014.01.15,100.66103360
2014.01.16,102.20850200
2014.01.17,52.17054500
2014.01.18,60.30971850
2014.01.19,68.44889201
2014.01.20,76.58806551
2014.01.21,84.72723902
2014.01.22,107.28957620
2014.01.23,30.69392663
2014.01.24,-96.84882340
2014.01.25,-119.55375913
2014.01.26,-142.25869487
2014.01.27,-164.96363060
2014.01.28,-70.42697252
2014.01.29,-154.54599500
2014.01.30,-55.89502931
2014.01.31,-91.41897848
2014.02.01,-125.24093902
2014.02.02,-159.06289956
2014.02.03,-192.88486010
2014.02.04,-113.07376460
2014.02.05,-127.01990910
2014.02.06,-34.40876317
2014.02.07,52.94581046
2014.02.08,58.07028759
2014.02.09,63.19476473
2014.02.10,68.31924186
2014.02.11,140.47192950
2014.02.12,123.11011780
2014.02.13,173.25021820
2014.02.14,193.40375290
2014.02.15,196.75731625
2014.02.16,200.11087960
2014.02.17,203.46444295
2014.02.18,206.81800630
2014.02.19,121.70310300
2014.02.20,144.57134510
2014.02.21,137.00083540
2014.02.22,139.08157210
2014.02.23,141.16230880
2014.02.24,143.24304550
2014.02.25,100.71391980
2014.02.26,100.94794780
2014.02.27,127.44330190
2014.02.28,128.30961320
2014.03.01,101.82599592
2014.03.02,75.34237863
2014.03.03,48.85876135
2014.03.04,132.23398920
2014.03.05,95.00863901
2014.03.06,87.65592143
2014.03.07,36.58106829
2014.03.08,23.74710003
2014.03.09,10.91313177
2014.03.10,-1.92083649
2014.03.11,-71.38036089
2014.03.12,-67.21135245
2014.03.13,-127.66079350
2014.03.14,-99.40676157
2014.03.15,-75.97201788
2014.03.16,-52.53727418
2014.03.17,-29.10253049
2014.03.18,42.60309973
2014.03.19,-56.35160193
2014.03.20,-63.52611383
2014.03.21,-39.89269094
2014.03.22,-55.22401093
2014.03.23,-70.55533093
2014.03.24,-85.88665092
2014.03.25,-57.68205344
2014.03.26,-112.52871230
2014.03.27,-103.85996210
2014.03.28,-36.67888089
2014.03.29,-11.77114127
2014.03.30,13.13659836
2014.03.31,38.04433798
2014.04.01,88.44246842
2014.04.02,86.89065760
2014.04.03,34.77940607
2014.04.04,-28.39961103
2014.04.05,-53.82496489
2014.04.06,-79.25031874
2014.04.07,-104.67567260
2014.04.08,-43.96832686
2014.04.09,21.60629537
2014.04.10,-78.68543409
2014.04.11,-153.34143560
2014.04.12,-132.82949365
2014.04.13,-112.31755169
2014.04.14,-91.80560974
2014.04.15,-55.23345057
2014.04.16,34.06191277
2014.04.17,45.93913887
2014.04.18,50.44547203
2014.04.19,54.95180518
2014.04.20,59.45813834
2014.04.21,63.96447149
2014.04.22,118.50630850
2014.04.23,85.99704763
2014.04.24,67.42164434
2014.04.25,-2.49743369
2014.04.26,-4.72020854
2014.04.27,-6.94298340
2014.04.28,-9.16575825
2014.04.29,11.22865305
2014.04.30,50.15973145
2014.05.01,52.39500482
2014.05.02,55.19418853
2014.05.03,47.94996557
2014.05.04,40.70574261
2014.05.05,33.46151965
2014.05.06,-40.48721983
2014.05.07,0.03904401
2014.05.08,-39.56119563
2014.05.09,-25.87159454
2014.05.10,1.42306110
2014.05.11,28.71771673
2014.05.12,56.01237237
2014.05.13,6.24310221
2014.05.14,-45.24083929
2014.05.15,-111.73340510
2014.05.16,-52.42588179
2014.05.17,-38.08586119
2014.05.18,-23.74584058
2014.05.19,-9.40581998
2014.05.20,-83.07663803
2014.05.21,-38.44980427
2014.05.22,1.79838761
2014.05.23,47.15159974
2014.05.24,57.58690933
2014.05.25,68.02221892
2014.05.26,78.45752851
2014.05.27,88.89283810
2014.05.28,65.33713271
2014.05.29,95.67031895
2014.05.30,74.37684158
2014.05.31,64.38423913
2014.06.01,54.39163667
2014.06.02,44.39903422
2014.06.03,-10.75398624
2014.06.04,-15.75604880
2014.06.05,62.54596795
2014.06.06,115.58146240
2014.06.07,117.10394257
2014.06.08,118.62642273
2014.06.09,120.14890290
2014.06.10,64.15331999
2014.06.11,-6.74367000
2014.06.12,-50.82687809
2014.06.13,-33.71388662
2014.06.14,-36.03049424
2014.06.15,-38.34710185
2014.06.16,-40.66370947
2014.06.17,-12.10248947
2014.06.18,45.62786608
2014.06.19,45.20918075
2014.06.20,47.87515888
2014.06.21,40.10517072
2014.06.22,32.33518255
2014.06.23,24.56519439
2014.06.24,-33.38765122
2014.06.25,16.82960404
2014.06.26,0.18120927
2014.06.27,35.54592569
2014.06.28,39.91562666
2014.06.29,44.28532763
2014.06.30,48.65502860
2014.07.01,78.47003645
2014.07.02,14.36951798
2014.07.03,20.29172709
2014.07.04,1.05723463
2014.07.05,-18.17725783
2014.07.06,-37.41175029
2014.07.07,-56.64624275
2014.07.08,-96.64497575
2014.07.09,-72.96066758
2014.07.10,-137.74578080
2014.07.11,-124.69832360
2014.07.12,-108.08863446
2014.07.13,-91.47894531
2014.07.14,-74.86925617
2014.07.15,-122.54105720
2014.07.16,-99.93774180
2014.07.17,-192.86221840
2014.07.18,-73.74833484
2014.07.19,-86.74463079
2014.07.20,-99.74092675
2014.07.21,-112.73722270
2014.07.22,-48.60903572
2014.07.23,-27.38639067
2014.07.24,-41.20409719
2014.07.25,-93.46221579
2014.07.26,-98.76667589
2014.07.27,-104.07113600
2014.07.28,-109.37559610
2014.07.29,-134.38465830
2014.07.30,-157.99548320
2014.07.31,-269.34276100
2014.08.01,-275.09796980
2014.08.02,-249.96304100
2014.08.03,-224.82811220
2014.08.04,-199.69318340
2014.08.05,-239.37362520
2014.08.06,-176.95353480
2014.08.07,-164.94958980
2014.08.08,-58.66146885
2014.08.09,-30.77158528
2014.08.10,-2.88170170
2014.08.11,25.00818187
2014.08.12,-6.22930766
2014.08.13,58.79378532
2014.08.14,104.24456090
2014.08.15,86.18375121
2014.08.16,111.79278087
2014.08.17,137.40181054
2014.08.18,163.01084020
2014.08.19,180.58294700
2014.08.20,151.70418370
2014.08.21,158.20432010
2014.08.22,93.87091509
2014.08.23,99.84610983
2014.08.24,105.82130456
2014.08.25,111.79649930
2014.08.26,141.61389120
2014.08.27,127.94969190
2014.08.28,77.87705302
2014.08.29,124.27556150
2014.08.30,116.05039824
2014.08.31,107.82523498
2014.09.01,99.60007172
2014.09.02,91.37490846
2014.09.03,58.43797557
2014.09.04,-8.56529194
2014.09.05,22.73974080
2014.09.06,6.84044223
2014.09.07,-9.05885634
2014.09.08,-24.95815491
2014.09.09,-113.41506500
2014.09.10,-97.42864774
2014.09.11,-84.67311777
2014.09.12,-171.34377410
2014.09.13,-181.47600483
2014.09.14,-191.60823557
2014.09.15,-201.74046630
2014.09.16,-131.82093590
2014.09.17,-114.43063260
2014.09.18,-66.68977024
2014.09.19,-92.88788402
2014.09.20,-123.48286665
2014.09.21,-154.07784927
2014.09.22,-184.67283190
2014.09.23,-224.57559820
2014.09.24,-162.06958530
2014.09.25,-241.41659640
2014.09.26,-139.40120790
2014.09.27,-141.74448683
2014.09.28,-144.08776577
2014.09.29,-146.43104470
2014.09.30,-161.10940000
2014.10.01,-215.10384670
2014.10.02,-167.79357940
2014.10.03,-82.90433301
2014.10.04,-77.23939056
2014.10.05,-71.57444810
2014.10.06,-65.90950565
2014.10.07,-134.19938070
2014.10.08,-12.01622703
2014.10.09,-122.93954950
2014.10.10,-192.06429240
2014.10.11,-197.61140367
2014.10.12,-203.15851493
2014.10.13,-208.70562620
2014.10.14,-134.49043840
2014.10.15,-115.21400070
2014.10.16,-22.40657640
2014.10.17,41.00580423
2014.10.18,68.47665635
2014.10.19,95.94750848
2014.10.20,123.41836060
2014.10.21,217.01400460
2014.10.22,132.50321010
2014.10.23,207.18396480
2014.10.24,223.55009020
2014.10.25,207.49185247
2014.10.26,191.43361473
2014.10.27,175.37537700
2014.10.28,261.35912040
2014.10.29,203.01842530
2014.10.30,218.72203890
2014.10.31,273.80501830
2014.11.01,259.56399243
2014.11.02,245.32296657
2014.11.03,231.08194070
2014.11.04,167.49829950
2014.11.05,167.89679490
2014.11.06,161.99802440
2014.11.07,169.99458560
2014.11.08,167.24028120
2014.11.09,164.48597680
2014.11.10,161.73167240
2014.11.11,138.60822330
2014.11.12,114.24463320
2014.11.13,47.14254050
2014.11.14,41.88453853
2014.11.15,31.94953374
2014.11.16,22.01452895
2014.11.17,12.07952416
2014.11.18,36.18583925
2014.11.19,-15.83419054
2014.11.20,29.01785494
2014.11.21,71.47126455
2014.11.22,77.80136751
2014.11.23,84.13147048
2014.11.24,90.46157344
2014.11.25,78.69597968
2014.11.26,91.09291711
2014.11.27,62.73987557
2014.11.28,34.38683403
2014.11.29,0.86828896
2014.11.30,-32.65025610
2014.12.01,-66.16880117
2014.12.02,-11.36302526
2014.12.03,28.30272826
2014.12.04,-26.92456611
2014.12.05,-22.65927997
2014.12.06,-45.03924129
2014.12.07,-67.41920260
2014.12.08,-89.79916392
2014.12.09,-53.85476888
2014.12.10,-159.30303730
2014.12.11,-127.46479160
2014.12.12,-208.55576750
2014.12.13,-226.86910270
2014.12.14,-245.18243790
2014.12.15,-263.49577310
2014.12.16,-254.70199910
2014.12.17,-98.05981224
2014.12.18,11.75955655
2014.12.19,53.29631909
2014.12.20,58.19546922
2014.12.21,63.09461934
2014.12.22,67.99376947
2014.12.23,100.47012070
2014.12.24,79.43505038
2014.12.25,97.06897019
2014.12.26,114.70289000
2014.12.27,111.69638617
2014.12.28,108.68988233
2014.12.29,105.68337850
2014.12.30,59.29327918
2014.12.31,1.28327790
2015.01.01,7.33079415
2015.01.02,13.37831041
2015.01.03,-17.14690250
2015.01.04,-47.67211542
2015.01.05,-78.19732833
2015.01.06,-124.90351280
2015.01.07,-27.41278300
2015.01.08,59.27885492
2015.01.09,7.20381106
2015.01.10,-7.88291612
2015.01.11,-22.96964331
2015.01.12,-38.05637049
2015.01.13,-53.21354387
2015.01.14,-81.75685938
2015.01.15,-119.60260990
2015.01.16,-4.21271345
2015.01.17,-13.39285721
2015.01.18,-22.57300096
2015.01.19,-31.75314472
2015.01.20,-40.93328847
2015.01.21,3.82528634
2015.01.22,89.42474137
2015.01.23,57.96515171
2015.01.24,73.98589341
2015.01.25,90.00663510
2015.01.26,106.02737680
2015.01.27,68.19044236
2015.01.28,-22.80108880
2015.01.29,31.66515751
2015.01.30,-33.62452769
2015.01.31,-8.94271376
2015.02.01,15.73910018
2015.02.02,40.42091411
2015.02.03,125.27766230
2015.02.04,57.10379364
2015.02.05,124.67961700
2015.02.06,60.68354788
2015.02.07,47.02686227
2015.02.08,33.37017665
2015.02.09,19.71349104
2015.02.10,31.18552499
2015.02.11,0.08818639
2015.02.12,78.34952096
2015.02.13,100.57121440
2015.02.14,89.88288736
2015.02.15,79.19456032
2015.02.16,68.50623328
2015.02.17,57.81790624
2015.02.18,53.67473822
2015.02.19,32.11395587
2015.02.20,76.76891719
2015.02.21,70.15096630
2015.02.22,63.53301542
2015.02.23,56.91506453
2015.02.24,77.95544518
2015.02.25,67.40519341
2015.02.26,34.09770218
2015.02.27,24.59930867
2015.02.28,31.11793434
2015.03.01,37.63656000
2015.03.02,44.15518567
2015.03.03,1.05468458
2015.03.04,-44.45151728
2015.03.05,-32.33706228
2015.03.06,-146.96751790
2015.03.07,-139.74225190
2015.03.08,-132.51698590
2015.03.09,-125.29171990
2015.03.10,-187.83245410
2015.03.11,-156.66561940
2015.03.12,-72.18464777
2015.03.13,-128.69249370
2015.03.14,-108.63274232
2015.03.15,-88.57299095
2015.03.16,-68.51323957
2015.03.17,-72.36741107
2015.03.18,32.29910936
2015.03.19,-22.07251122
2015.03.20,69.05011574
2015.03.21,72.47164756
2015.03.22,75.89317939
2015.03.23,79.31471121
2015.03.24,45.09436679
2015.03.25,-39.83949953
2015.03.26,-72.65875774
2015.03.27,-43.65592971
2015.03.28,-18.71736384
2015.03.29,6.22120202
2015.03.30,31.15976789
2015.03.31,-5.72860949
2015.04.01,-1.28952911
2015.04.02,37.46233227
2015.04.03,52.03621472
2015.04.04,66.61009717
2015.04.05,81.18397963
2015.04.06,95.75786208
2015.04.07,60.97175076
2015.04.08,78.77476683
2015.04.09,59.85247173
2015.04.10,75.32464707
2015.04.11,53.90867596
2015.04.12,32.49270485
2015.04.13,11.07673374
2015.04.14,41.93938418
2015.04.15,79.56725338
2015.04.16,42.29124529
2015.04.17,-64.64119786
2015.04.18,-42.79254216
2015.04.19,-20.94388647
2015.04.20,0.90476923
2015.04.21,-6.85795275
2015.04.22,11.43920973
2015.04.23,56.57608759
2015.04.24,43.83523773
2015.04.25,25.66437012
2015.04.26,7.49350251
2015.04.27,-10.67736510
2015.04.28,21.36774632
2015.04.29,-40.49052216
2015.04.30,-125.42688910
2015.05.01,-81.67034837
2015.05.02,-72.51361702
2015.05.03,-63.35688567
2015.05.04,-54.20015432
2015.05.05,-144.54213760
2015.05.06,-184.21182270
2015.05.07,-138.75834430
2015.05.08,-27.40182852
2015.05.09,-42.56955182
2015.05.10,-57.73727511
2015.05.11,-72.90499841
2015.05.12,-81.99568367
2015.05.13,-67.50824115
2015.05.14,18.61606341
2015.05.15,36.70926349
2015.05.16,40.53797674
2015.05.17,44.36669000
2015.05.18,48.19540325
2015.05.19,6.87507572
2015.05.20,5.66182030
2015.05.21,18.09617782
2015.05.22,-27.61292739
2015.05.23,-50.26123247
2015.05.24,-72.90953755
2015.05.25,-95.55784262
2015.05.26,-118.20614770
2015.05.27,-33.67232034
2015.05.28,-60.02753634
2015.05.29,-109.96110830
2015.05.30,-102.04224115
2015.05.31,-94.12337401
2015.06.01,-86.20450686
2015.06.02,-60.91159005
2015.06.03,-51.43158824
2015.06.04,-128.86902870
2015.06.05,-118.88369520
2015.06.06,-133.88973567
2015.06.07,-148.89577613
2015.06.08,-163.90181660
2015.06.09,-183.37280130
2015.06.10,-86.85362920
2015.06.11,-52.64546891
2015.06.12,-86.88426452
2015.06.13,-96.36418081
2015.06.14,-105.84409711
2015.06.15,-115.32401340
2015.06.16,-51.86337870
2015.06.17,-33.79521911
2015.06.18,28.52203344
2015.06.19,1.01067420
2015.06.20,12.93491903
2015.06.21,24.85916386
2015.06.22,36.78340869
2015.06.23,63.53517962
2015.06.24,-4.35973212
2015.06.25,-43.53808301
2015.06.26,-58.96788260
2015.06.27,-98.16709567
2015.06.28,-137.36630873
2015.06.29,-176.56552180
2015.06.30,-112.32867580
2015.07.01,-52.04452901
2015.07.02,-37.84136088
2015.07.03,-45.10813199
2015.07.04,-52.37490311
2015.07.05,-59.64167422
2015.07.06,-66.90844533
2015.07.07,-20.67626030
2015.07.08,-113.29436080
2015.07.09,-64.61636493
2015.07.10,44.27640336
2015.07.11,67.30371497
2015.07.12,90.33102659
2015.07.13,113.35833820
2015.07.14,146.35660090
2015.07.15,99.88833241
2015.07.16,152.05852120
2015.07.17,88.95374004
2015.07.18,68.25395451
2015.07.19,47.55416897
2015.07.20,26.85438344
2015.07.21,-2.87483838
2015.07.22,-24.62894884
2015.07.23,-73.80556853
2015.07.24,-129.58255050
2015.07.25,-145.09635280
2015.07.26,-160.61015510
2015.07.27,-176.12395740
2015.07.28,-73.28624047
2015.07.29,13.30643870
2015.07.30,19.62664720
2015.07.31,64.38229223
2015.08.01,52.18034724
2015.08.02,39.97840226
2015.08.03,27.77645727
2015.08.04,18.13958610
2015.08.05,18.55936331
2015.08.06,-8.62452399
2015.08.07,-28.17362501
2015.08.08,1.98517057
2015.08.09,32.14396616
2015.08.10,62.30276174
2015.08.11,19.29855860
2015.08.12,9.98347213
2015.08.13,-18.78084417
2015.08.14,46.61956962
2015.08.15,57.63098827
2015.08.16,68.64240691
2015.08.17,79.65382556
2015.08.18,26.89984526
2015.08.19,-48.48930712
2015.08.20,-145.30458590
2015.08.21,-229.00512630
2015.08.22,-264.26143843
2015.08.23,-299.51775057
2015.08.24,-334.77406270
2015.08.25,-294.68263300
2015.08.26,-146.73104750
2015.08.27,8.00121341
2015.08.28,61.65729040
2015.08.29,56.06317685
2015.08.30,50.46906331
2015.08.31,44.87494976
2015.09.01,-65.54832623
2015.09.02,29.86751443
2015.09.03,81.04872062
2015.09.04,-0.34659168
2015.09.05,25.06809354
2015.09.06,50.48277876
2015.09.07,75.89746398
2015.09.08,101.31214920
2015.09.09,18.67381200
2015.09.10,33.92466460
2015.09.11,36.54452024
2015.09.12,20.28027156
2015.09.13,4.01602289
2015.09.14,-12.24822579
2015.09.15,59.34521749
2015.09.16,140.81088540
2015.09.17,160.55997700
2015.09.18,83.29265051
2015.09.19,91.29930804
2015.09.20,99.30596557
2015.09.21,107.31262310
2015.09.22,6.61313650
2015.09.23,-14.01799020
2015.09.24,-34.93751358
2015.09.25,-29.54901851
2015.09.26,-68.84738237
2015.09.27,-108.14574624
2015.09.28,-147.44411010
2015.09.29,-139.55719290
2015.09.30,-30.71609272
2015.10.01,-21.65337160
2015.10.02,69.10352182
2015.10.03,109.17073058
2015.10.04,149.23793934
2015.10.05,189.30514810
2015.10.06,186.58101280
2015.10.07,250.76897210
2015.10.08,306.39583240
2015.10.09,284.67481880
2015.10.10,274.17653857
2015.10.11,263.67825833
2015.10.12,253.17997810
2015.10.13,138.88598940
2015.10.14,87.97019908
2015.10.15,172.39734740
2015.10.16,175.52057250
2015.10.17,163.06815733
2015.10.18,150.61574217
2015.10.19,138.16332700
2015.10.20,150.58206550
2015.10.21,58.69717665
2015.10.22,122.84211080
2015.10.23,128.77181890
2015.10.24,108.76383267
2015.10.25,88.75584645
2015.10.26,68.74786022
2015.10.27,-21.46636373
2015.10.28,62.10780661
2015.10.29,12.90318322
2015.10.30,18.31871430
2015.10.31,48.08160947
2015.11.01,77.84450463
2015.11.02,107.60739980
2015.11.03,111.46118890
2015.11.04,57.94887265
2015.11.05,38.00609789
2015.11.06,-11.88500502
2015.11.07,-44.16749435
2015.11.08,-76.44998367
2015.11.09,-108.73247300
2015.11.10,-85.39339573
2015.11.11,-101.06151770
2015.11.12,-193.95245440
2015.11.13,-206.60444300
2015.11.14,-174.89925233
2015.11.15,-143.19406167
2015.11.16,-111.48887100
2015.11.17,-139.10761270
2015.11.18,-38.72609868
2015.11.19,-28.55627373
2015.11.20,3.78170797
2015.11.21,4.64172990
2015.11.22,5.50175184
2015.11.23,6.36177378
2015.11.24,39.58592118
2015.11.25,61.24463760
2015.11.26,68.75062727
2015.11.27,76.25661695
2015.11.28,65.15793670
2015.11.29,54.05925646
2015.11.30,42.96057621
2015.12.01,98.02765850
2015.12.02,-7.43012444
2015.12.03,-106.95937820
2015.12.04,-45.72209333
2015.12.05,-75.69326365
2015.12.06,-105.66443398
2015.12.07,-135.63560430
2015.12.08,-170.33347810
2015.12.09,-180.19849280
2015.12.10,-159.43208800
2015.12.11,-260.17965140
2015.12.12,-272.02574087
2015.12.13,-283.87183033
2015.12.14,-295.71791980
2015.12.15,-161.67454980
2015.12.16,-34.30909560
2015.12.17,-73.39008681
2015.12.18,-104.83738390
2015.12.19,-81.99180124
2015.12.20,-59.14621859
2015.12.21,-36.30063593
2015.12.22,55.27978674
2015.12.23,164.65464920
2015.12.24,160.59688330
2015.12.25,146.44128975
2015.12.26,132.28569620
2015.12.27,118.13010265
2015.12.28,103.97450910
2015.12.29,154.54250660
2015.12.30,68.85543193
2015.12.31,24.34870592
2016.01.01,9.62995736
2016.01.02,-5.08879121
2016.01.03,-19.80753978
2016.01.04,-34.52628834
2016.01.05,0.40822300
2016.01.06,-73.87481092
2016.01.07,-175.26743090
2016.01.08,-203.88178380
2016.01.09,-208.06373807
2016.01.10,-212.24569233
2016.01.11,-216.42764660
2016.01.12,-187.67222100
2016.01.13,-277.94797110
2016.01.14,-175.94399750
2016.01.15,-244.20088020
2016.01.16,-246.34803775
2016.01.17,-248.49519530
2016.01.18,-250.64235285
2016.01.19,-252.78951040
2016.01.20,-274.11884170
2016.01.21,-175.13482580
2016.01.22,-12.27781803
2016.01.23,-43.19310779
2016.01.24,-74.10839754
2016.01.25,-105.02368730
2016.01.26,27.70371290
2016.01.27,-1.85287849
2016.01.28,63.38550027
2016.01.29,76.09738660
2016.01.30,75.64344523
2016.01.31,75.18950385
2016.02.01,74.73556248
2016.02.02,-16.45247495
2016.02.03,39.71401542
2016.02.04,87.33779461
2016.02.05,5.31943684
2016.02.06,-21.94799418
2016.02.07,-49.21542521
2016.02.08,-76.48285623
2016.02.09,-114.64140250
2016.02.10,-82.54375260
2016.02.11,-157.73754320
2016.02.12,-28.03954635
2016.02.13,0.63094990
2016.02.14,29.30144614
2016.02.15,57.97194239
2016.02.16,86.64243864
2016.02.17,189.76232360
2016.02.18,177.68101370
2016.02.19,162.66308860
2016.02.20,186.96187480
2016.02.21,211.26066100
2016.02.22,235.55944720
2016.02.23,157.80803650
2016.02.24,188.64154030
2016.02.25,239.21097830
2016.02.26,244.35179290
2016.02.27,237.17633873
2016.02.28,230.00088457
2016.02.29,222.82543040
2016.03.01,296.40626330
2016.03.02,308.18584410
2016.03.03,345.06645650
2016.03.04,341.52404780
2016.03.05,341.44525457
2016.03.06,341.36646133
2016.03.07,341.28766810
2016.03.08,209.02912520
2016.03.09,233.00292530
2016.03.10,168.98550980
2016.03.11,232.80569200
2016.03.12,211.92310110
2016.03.13,191.04051020
2016.03.14,170.15791930
2016.03.15,62.44328410
2016.03.16,138.38505450
2016.03.17,200.02334300
2016.03.18,195.12396290
2016.03.19,181.86909963
2016.03.20,168.61423637
2016.03.21,155.35937310
2016.03.22,110.13385200
2016.03.23,7.46536219
2016.03.24,-2.80352342
2016.03.25,-0.25749332
2016.03.26,2.28853679
2016.03.27,4.83456689
2016.03.28,7.38059699
2016.03.29,79.50111697
2016.03.30,90.31665596
2016.03.31,78.91235852
2016.04.01,47.21712241
2016.04.02,15.88861825
2016.04.03,-15.43988591
2016.04.04,-46.76839007
2016.04.05,-115.14216130
2016.04.06,-35.07602488
2016.04.07,-127.74409810
2016.04.08,-43.08658026
2016.04.09,-35.33737670
2016.04.10,-27.58817314
2016.04.11,-19.83896958
2016.04.12,61.03693240
2016.04.13,115.73064390
2016.04.14,67.11511406
2016.04.15,54.71326046
2016.04.16,71.08754341
2016.04.17,87.46182635
2016.04.18,103.83610930
2016.04.19,134.56696460
2016.04.20,118.06901100
2016.04.21,43.47291559
2016.04.22,84.22588946
2016.04.23,57.48344386
2016.04.24,30.74099827
2016.04.25,3.99855267
2016.04.26,70.33418696
2016.04.27,100.89948330
2016.04.28,20.67831432
2016.04.29,-21.56417676
2016.04.30,-12.83401309
2016.05.01,-4.10384942
2016.05.02,4.62631425
2016.05.03,-91.15394750
2016.05.04,-127.04030160
2016.05.05,-133.83793280
2016.05.06,-85.83071781
2016.05.07,-90.02227701
2016.05.08,-94.21383622
2016.05.09,-98.40539542
2016.05.10,-18.46471780
2016.05.11,-77.62311484
2016.05.12,-91.61542874
2016.05.13,-143.52078000
2016.05.14,-114.40793713
2016.05.15,-85.29509426
2016.05.16,-56.18225139
2016.05.17,-104.47689820
2016.05.18,-151.99643670
2016.05.19,-205.21566000
2016.05.20,-94.19201754
2016.05.21,-93.52662609
2016.05.22,-92.86123464
2016.05.23,-92.19584319
2016.05.24,-6.22813490
2016.05.25,39.70539636
2016.05.26,26.48003861
2016.05.27,60.23995754
2016.05.28,58.36834027
2016.05.29,56.49672299
2016.05.30,54.62510571
2016.05.31,52.75348844
2016.06.01,83.03878991
2016.06.02,106.16752870
2016.06.03,92.96176276
2016.06.04,104.97651654
2016.06.05,116.99127032
2016.06.06,129.00602410
2016.06.07,136.92883730
2016.06.08,155.91819850
2016.06.09,80.02451131
2016.06.10,-39.36471379
2016.06.11,-71.27503509
2016.06.12,-103.18535640
2016.06.13,-135.09567770
2016.06.14,-176.02017340
2016.06.15,-131.93051640
2016.06.16,-130.77420710
2016.06.17,-89.08169160
2016.06.18,-60.83418853
2016.06.19,-32.58668545
2016.06.20,-4.33918238
2016.06.21,4.18735891
2016.06.22,-33.09338508
2016.06.23,63.34704574
2016.06.24,-62.96312115
2016.06.25,-95.60658017
2016.06.26,-128.25003918
2016.06.27,-160.89349820
2016.06.28,-43.81950314
2016.06.29,59.89786018
2016.06.30,131.62671650
2016.07.01,142.94675510
2016.07.02,117.11272990
2016.07.03,91.27870470
2016.07.04,65.44467951
2016.07.05,39.61065431
2016.07.06,65.01023487
2016.07.07,55.05182507
2016.07.08,152.61212560
2016.07.09,159.76245770
2016.07.10,166.91278980
2016.07.11,174.06312190
2016.07.12,197.83340810
2016.07.13,139.06783580
2016.07.14,124.67793230
2016.07.15,104.60117510
2016.07.16,107.92163067
2016.07.17,111.24208623
2016.07.18,114.56254180
2016.07.19,57.55669770
2016.07.20,79.92891748
2016.07.21,27.45752080
2016.07.22,54.90718903
2016.07.23,33.45549916
2016.07.24,12.00380929
2016.07.25,-9.44788058
2016.07.26,7.42577431
2016.07.27,-24.13437963
2016.07.28,-34.24763935
2016.07.29,-8.97323821
2016.07.30,-23.62174516
2016.07.31,-38.27025210
2016.08.01,-52.91875905
2016.08.02,-144.02758560
2016.08.03,-88.25549432
2016.08.04,-72.62907883
2016.08.05,-11.85534819
2016.08.06,-9.69840938
2016.08.07,-7.54147056
2016.08.08,-5.38453175
2016.08.09,-10.37506104
2016.08.10,-42.79008827
2016.08.11,-23.14098612
2016.08.12,-40.97529884
2016.08.13,-29.43978580
2016.08.14,-17.90427277
2016.08.15,-6.36875973
2016.08.16,-78.74832499
2016.08.17,-77.28911166
2016.08.18,-18.50503871
2016.08.19,-58.80213114
2016.08.20,-60.75546560
2016.08.21,-62.70880005
2016.08.22,-64.66213451
2016.08.23,-15.69912672
2016.08.24,-86.55725943
2016.08.25,-69.90817660
2016.08.26,-102.47366990
2016.08.27,-80.33404604
2016.08.28,-58.19442217
2016.08.29,-36.05479831
2016.08.30,-52.38638912
2016.08.31,-93.08796731
2016.09.01,-88.47237683
2016.09.02,4.86631492
2016.09.03,8.79887739
2016.09.04,12.73143985
2016.09.05,16.66400232
2016.09.06,20.59656479
2016.09.07,41.94294560
2016.09.08,7.78438647
2016.09.09,-143.31010350
2016.09.10,-117.73318298
2016.09.11,-92.15626247
2016.09.12,-66.57934195
2016.09.13,-191.44164410
2016.09.14,-180.44170420
2016.09.15,-89.48454708
2016.09.16,-127.41875500
2016.09.17,-105.65097300
2016.09.18,-83.88319100
2016.09.19,-62.11540900
2016.09.20,-78.22047112
2016.09.21,34.15080312
2016.09.22,121.85748860
2016.09.23,43.18741720
2016.09.24,16.17780116
2016.09.25,-10.83181487
2016.09.26,-37.84143091
2016.09.27,-12.83188889
2016.09.28,49.01542898
2016.09.29,-55.00019139
2016.09.30,8.54145416
2016.10.01,-2.09674595
2016.10.02,-12.73494606
2016.10.03,-23.37314617
2016.10.04,-94.54326372
2016.10.05,-55.07099791
2016.10.06,-70.29685565
2016.10.07,-123.96347970
2016.10.08,-97.83519511
2016.10.09,-71.70691053
2016.10.10,-45.57862594
2016.10.11,-156.53168280
2016.10.12,-136.41388800
2016.10.13,-171.43110400
2016.10.14,-148.26366820
2016.10.15,-151.29717620
2016.10.16,-154.33068420
2016.10.17,-157.36419220
2016.10.18,-56.85831932
2016.10.19,10.35849363
2016.10.20,-16.32292378
2016.10.21,-11.30392104
2016.10.22,-1.22133206
2016.10.23,8.86125693
2016.10.24,18.94384591
2016.10.25,-16.23903258
2016.10.26,-57.68919852
2016.10.27,-118.74064440
2016.10.28,-131.59592740
2016.10.29,-124.00702320
2016.10.30,-116.41811900
2016.10.31,-108.82921480
2016.11.01,-169.76952940
2016.11.02,-223.47465070
2016.11.03,-219.42515620
2016.11.04,-179.41571260
2016.11.05,-136.56399499
2016.11.06,-93.71227739
2016.11.07,-50.86055978
2016.11.08,-18.99160131
2016.11.09,3.85131618
2016.11.10,-4.38724594
2016.11.11,15.04071968
2016.11.12,17.86928868
2016.11.13,20.69785768
2016.11.14,23.52642668
2016.11.15,92.96407404
2016.11.16,88.56844215
2016.11.17,86.46733468
2016.11.18,68.73855112
2016.11.19,91.00461688
2016.11.20,113.27068264
2016.11.21,135.53674840
2016.11.22,179.77152340
2016.11.23,157.49339830
2016.11.24,168.30076635
2016.11.25,179.10813440
2016.11.26,153.01982063
2016.11.27,126.93150687
2016.11.28,100.84319310
2016.11.29,76.82245236
2016.11.30,33.10060673
2016.12.01,-8.79707432
2016.12.02,6.67439376
2016.12.03,27.62263817
2016.12.04,48.57088259
2016.12.05,69.51912700
2016.12.06,121.45377830
2016.12.07,180.40063620
2016.12.08,186.19819660
2016.12.09,153.82411970
2016.12.10,130.45780094
2016.12.11,107.09148218
2016.12.12,83.72516342
2016.12.13,88.12192995
2016.12.14,-21.55944432
2016.12.15,-7.12922209
2016.12.16,8.19426402
2016.12.17,18.11446712
2016.12.18,28.03467022
2016.12.19,37.95487332
2016.12.20,70.41041991
2016.12.21,45.70786015
2016.12.22,9.20863225
2016.12.23,30.05574923
2016.12.24,36.42425080
2016.12.25,42.79275237
2016.12.26,49.16125394
2016.12.27,55.52975551
2016.12.28,-27.66761791
2016.12.29,-1.36303408
2016.12.30,-21.21579975
2016.12.31,-2.28280866
2017.01.01,16.65018243
2017.01.02,35.58317352
2017.01.03,54.51616461
2017.01.04,147.59441330
2017.01.05,103.68834390
2017.01.06,73.58021281
2017.01.07,53.17676177
2017.01.08,32.77331072
2017.01.09,12.36985968
2017.01.10,45.37315845
2017.01.11,86.76411310
2017.01.12,36.11955877
2017.01.13,59.58786702
2017.01.14,51.42973308
2017.01.15,43.27159913
2017.01.16,35.11346518
2017.01.17,26.95533124
2017.01.18,25.76973649
2017.01.19,-59.62279570
2017.01.20,-18.43529675
2017.01.21,-15.89946739
2017.01.22,-13.36363802
2017.01.23,-10.82780866
2017.01.24,54.18073270
2017.01.25,80.89213190
2017.01.26,54.17591755
2017.01.27,15.86267470
2017.01.28,-8.14970397
2017.01.29,-32.16208264
2017.01.30,-56.17446131
2017.01.31,-17.68534030
2017.02.01,-29.33871513
2017.02.02,-18.80565703
2017.02.03,61.54413593
2017.02.04,44.12458670
2017.02.05,26.70503746
2017.02.06,9.28548823
2017.02.07,-13.39208300
2017.02.08,-1.96444598
2017.02.09,36.06600590
2017.02.10,85.65171223
2017.02.11,87.92421901
2017.02.12,90.19672579
2017.02.13,92.46923257
2017.02.14,76.13586631
2017.02.15,80.14015882
2017.02.16,36.26312813
2017.02.17,9.46695124
2017.02.18,22.16493474
2017.02.19,34.86291825
2017.02.20,47.56090175
2017.02.21,60.25888525
2017.02.22,22.93469440
2017.02.23,19.25783775
2017.02.24,10.06783612
2017.02.25,16.24857260
2017.02.26,22.42930907
2017.02.27,28.61004555
2017.02.28,-29.32941561
2017.03.01,16.07899217
2017.03.02,-67.97721413
2017.03.03,-64.50538446
2017.03.04,-84.82507071
2017.03.05,-105.14475695
2017.03.06,-125.46444320
2017.03.07,-176.55711610
2017.03.08,-229.40856590
2017.03.09,-264.64951270
2017.03.10,-182.65727460
2017.03.11,-166.15172463
2017.03.12,-149.64617467
2017.03.13,-133.14062470
2017.03.14,-168.43818590
2017.03.15,-36.77540975
2017.03.16,-18.81985912
2017.03.17,8.72623596
2017.03.18,-1.62100400
2017.03.19,-11.96824396
2017.03.20,-22.31548392
2017.03.21,-111.59457700
2017.03.22,-89.77022870
2017.03.23,-35.11155976
2017.03.24,-27.60284002
2017.03.25,-27.15018349
2017.03.26,-26.69752697
2017.03.27,-26.24487044
2017.03.28,46.39741791
2017.03.29,81.77458735
2017.03.30,98.41319429
2017.03.31,107.89713730
2017.04.01,95.28689913
2017.04.02,82.67666097
2017.04.03,70.06642280
2017.04.04,56.52082982
2017.04.05,-4.49325632
2017.04.06,67.31216631
2017.04.07,43.71924183
2017.04.08,56.83905962
2017.04.09,69.95887740
2017.04.10,83.07869519
2017.04.11,100.16563430
2017.04.12,24.07413913
2017.04.13,-48.20445996
2017.04.14,-29.93125494
2017.04.15,-11.65804992
2017.04.16,6.61515510
2017.04.17,24.88836012
2017.04.18,8.25827948
2017.04.19,-10.25173086
2017.04.20,47.97346895
2017.04.21,21.86614744
2017.04.22,38.93911723
2017.04.23,56.01208703
2017.04.24,73.08505682
2017.04.25,107.21179910
2017.04.26,105.80410470
2017.04.27,81.67150544
2017.04.28,26.42977558
2017.04.29,29.05849961
2017.04.30,31.68722364
2017.05.01,34.31594767
2017.05.02,21.68704506
2017.05.03,-18.96910189
2017.05.04,-67.23526202
2017.05.05,-0.11665262
2017.05.06,-7.70432119
2017.05.07,-15.29198976
2017.05.08,-22.87965833
2017.05.09,-48.32762991
2017.05.10,-4.89400747
2017.05.11,-47.58379024
2017.05.12,-67.64563556
2017.05.13,-42.40051875
2017.05.14,-17.15540194
2017.05.15,8.08971487
2017.05.16,-15.74700909
2017.05.17,-109.99867300
2017.05.18,-98.38385232
2017.05.19,-16.86126137
2017.05.20,-0.79922084
2017.05.21,15.26281968
2017.05.22,31.32486021
2017.05.23,47.11736986
2017.05.24,53.03437876
2017.05.25,45.12824947
2017.05.26,38.59286769
2017.05.27,26.52268875
2017.05.28,14.45250980
2017.05.29,2.38233086
2017.05.30,-9.68784808
2017.05.31,-16.46942082
2017.06.01,74.31468159
2017.06.02,80.21351575
2017.06.03,61.24432762
2017.06.04,42.27513950
2017.06.05,23.30595137
2017.06.06,-2.41654593
2017.06.07,-16.29719839
2017.06.08,1.96632975
2017.06.09,28.12181466
2017.06.10,25.16259150
2017.06.11,22.20336834
2017.06.12,19.24414518
2017.06.13,68.85751705
2017.06.14,40.18266242
2017.06.15,-9.78525161
2017.06.16,4.44110816
2017.06.17,14.12155218
2017.06.18,23.80199620
2017.06.19,33.48244022
2017.06.20,-43.80463307
2017.06.21,-90.66605757
2017.06.22,-61.82924522
2017.06.23,-7.01462445
2017.06.24,5.13590018
2017.06.25,17.28642481
2017.06.26,29.43694944
2017.06.27,-30.44413963
2017.06.28,44.40974991
2017.06.29,-31.01222328
2017.06.30,-1.69294924
2017.07.01,16.84919877
2017.07.02,35.39134679
2017.07.03,53.93349480
2017.07.04,28.77896590
2017.07.05,3.62443699
2017.07.06,-98.00792962
2017.07.07,-35.96356343
2017.07.08,-36.20431313
2017.07.09,-36.44506282
2017.07.10,-36.68581252
2017.07.11,-30.81990643
2017.07.12,44.09954281
2017.07.13,35.98517420
2017.07.14,85.66746316
2017.07.15,84.43413641
2017.07.16,83.20080966
2017.07.17,81.96748291
2017.07.18,55.79416238
2017.07.19,109.58700250
2017.07.20,85.58194582
2017.07.21,55.32971262
2017.07.22,43.06560997
2017.07.23,30.80150731
2017.07.24,18.53740466
2017.07.25,39.08729434
2017.07.26,24.71201354
2017.07.27,-4.90241161
2017.07.28,-3.34823305
2017.07.29,-3.81637844
2017.07.30,-4.28452383
2017.07.31,-4.75266922
2017.08.01,14.97030120
2017.08.02,-27.84141060
2017.08.03,-56.15621713
2017.08.04,-39.63459563
2017.08.05,-43.25987584
2017.08.06,-46.88515606
2017.08.07,-50.51043627
2017.08.08,-92.90672784
2017.08.09,-147.04102350
2017.08.10,-245.29064110
2017.08.11,-207.36761100
2017.08.12,-173.41393473
2017.08.13,-139.46025847
2017.08.14,-105.50658220
2017.08.15,-136.83786970
2017.08.16,-91.74193116
2017.08.17,-177.92619400
2017.08.18,-146.27410780
2017.08.19,-139.65947307
2017.08.20,-133.04483833
2017.08.21,-126.43020360
2017.08.22,-47.08151441
2017.08.23,-34.60297762
2017.08.24,-29.76081377
2017.08.25,23.37804039
2017.08.26,18.05031709
2017.08.27,12.72259380
2017.08.28,7.39487050
2017.08.29,1.24228589
2017.08.30,33.82561461
2017.08.31,95.21523260
2017.09.01,136.72727980
2017.09.02,116.05457080
2017.09.03,95.38186179
2017.09.04,74.70915279
2017.09.05,54.03644379
2017.09.06,77.66559677
2017.09.07,65.33019458
2017.09.08,38.40677474
2017.09.09,63.21958879
2017.09.10,88.03240285
2017.09.11,112.84521690
2017.09.12,127.77585890
2017.09.13,110.40267840
2017.09.14,94.84659579
2017.09.15,73.92191215
2017.09.16,74.56850746
2017.09.17,75.21510276
2017.09.18,75.86169807
2017.09.19,65.89090655
2017.09.20,65.78642526
2017.09.21,27.36816163
2017.09.22,56.48370542
2017.09.23,56.97082923
2017.09.24,57.45795303
2017.09.25,57.94507684
2017.09.26,59.65482401
2017.09.27,61.21838373
2017.09.28,69.49913537
2017.09.29,79.78168234
2017.09.30,85.97923876
2017.10.01,92.17679517
2017.10.02,98.37435159
2017.10.03,91.42921204
2017.10.04,63.33397167
2017.10.05,75.49587129
2017.10.06,12.31681611
2017.10.07,1.82359069
2017.10.08,-8.66963473
2017.10.09,-19.16286015
2017.10.10,15.91783095
2017.10.11,28.63223268
2017.10.12,20.30988500
2017.10.13,32.39272831
2017.10.14,25.78235077
2017.10.15,19.17197324
2017.10.16,12.56159570
2017.10.17,-22.35683067
2017.10.18,-26.70030105
2017.10.19,-32.63046673
2017.10.20,-8.53760605
2017.10.21,-27.60691141
2017.10.22,-46.67621677
2017.10.23,-65.74552213
2017.10.24,-55.67956278
2017.10.25,-131.99476970
2017.10.26,-116.83429780
2017.10.27,-74.93792282
2017.10.28,-85.37255941
2017.10.29,-95.80719601
2017.10.30,-106.24183260
2017.10.31,-62.67546630
2017.11.01,-54.11284578
2017.11.02,-56.77124100
2017.11.03,-62.81031272
2017.11.04,-54.21009764
2017.11.05,-45.60988255
2017.11.06,-37.00966747
2017.11.07,-62.26506744
2017.11.08,-58.69710909
2017.11.09,-93.10301914
2017.11.10,-107.05455710
2017.11.11,-108.95232120
2017.11.12,-110.85008530
2017.11.13,-112.74784940
2017.11.14,-130.20187490
2017.11.15,-159.02405750
2017.11.16,-67.32190321
2017.11.17,-18.57995181
2017.11.18,-9.67419574
2017.11.19,-0.76843968
2017.11.20,8.13731639
2017.11.21,55.03989412
2017.11.22,60.46639861
2017.11.23,69.86006328
2017.11.24,79.25372796
2017.11.25,61.79269394
2017.11.26,44.33165993
2017.11.27,26.87062591
2017.11.28,71.29872052
2017.11.29,56.37824782
2017.11.30,65.58935242
2017.12.01,54.13690009
2017.12.02,50.09938968
2017.12.03,46.06187926
2017.12.04,42.02436885
2017.12.05,-12.34196721
2017.12.06,-40.26347470
2017.12.07,-3.48504624
2017.12.08,20.67793534
2017.12.09,21.16325519
2017.12.10,21.64857505
2017.12.11,22.13389490
2017.12.12,-1.28192914
2017.12.13,9.40395094
2017.12.14,-42.90664134
2017.12.15,13.43233547
2017.12.16,31.39988997
2017.12.17,49.36744446
2017.12.18,67.33499896
2017.12.19,7.68510126
2017.12.20,0.04601321
2017.12.21,24.46436286
2017.12.22,14.96973000
2017.12.23,17.49654007
2017.12.24,20.02335013
2017.12.25,22.55016020
2017.12.26,25.07697026
2017.12.27,30.59327582
2017.12.28,64.90675070
2017.12.29,20.92023797
2017.12.30,26.85447058
2017.12.31,32.78870319
2018.01.01,38.72293579
2018.01.02,44.65716840
2018.01.03,57.42895807
2018.01.04,68.21169345
2018.01.05,80.78987373
2018.01.06,81.75667199
2018.01.07,82.72347024
2018.01.08,83.69026850
2018.01.09,36.85165469
2018.01.10,-11.27961840
2018.01.11,61.22454121
2018.01.12,53.25947497
2018.01.13,35.87786772
2018.01.14,18.49626046
2018.01.15,1.11465321
2018.01.16,-16.26695405
2018.01.17,19.76928392
2018.01.18,8.18142096
2018.01.19,45.48289102
2018.01.20,52.92133850
2018.01.21,60.35978599
2018.01.22,67.79823347
2018.01.23,82.13886010
2018.01.24,40.83940157
2018.01.25,10.47416751
2018.01.26,11.75952156
2018.01.27,-24.49375174
2018.01.28,-60.74702504
2018.01.29,-97.00029834
2018.01.30,-185.95494290
2018.01.31,-158.28138920
2018.02.01,-161.67909390
2018.02.02,-267.42573590
2018.02.03,-297.30115267
2018.02.04,-327.17656943
2018.02.05,-357.05198620
2018.02.06,-244.44717020
2018.02.07,-207.24781670
2018.02.08,-298.20613040
2018.02.09,-228.38445800
2018.02.10,-194.38797390
2018.02.11,-160.39148980
2018.02.12,-126.39500570
2018.02.13,-87.21204903
2018.02.14,-16.72456081
2018.02.15,43.42586442
2018.02.16,63.33734867
2018.02.17,48.65175674
2018.02.18,33.96616482
2018.02.19,19.28057289
2018.02.20,4.59498097
2018.02.21,-7.45271833
2018.02.22,1.13376236
2018.02.23,95.21953454
2018.02.24,106.80861373
2018.02.25,118.39769291
2018.02.26,129.98677210
2018.02.27,29.06282632
2018.02.28,-38.97246143
2018.03.01,-64.04777016
2018.03.02,-17.01692027
2018.03.03,6.86523348
2018.03.04,30.74738724
2018.03.05,54.62954099
2018.03.06,101.31411770
2018.03.07,91.72286012
2018.03.08,99.31372063
2018.03.09,152.00733780
2018.03.10,148.65500643
2018.03.11,145.30267507
2018.03.12,141.95034370
2018.03.13,88.89186209
2018.03.14,49.13240099
2018.03.15,-0.85760025
2018.03.16,44.35523668
2018.03.17,12.31696981
2018.03.18,-19.72129705
2018.03.19,-51.75956392
2018.03.20,-66.27892062
2018.03.21,-37.96157599
2018.03.22,-129.01043850
2018.03.23,-202.51216370
2018.03.24,-166.32263510
2018.03.25,-130.13310650
2018.03.26,-93.94357790
2018.03.27,-135.49771920
2018.03.28,-111.69902140
2018.03.29,-11.99263967
2018.03.30,-34.77790978
2018.03.31,-57.56317989
2018.04.01,-80.34844999
2018.04.02,-103.13372010
2018.04.03,-17.29367526
2018.04.04,41.18603145
2018.04.05,102.88025050
2018.04.06,2.81440659
2018.04.07,17.12428372
2018.04.08,31.43416086
2018.04.09,45.74403799
2018.04.10,113.82015260
2018.04.11,97.95612991
2018.04.12,94.40260983
2018.04.13,59.44233710
2018.04.14,77.92958880
2018.04.15,96.41684050
2018.04.16,114.90409220
2018.04.17,163.24937240
2018.04.18,151.36834010
2018.04.19,69.40321579
2018.04.20,4.92601841
2018.04.21,-1.39152620
2018.04.22,-7.70907082
2018.04.23,-14.02661543
2018.04.24,-59.86098430
2018.04.25,-75.60006475
2018.04.26,-18.02897822
2018.04.27,2.23444566
2018.04.28,-11.79420261
2018.04.29,-25.82285089
2018.04.30,-39.85149916
2018.05.01,-29.48572447
2018.05.02,-35.02555850
2018.05.03,-58.53698880
2018.05.04,21.10342324
2018.05.05,31.91576830
2018.05.06,42.72811335
2018.05.07,53.54045841
2018.05.08,44.40642120
2018.05.09,70.32478727
2018.05.10,120.13336630
2018.05.11,113.26903460
2018.05.12,103.34058499
2018.05.13,93.41213539
2018.05.14,83.48368578
2018.05.15,24.34979412
2018.05.16,59.56856778
2018.05.17,56.33277642
2018.05.18,45.43451093
2018.05.19,60.56944774
2018.05.20,75.70438456
2018.05.21,90.83932137
2018.05.22,41.05623770
2018.05.23,33.53641997
2018.05.24,19.93929371
2018.05.25,-2.63594571
2018.05.26,-10.80810821
2018.05.27,-18.98027070
2018.05.28,-27.15243320
2018.05.29,-35.32459569
2018.05.30,53.90323156
2018.05.31,-1.77649230
2018.06.01,50.57622626
2018.06.02,60.34579067
2018.06.03,70.11535509
2018.06.04,79.88491950
2018.06.05,87.89442762
2018.06.06,108.65308490
2018.06.07,96.60847150
2018.06.08,98.47728466
2018.06.09,95.19576760
2018.06.10,91.91425055
2018.06.11,88.63273349
2018.06.12,63.37247858
2018.06.13,-5.59190177
2018.06.14,4.42151254
2018.06.15,-15.08912579
2018.06.16,-12.27450917
2018.06.17,-9.45989255
2018.06.18,-6.64527593
2018.06.19,-38.34255792
2018.06.20,-11.25202123
2018.06.21,-74.53335226
2018.06.22,-25.56622352
2018.06.23,-53.58464811
2018.06.24,-81.60307271
2018.06.25,-109.62149730
2018.06.26,-72.04064896
2018.06.27,-134.74882040
2018.06.28,-94.54056279
2018.06.29,-65.28979977
2018.06.30,-60.49451597
2018.07.01,-55.69923218
2018.07.02,-50.90394838
2018.07.03,-11.99952570
2018.07.04,20.48711381
2018.07.05,52.97375332
2018.07.06,108.71103810
2018.07.07,114.03164587
2018.07.08,119.35225363
2018.07.09,124.67286140
2018.07.10,100.14685600
2018.07.11,12.52638716
2018.07.12,35.34825433
2018.07.13,17.78420950
2018.07.14,-2.35118363
2018.07.15,-22.48657676
2018.07.16,-42.62196989
2018.07.17,-24.50614341
2018.07.18,-18.39458106
2018.07.19,3.77277766
2018.07.20,-15.09299453
2018.07.21,-24.71125128
2018.07.22,-34.32950802
2018.07.23,-43.94776477
2018.07.24,-60.29885451
2018.07.25,-23.97754196
2018.07.26,-3.50293202
2018.07.27,-64.07962586
2018.07.28,-67.37051756
2018.07.29,-70.66140927
2018.07.30,-73.95230097
2018.07.31,-19.87367668
2018.08.01,-62.53708453
2018.08.02,-33.80161282
2018.08.03,-10.56377644
2018.08.04,-3.04005345
2018.08.05,4.48366955
2018.08.06,12.00739254
2018.08.07,11.59570506
2018.08.08,-8.31426626
2018.08.09,-13.79572041
2018.08.10,-67.71338510
2018.08.11,-81.76706390
2018.08.12,-95.82074270
2018.08.13,-109.87442150
2018.08.14,-34.62273549
2018.08.15,-87.45943029
2018.08.16,-8.44750719
2018.08.17,44.59992460
2018.08.18,58.79410945
2018.08.19,72.98829430
2018.08.20,87.18247915
2018.08.21,110.25465090
2018.08.22,91.93008449
2018.08.23,25.95292979
2018.08.24,70.96269787
2018.08.25,76.33887728
2018.08.26,81.71505668
2018.08.27,87.09123609
2018.08.28,57.84568008
2018.08.29,67.95150130
2018.08.30,7.25222094
2018.08.31,8.06807512
2018.09.01,-5.39262114
2018.09.02,-18.85331741
2018.09.03,-32.31401367
2018.09.04,-45.77470993
2018.09.05,-63.68141760
2018.09.06,-90.02324557
2018.09.07,-136.74539230
2018.09.08,-121.38329510
2018.09.09,-106.02119791
2018.09.10,-90.65910071
2018.09.11,-80.30202593
2018.09.12,-59.14521687
2018.09.13,-37.36041904
2018.09.14,-33.99761479
2018.09.15,-45.08255289
2018.09.16,-56.16749099
2018.09.17,-67.25242909
2018.09.18,-46.59903317
2018.09.19,-62.65738450
2018.09.20,-7.62398795
2018.09.21,-10.63231397
2018.09.22,-29.18863303
2018.09.23,-47.74495209
2018.09.24,-66.30127115
2018.09.25,-78.96672317
2018.09.26,-110.45085100
2018.09.27,-82.06752612
2018.09.28,-56.23944567
2018.09.29,-64.25137700
2018.09.30,-72.26330833
2018.10.01,-80.27523966
2018.10.02,-102.82446730
2018.10.03,-93.03993465
2018.10.04,-171.10895950
2018.10.05,-198.50243100
2018.10.06,-188.49539967
2018.10.07,-178.48836833
2018.10.08,-168.48133700
2018.10.09,-150.67089490
2018.10.10,-244.58961240
2018.10.11,-209.01716780
2018.10.12,-152.50764190
2018.10.13,-134.46491427
2018.10.14,-116.42218664
2018.10.15,-98.37945901
2018.10.16,25.69203466
2018.10.17,-10.95529843
2018.10.18,-83.28399173
2018.10.19,-69.15860454
2018.10.20,-72.51760485
2018.10.21,-75.87660516
2018.10.22,-79.23560547
2018.10.23,-119.55526320
2018.10.24,-178.53079430
2018.10.25,-77.46221941
2018.10.26,-124.76127680
2018.10.27,-123.31690600
2018.10.28,-121.87253520
2018.10.29,-120.42816440
2018.10.30,-33.82121256
2018.10.31,10.44683735
2018.11.01,93.89378584
2018.11.02,68.22145787
2018.11.03,82.17447531
2018.11.04,96.12749276
2018.11.05,110.08051020
2018.11.06,139.31959730
2018.11.07,203.67241890
2018.11.08,171.62571920
2018.11.09,99.56766236
2018.11.10,73.03183673
2018.11.11,46.49601110
2018.11.12,19.96018547
2018.11.13,16.49599179
2018.11.14,-11.49837375
2018.11.15,16.22393557
2018.11.16,26.54539036
2018.11.17,3.32609599
2018.11.18,-19.89319837
2018.11.19,-43.11249274
2018.11.20,-136.40442030
2018.11.21,-39.83699631
2018.11.22,-41.97983006
2018.11.23,-44.12266380
2018.11.24,-26.55387459
2018.11.25,-8.98508539
2018.11.26,8.58370382
2018.11.27,-20.19527039
2018.11.28,79.44968301
2018.11.29,64.54886976
2018.11.30,72.83593008
2018.12.01,94.45968239
2018.12.02,116.08343469
2018.12.03,137.70718700
2018.12.04,19.78357574
2018.12.05,3.39677299
2018.12.06,-12.99002977
2018.12.07,-62.64651234
2018.12.08,-75.62753236
2018.12.09,-88.60855238
2018.12.10,-101.58957240
2018.12.11,-97.12794083
2018.12.12,-31.37760616
2018.12.13,-63.40418199
2018.12.14,-131.11988340
2018.12.15,-159.61699183
2018.12.16,-188.11410027
2018.12.17,-216.61120870
2018.12.18,-191.07323580
2018.12.19,-221.98290280
2018.12.20,-273.80075350
2018.12.21,-306.88601220
2018.12.22,-316.60383420
2018.12.23,-326.32165620
2018.12.24,-336.03947820
2018.12.25,-247.98748625
2018.12.26,-159.93549430
2018.12.27,-109.51691060
2018.12.28,-34.81143699
2018.12.29,-6.44569128
2018.12.30,21.92005443
2018.12.31,50.28580014
2019.01.01,84.56415452
2019.01.02,118.84250890
2019.01.03,91.41428233
2019.01.04,215.45607720
2019.01.05,238.24889527
2019.01.06,261.04171333
2019.01.07,283.83453140
2019.01.08,336.77893720
2019.01.09,350.36250940
2019.01.10,341.17465100
2019.01.11,318.31315890
2019.01.12,291.83377840
2019.01.13,265.35439790
2019.01.14,238.87501740
2019.01.15,249.31103120
2019.01.16,251.13726800
2019.01.17,278.24301400
2019.01.18,310.27721180
2019.01.19,278.43667507
2019.01.20,246.59613835
2019.01.21,214.75560162
2019.01.22,182.91506490
2019.01.23,151.60585390
2019.01.24,178.62844930
2019.01.25,227.98962610
2019.01.26,210.59424543
2019.01.27,193.19886477
2019.01.28,175.80348410
2019.01.29,162.55531530
2019.01.30,220.66535440
2019.01.31,236.14611100
2019.02.01,214.05142740
2019.02.02,217.46435687
2019.02.03,220.87728633
2019.02.04,224.29021580
2019.02.05,218.97292880
2019.02.06,145.33178370
2019.02.07,55.99194578
2019.02.08,29.07642462
2019.02.09,38.47370705
2019.02.10,47.87098947
2019.02.11,57.26827190
2019.02.12,109.43596000
2019.02.13,123.04215350
2019.02.14,101.26023810
2019.02.15,153.18039930
2019.02.16,153.67435828
2019.02.17,154.16831725
2019.02.18,154.66227622
2019.02.19,155.15623520
2019.02.20,146.86979360
2019.02.21,74.70053715
2019.02.22,112.57232020
2019.02.23,100.29482448
2019.02.24,88.01732877
2019.02.25,75.73983305
2019.02.26,20.06935740
2019.02.27,5.47075393
2019.02.28,-26.78840580
2019.03.01,0.26395465
2019.03.02,-4.20989587
2019.03.03,-8.68374640
2019.03.04,-13.15759693
2019.03.05,-37.46723555
2019.03.06,-122.11464040
2019.03.07,-180.22759830
2019.03.08,-185.61303940
2019.03.09,-153.23853502
2019.03.10,-120.86403065
2019.03.11,-88.48952627
2019.03.12,-65.40647494
2019.03.13,-17.49343367
2019.03.14,-39.69031622
2019.03.15,-23.77019922
2019.03.16,-10.41001554
2019.03.17,2.95016813
2019.03.18,16.31035181
2019.03.19,-31.00232882
2019.03.20,-57.59965911
2019.03.21,-0.25237821
2019.03.22,-105.86919120
2019.03.23,-103.57686755
2019.03.24,-101.28454391
2019.03.25,-98.99222026
2019.03.26,-28.76744905
2019.03.27,-50.43143242
2019.03.28,-2.80198104
2019.03.29,-12.36479020
2019.03.30,9.63041717
2019.03.31,31.62562455
2019.04.01,53.62083192
2019.04.02,18.37043467
2019.04.03,27.33949284
2019.04.04,54.32134012
2019.04.05,96.26921284
2019.04.06,87.93057455
2019.04.07,79.59193625
2019.04.08,71.25329796
2019.04.09,-27.24157576
2019.04.10,30.53151509
2019.04.11,23.97485019
2019.04.12,45.49902745
2019.04.13,34.44091959
2019.04.14,23.38281173
2019.04.15,12.32470387
2019.04.16,6.04903369
2019.04.17,-37.39690948
2019.04.18,-50.40620635
2019.04.19,-58.73643579
2019.04.20,-67.06666524
2019.04.21,-75.39689469
2019.04.22,-83.72712413
2019.04.23,-13.24787322
2019.04.24,-25.47187433
2019.04.25,-76.99603590
2019.04.26,-28.76421386
2019.04.27,-21.90353756
2019.04.28,-15.04286126
2019.04.29,-8.18218495
2019.04.30,-6.79363931
2019.05.01,-58.62246459
2019.05.02,-76.34299788
2019.05.03,3.28766114
2019.05.04,-8.97308047
2019.05.05,-21.23382208
2019.05.06,-33.49456369
2019.05.07,-135.12589310
2019.05.08,-137.49505030
2019.05.09,-151.53320440
2019.05.10,-95.07816021
2019.05.11,-127.34667567
2019.05.12,-159.61519114
2019.05.13,-191.88370660
2019.05.14,-96.79303022
2019.05.15,-43.35653677
2019.05.16,11.29844782
2019.05.17,-69.32803260
2019.05.18,-84.62436613
2019.05.19,-99.92069967
2019.05.20,-115.21703320
2019.05.21,-20.47604354
2019.05.22,-61.12011716
2019.05.23,-139.76519950
2019.05.24,-74.40791895
2019.05.25,-86.11979034
2019.05.26,-97.83166173
2019.05.27,-109.54353311
2019.05.28,-121.25540450
2019.05.29,-160.05372760
2019.05.30,-133.37602520
2019.05.31,-175.19970950
2019.06.01,-153.11079333
2019.06.02,-131.02187717
2019.06.03,-108.93296100
2019.06.04,-1.98022631
2019.06.05,-3.12573698
2019.06.06,17.91048007
2019.06.07,83.25689326
2019.06.08,88.44185953
2019.06.09,93.62682579
2019.06.10,98.81179206
2019.06.11,81.81717158
2019.06.12,57.07768521
2019.06.13,108.44003590
2019.06.14,60.86264563
2019.06.15,60.98498498
2019.06.16,61.10732434
2019.06.17,61.22966369
2019.06.18,111.03731580
2019.06.19,118.41767180
2019.06.20,161.23578780
2019.06.21,92.73909806
2019.06.22,74.72964298
2019.06.23,56.72018791
2019.06.24,38.71073283
2019.06.25,-24.17707311
2019.06.26,-19.42526181
2019.06.27,40.33466315
2019.06.28,94.92772568
2019.06.29,96.01186896
2019.06.30,97.09601223
2019.07.01,98.18015551
2019.07.02,87.87008224
2019.07.03,130.81561920
2019.07.04,114.09779718
2019.07.05,97.37997517
2019.07.06,75.80518334
2019.07.07,54.23039150
2019.07.08,32.65559967
2019.07.09,23.15298061
2019.07.10,45.26247642
2019.07.11,28.38978295
2019.07.12,58.67168112
2019.07.13,50.82090263
2019.07.14,42.97012414
2019.07.15,35.11934565
2019.07.16,23.25650210
2019.07.17,-29.45251166
2019.07.18,-21.97145585
2019.07.19,-50.86529586
2019.07.20,-54.74859810
2019.07.21,-58.63190035
2019.07.22,-62.51520259
2019.07.23,-15.06329683
2019.07.24,43.13339907
2019.07.25,-41.47409292
2019.07.26,7.24387189
2019.07.27,3.94975207
2019.07.28,0.65563226
2019.07.29,-2.63848756
2019.07.30,13.02528755
2019.07.31,-40.14731116
2019.08.01,-92.35914651
2019.08.02,-122.88847000
2019.08.03,-160.90117973
2019.08.04,-198.91388947
2019.08.05,-236.92659920
2019.08.06,-154.59456670
2019.08.07,-151.67770610
2019.08.08,-39.67540175
2019.08.09,-88.96505451
2019.08.10,-105.79766381
2019.08.11,-122.63027310
2019.08.12,-139.46288240
2019.08.13,-59.84121074
2019.08.14,-157.86547550
2019.08.15,-130.53689440
2019.08.16,-29.76827316
2019.08.17,-4.51626898
2019.08.18,20.73573521
2019.08.19,45.98773939
2019.08.20,1.02919142
2019.08.21,58.98448695
2019.08.22,36.59134219
2019.08.23,-78.98775329
2019.08.24,-59.94614925
2019.08.25,-40.90454520
2019.08.26,-21.86294116
2019.08.27,-69.66191208
2019.08.28,-0.53172266
2019.08.29,77.42724791
2019.08.30,82.64503151
2019.08.31,69.86952646
2019.09.01,57.09402142
2019.09.02,44.31851638
2019.09.03,31.54301133
2019.09.04,113.14306900
2019.09.05,140.44540300
2019.09.06,135.03667150
2019.09.07,137.43678860
2019.09.08,139.83690570
2019.09.09,142.23702280
2019.09.10,139.63213800
2019.09.11,174.95680080
2019.09.12,143.53460350
2019.09.13,100.75095180
2019.09.14,96.63969279
2019.09.15,92.52843379
2019.09.16,88.41717478
2019.09.17,74.27970959
2019.09.18,41.72077831
2019.09.19,30.17428817
2019.09.20,19.20116766
2019.09.21,19.72515970
2019.09.22,20.24915174
2019.09.23,20.77314378
2019.09.24,-49.53668235
2019.09.25,-11.50390028
2019.09.26,-40.57835211
2019.09.27,-57.73411666
2019.09.28,-51.37728603
2019.09.29,-45.02045540
2019.09.30,-38.66362477
2019.10.01,-115.36503610
2019.10.02,-192.56791760
2019.10.03,-134.06354170
2019.10.04,-49.32198254
2019.10.05,-61.83843489
2019.10.06,-74.35488723
2019.10.07,-86.87133958
2019.10.08,-156.14168320
2019.10.09,-94.93711850
2019.10.10,-52.23253012
2019.10.11,27.19105559
2019.10.12,19.08145909
2019.10.13,10.97186259
2019.10.14,2.86226610
2019.10.15,38.49683975
2019.10.16,33.27191602
2019.10.17,68.63824666
2019.10.18,47.83326811
2019.10.19,58.94079378
2019.10.20,70.04831945
2019.10.21,81.15584512
2019.10.22,86.04086924
2019.10.23,103.63736050
2019.10.24,67.76417374
2019.10.25,67.70377819
2019.10.26,65.24039249
2019.10.27,62.77700680
2019.10.28,60.31362110
2019.10.29,49.94346869
2019.10.30,41.47727103
2019.10.31,-10.16871433
2019.11.01,49.47481177
2019.11.02,54.75742535
2019.11.03,60.04003894
2019.11.04,65.32265252
2019.11.05,35.59594310
2019.11.06,4.95162683
2019.11.07,-17.77402171
2019.11.08,-17.81558111
2019.11.09,-26.11439957
2019.11.10,-34.41321803
2019.11.11,-42.71203649
2019.11.12,-53.63494566
2019.11.13,-66.50585827
2019.11.14,-45.57795926
2019.11.15,-12.55671580
2019.11.16,-21.85806689
2019.11.17,-31.15941799
2019.11.18,-40.46076908
2019.11.19,-50.26643078
2019.11.20,-70.99893938
2019.11.21,-98.37023953
2019.11.22,-63.33084997
2019.11.23,-40.63907253
2019.11.24,-17.94729509
2019.11.25,4.74448236
2019.11.26,8.02516908
2019.11.27,36.54003039
2019.11.28,8.43878352
2019.11.29,-19.66246334
2019.11.30,-43.44740328
2019.12.01,-67.23234323
2019.12.02,-91.01728317
2019.12.03,-118.87056770
2019.12.04,-52.19077315
2019.12.05,-40.36859493
2019.12.06,31.24121042
2019.12.07,27.88126959
2019.12.08,24.52132877
2019.12.09,21.16138794
2019.12.10,13.78733278
2019.12.11,45.66357895
2019.12.12,71.43945154
2019.12.13,58.77062534
2019.12.14,72.12872550
2019.12.15,85.48682565
2019.12.16,98.84492581
2019.12.17,113.31422810
2019.12.18,121.76891040
2019.12.19,123.53881920
2019.12.20,122.58439720
2019.12.21,117.89141290
2019.12.22,113.19842860
2019.12.23,108.50544430
2019.12.24,102.22541240
2019.12.25,105.58513525
2019.12.26,108.94485810
2019.12.27,69.29525983
2019.12.28,54.87963223
2019.12.29,40.46400462
2019.12.30,26.04837702
2019.12.31,52.49205034
2020.01.01,58.76549056
2020.01.02,65.03893078
2020.01.03,34.34131890
2020.01.04,31.76859731
2020.01.05,29.19587573
2020.01.06,26.62315414
2020.01.07,-8.95899249
2020.01.08,6.06306710
2020.01.09,9.12661271
2020.01.10,-15.79968885
2020.01.11,0.22264802
2020.01.12,16.24498489
2020.01.13,32.26732176
2020.01.14,35.40327922
2020.01.15,32.40750645
2020.01.16,73.23408320
2020.01.17,50.57463591
2020.01.18,37.24296076
2020.01.19,23.91128560
2020.01.20,10.57961045
2020.01.21,-2.75206471
2020.01.22,-17.38263341
2020.01.23,-27.70485649
2020.01.24,-99.74183293
2020.01.25,-128.13946815
2020.01.26,-156.53710338
2020.01.27,-184.93473860
2020.01.28,-114.94999930
2020.01.29,-110.28829720
2020.01.30,-99.45110039
2020.01.31,-182.33804160
2020.02.01,-162.29025647
2020.02.02,-142.24247133
2020.02.03,-122.19468620
2020.02.04,-50.86114384
2020.02.05,23.53334058
2020.02.06,5.12295806
2020.02.07,-45.84353379
2020.02.08,-38.32591141
2020.02.09,-30.80828903
2020.02.10,-23.29066665
2020.02.11,25.80848809
2020.02.12,42.95922295
2020.02.13,24.60830514
2020.02.14,16.04522889
2020.02.15,6.99481481
2020.02.16,-2.05559928
2020.02.17,-11.10601336
2020.02.18,-20.15642745
2020.02.19,-18.30806149
2020.02.20,8.26383172
2020.02.21,-61.35851874
2020.02.22,-101.59862443
2020.02.23,-141.83873011
2020.02.24,-182.07883580
2020.02.25,-285.43431270
2020.02.26,-298.02607390
2020.02.27,-379.30189930
2020.02.28,-408.09622060
2020.02.29,-356.62244180
2020.03.01,-305.14866300
2020.03.02,-253.67488420
2020.03.03,-263.87626710
2020.03.04,-118.22906820
2020.03.05,-216.80956780
2020.03.06,-278.71184710
2020.03.07,-312.17281027
2020.03.08,-345.63377343
2020.03.09,-379.09473660
2020.03.10,-238.32663350
2020.03.11,-331.42827220
2020.03.12,-421.42303190
2020.03.13,-236.11143630
2020.03.14,-267.75411250
2020.03.15,-299.39678870
2020.03.16,-331.03946490
2020.03.17,-238.54773200
2020.03.18,-323.02456170
2020.03.19,-180.13712830
2020.03.20,-156.36768710
2020.03.21,-170.74945020
2020.03.22,-185.13121330
2020.03.23,-199.51297640
2020.03.24,-23.75463393
2020.03.25,90.33752207
2020.03.26,209.93462780
2020.03.27,111.64048010
2020.03.28,121.97391390
2020.03.29,132.30734770
2020.03.30,142.64078150
2020.03.31,121.48283520
2020.04.01,-9.66462307
2020.04.02,35.30262324
2020.04.03,-39.32689428
2020.04.04,8.86923805
2020.04.05,57.06537037
2020.04.06,105.26150270
2020.04.07,173.25827460
2020.04.08,280.57922320
2020.04.09,360.83573820
2020.04.10,332.31452360
2020.04.11,303.79330900
2020.04.12,275.27209440
2020.04.13,246.75087980
2020.04.14,295.07457140
2020.04.15,160.41595500
2020.04.16,106.88075810
2020.04.17,203.37376100
2020.04.18,168.50197721
2020.04.19,133.63019342
2020.04.20,98.75840963
2020.04.21,1.36849219
2020.04.22,68.19327031
2020.04.23,97.83748926
2020.04.24,124.84410900
2020.04.25,148.29958880
2020.04.26,171.75506860
2020.04.27,195.21054840
2020.04.28,236.19780130
2020.04.29,316.46091350
2020.04.30,202.40356990
2020.05.01,67.57252321
2020.05.02,60.74972071
2020.05.03,53.92691821
2020.05.04,47.10411571
2020.05.05,56.16810673
2020.05.06,-9.51302149
2020.05.07,59.22717899
2020.05.08,148.40391450
2020.05.09,125.32194427
2020.05.10,102.23997403
2020.05.11,79.15800380
2020.05.12,-14.19303987
2020.05.13,-131.03721700
2020.05.14,-101.03380240
2020.05.15,-68.52571386
2020.05.16,-26.98003244
2020.05.17,14.56564897
2020.05.18,56.11133039
2020.05.19,14.09544657
2020.05.20,99.15138868
2020.05.21,90.27846224
2020.05.22,93.29071782
2020.05.23,114.48047404
2020.05.24,135.67023026
2020.05.25,156.85998648
2020.05.26,178.04974270
2020.05.27,241.92846040
2020.05.28,176.98512160
2020.05.29,139.67364140
2020.05.30,155.65708010
2020.05.31,171.64051880
2020.06.01,187.62395750
2020.06.02,223.18335810
2020.06.03,272.02072880
2020.06.04,234.91657710
2020.06.05,293.66794450
2020.06.06,306.73930430
2020.06.07,319.81066410
2020.06.08,332.88202390
2020.06.09,183.49565170
2020.06.10,73.45282514
2020.06.11,-94.40105565
2020.06.12,-11.79411845
2020.06.13,-0.88148449
2020.06.14,10.03114948
2020.06.15,20.94378344
2020.06.16,100.37997070
2020.06.17,19.54601086
2020.06.18,-17.16475482
2020.06.19,-75.76663570
2020.06.20,-74.57522736
2020.06.21,-73.38381901
2020.06.22,-72.19241067
2020.06.23,-54.47548622
2020.06.24,-175.60513840
2020.06.25,-120.84296530
2020.06.26,-211.06709250
2020.06.27,-179.01252357
2020.06.28,-146.95795463
2020.06.29,-114.90338570
2020.06.30,-64.20889957
2020.07.01,-61.34406939
2020.07.02,-26.33791924
2020.07.03,-13.44743225
2020.07.04,-0.55694525
2020.07.05,12.33354174
2020.07.06,25.22402873
2020.07.07,-67.46662589
2020.07.08,-41.97980247
2020.07.09,-116.77866940
2020.07.10,-30.59780733
2020.07.11,-45.63526529
2020.07.12,-60.67272324
2020.07.13,-75.71018120
2020.07.14,-28.10270995
2020.07.15,69.99219151
2020.07.16,38.26337131
2020.07.17,37.64391318
2020.07.18,25.68796109
2020.07.19,13.73200900
2020.07.20,1.77605691
2020.07.21,70.25015952
2020.07.22,75.14426645
2020.07.23,47.90300654
2020.07.24,-15.27778571
2020.07.25,-8.39218186
2020.07.26,-1.50657801
2020.07.27,5.37902584
2020.07.28,-18.68629541
2020.07.29,64.08128639
2020.07.30,-2.87283759
2020.07.31,-36.85424941
2020.08.01,-24.97752803
2020.08.02,-13.10080665
2020.08.03,-1.22408527
2020.08.04,28.89582549
2020.08.05,70.70387007
2020.08.06,47.14622883
2020.08.07,69.61871443
2020.08.08,84.70734162
2020.08.09,99.79596881
2020.08.10,114.88459600
2020.08.11,86.81250185
2020.08.12,98.87679880
2020.08.13,46.09738870
2020.08.14,27.79050611
2020.08.15,23.02672707
2020.08.16,18.26294802
2020.08.17,13.49916898
2020.08.18,-34.33742012
2020.08.19,-73.06601670
2020.08.20,-106.21363670
2020.08.21,-150.92378360
2020.08.22,-125.53130249
2020.08.23,-100.13882139
2020.08.24,-74.74634028
2020.08.25,-78.59089455
2020.08.26,-110.53503400
2020.08.27,-87.34459801
2020.08.28,-26.98005228
2020.08.29,-49.11452332
2020.08.30,-71.24899437
2020.08.31,-93.38346541
2020.09.01,-51.59146631
2020.09.02,-8.05134975
2020.09.03,-107.48429330
2020.09.04,-129.11203870
2020.09.05,-148.16107920
2020.09.06,-167.21011970
2020.09.07,-186.25916020
2020.09.08,-205.30820070
2020.09.09,-108.57937820
2020.09.10,-151.53333810
2020.09.11,-140.85130720
2020.09.12,-104.78884285
2020.09.13,-68.72637851
2020.09.14,-32.66391416
2020.09.15,-18.55037356
2020.09.16,14.25945552
2020.09.17,-26.50943790
2020.09.18,-74.38429458
2020.09.19,-108.60465492
2020.09.20,-142.82501526
2020.09.21,-177.04537560
2020.09.22,-135.13537290
2020.09.23,-240.72664380
2020.09.24,-209.05354720
2020.09.25,-113.67778190
2020.09.26,-72.98955913
2020.09.27,-32.30133636
2020.09.28,8.38688641
2020.09.29,-32.33975665
2020.09.30,-17.84933768
2020.10.01,41.02921723
2020.10.02,74.46523559
2020.10.03,96.07039209
2020.10.04,117.67554860
2020.10.05,139.28070510
2020.10.06,83.25152802
2020.10.07,139.93032400
2020.10.08,196.74104290
2020.10.09,168.53050240
2020.10.10,170.47628083
2020.10.11,172.42205927
2020.10.12,174.36783770
2020.10.13,91.58692020
2020.10.14,39.35130115
2020.10.15,47.19309035
2020.10.16,7.71185467
2020.10.17,-17.78648392
2020.10.18,-43.28482251
2020.10.19,-68.78316110
2020.10.20,-8.74248379
2020.10.21,-60.81399227
2020.10.22,1.61893794
2020.10.23,35.94099859
2020.10.24,-6.07044913
2020.10.25,-48.08189684
2020.10.26,-90.09334456
2020.10.27,-139.00224120
2020.10.28,-251.47433670
2020.10.29,-168.43060660
2020.10.30,-179.98606430
2020.10.31,-147.02939300
2020.11.01,-114.07272169
2020.11.02,-81.11605039
2020.11.03,24.62339179
2020.11.04,35.65749789
2020.11.05,122.06337110
2020.11.06,67.83007587
2020.11.07,93.19386995
2020.11.08,118.55766402
2020.11.09,143.92145810
2020.11.10,171.85998250
2020.11.11,144.48812110
2020.11.12,39.26273888
2020.11.13,131.29872340
2020.11.14,157.06014780
2020.11.15,182.82157220
2020.11.16,208.58299660
2020.11.17,191.46813520
2020.11.18,121.57758800
2020.11.19,137.51328220
2020.11.20,96.70073433
2020.11.21,116.49132362
2020.11.22,136.28191291
2020.11.23,156.07250220
2020.11.24,204.05500130
2020.11.25,141.65976300
2020.11.26,134.05664920
2020.11.27,126.45353540
2020.11.28,95.70900465
2020.11.29,64.96447389
2020.11.30,34.21994314
2020.12.01,79.48912204
2020.12.02,86.49682440
2020.12.03,109.00592580
2020.12.04,168.90617780
2020.12.05,147.51290603
2020.12.06,126.11963427
2020.12.07,104.72636250
2020.12.08,117.07898850
2020.12.09,88.30508883
2020.12.10,70.81187916
2020.12.11,19.05112550
2020.12.12,0.85089216
2020.12.13,-17.34934117
2020.12.14,-35.54957451
2020.12.15,31.99457485
2020.12.16,0.63484969
2020.12.17,37.01911042
2020.12.18,-7.75744221
2020.12.19,-26.95583063
2020.12.20,-46.15421906
2020.12.21,-65.35260749
2020.12.22,-96.21971077
2020.12.23,-39.42998552
2020.12.24,-15.52762050
2020.12.25,-17.19908045
2020.12.26,-18.87054040
2020.12.27,-20.54200036
2020.12.28,-22.21346031
2020.12.29,-81.86878605
2020.12.30,-26.01474562
2020.12.31,-6.42946733
2021.01.01,-26.59757726
2021.01.02,-46.76568719
2021.01.03,-66.93379712
2021.01.04,-87.10190705
2021.01.05,-18.49133348
2021.01.06,13.76316359
2021.01.07,32.82194277
2021.01.08,17.70308925
2021.01.09,1.33137752
2021.01.10,-15.04033422
2021.01.11,-31.41204595
2021.01.12,10.95157368
2021.01.13,3.26771060
2021.01.14,45.33166911
2021.01.15,-31.33030471
2021.01.16,-24.06513873
2021.01.17,-16.79997276
2021.01.18,-9.53480678
2021.01.19,-2.26964080
2021.01.20,26.78857504
2021.01.21,-26.90059328
2021.01.22,-26.87032924
2021.01.23,-39.80025344
2021.01.24,-52.73017763
2021.01.25,-65.66010183
2021.01.26,-97.44705689
2021.01.27,-202.68766820
2021.01.28,-123.35495250
2021.01.29,-196.15870580
2021.01.30,-159.81417766
2021.01.31,-123.46964952
2021.02.01,-87.12512138
2021.02.02,-1.16578108
2021.02.03,14.03528378
2021.02.04,74.61201782
2021.02.05,106.98206530
2021.02.06,123.06255873
2021.02.07,139.14305217
2021.02.08,155.22354560
2021.02.09,145.24389360
2021.02.10,114.33507160
2021.02.11,69.08635340
2021.02.12,61.35326761
2021.02.13,52.73612894
2021.02.14,44.11899027
2021.02.15,35.50185159
2021.02.16,26.88471292
2021.02.17,-12.82032491
2021.02.18,-81.35403062
2021.02.19,-31.49357886
2021.02.20,-37.26419414
2021.02.21,-43.03480943
2021.02.22,-48.80542471
2021.02.23,-91.41302578
2021.02.24,-35.48545957
2021.02.25,-163.58996320
2021.02.26,-177.30136390
2021.02.27,-139.81361085
2021.02.28,-102.32585780
2021.03.01,-64.83810475
2021.03.02,-89.45782763
2021.03.03,-96.76040156
2021.03.04,-182.77030030
2021.03.05,-74.94491214
2021.03.06,-62.43976834
2021.03.07,-49.93462455
2021.03.08,-37.42948075
2021.03.09,-4.06663950
2021.03.10,67.82892297
2021.03.11,128.16048430
2021.03.12,119.35316670
2021.03.13,123.41082593
2021.03.14,127.46848517
2021.03.15,131.52614440
2021.03.16,50.17640964
2021.03.17,49.57150434
2021.03.18,-65.49354722
2021.03.19,-48.64669856
2021.03.20,-56.06426886
2021.03.21,-63.48183916
2021.03.22,-70.89940946
2021.03.23,-161.67098020
2021.03.24,-168.72231840
2021.03.25,-102.70760080
2021.03.26,-5.45147937
2021.03.27,-26.75773229
2021.03.28,-48.06398520
2021.03.29,-69.37023812
2021.03.30,-25.92392565
2021.03.31,-13.94770887
2021.04.01,80.31169503
2021.04.02,85.93425300
2021.04.03,91.55681096
2021.04.04,97.17936893
2021.04.05,102.80192690
2021.04.06,116.16706550
2021.04.07,66.06342366
2021.04.08,84.64449278
2021.04.09,79.25808442
2021.04.10,71.54086123
2021.04.11,63.82363804
2021.04.12,56.10641485
2021.04.13,31.98120529
2021.04.14,44.79424509
2021.04.15,70.37542289
2021.04.16,69.04545280
2021.04.17,43.51800224
2021.04.18,17.99055167
2021.04.19,-7.53689889
2021.04.20,-96.47712510
2021.04.21,1.06136713
2021.04.22,-46.69852886
2021.04.23,40.65025272
2021.04.24,48.62690505
2021.04.25,56.60355737
2021.04.26,64.58020970
2021.04.27,43.61742188
2021.04.28,53.72615117
2021.04.29,42.90048397
2021.04.30,-35.46996391
2021.05.01,-17.02975828
2021.05.02,1.41044734
2021.05.03,19.85065297
2021.05.04,-18.24947286
2021.05.05,-18.43383308
2021.05.06,-10.99929191
2021.05.07,60.46223726
2021.05.08,34.67800268
2021.05.09,8.89376809
2021.05.10,-16.89046649
2021.05.11,-105.79257590
2021.05.12,-222.57491650
2021.05.13,-142.46094320
2021.05.14,-27.00119124
2021.05.15,-26.00015996
2021.05.16,-24.99912867
2021.05.17,-23.99809739
2021.05.18,-43.66046166
2021.05.19,-95.85348081
2021.05.20,-34.09924477
2021.05.21,-7.07887674
2021.05.22,7.31705961
2021.05.23,21.71299596
2021.05.24,36.10893231
2021.05.25,-19.74603561
2021.05.26,33.29669700
2021.05.27,63.58174989
2021.05.28,78.35756136
2021.05.29,91.78044412
2021.05.30,105.20332688
2021.05.31,118.62620964
2021.06.01,132.04909240
2021.06.02,119.29510590
2021.06.03,69.39397196
2021.06.04,93.98153258
2021.06.05,92.56568480
2021.06.06,91.14983702
2021.06.07,89.73398924
2021.06.08,112.05366970
2021.06.09,73.07672822
2021.06.10,60.13605958
2021.06.11,91.07110759
2021.06.12,77.48581110
2021.06.13,63.90051460
2021.06.14,50.31521811
2021.06.15,19.61735651
2021.06.16,-35.27740195
2021.06.17,-92.23603341
2021.06.18,-175.72448310
2021.06.19,-144.55915049
2021.06.20,-113.39381787
2021.06.21,-82.22848526
2021.06.22,-68.67826463
2021.06.23,-63.14943468
2021.06.24,-2.85653789
2021.06.25,-2.44182845
2021.06.26,-16.36956655
2021.06.27,-30.29730464
2021.06.28,-44.22504274
2021.06.29,-63.47856574
2021.06.30,-40.62293507
2021.07.01,3.52174382
2021.07.02,-5.40216445
2021.07.03,-20.16539713
2021.07.04,-34.92862982
2021.07.05,-49.69186250
2021.07.06,-64.45509519
2021.07.07,-71.97307550
2021.07.08,-156.29108330
2021.07.09,-48.80152454
2021.07.10,-41.00233109
2021.07.11,-33.20313763
2021.07.12,-25.40394418
2021.07.13,-113.12199320
2021.07.14,-130.45531520
2021.07.15,-156.12302900
2021.07.16,-207.13830910
2021.07.17,-238.51576673
2021.07.18,-269.89322437
2021.07.19,-301.27068200
2021.07.20,-153.69750740
2021.07.21,-57.90395565
2021.07.22,-114.21094910
2021.07.23,-60.68237375
2021.07.24,-51.67559249
2021.07.25,-42.66881122
2021.07.26,-33.66202996
2021.07.27,-76.94132587
2021.07.28,-28.41041725
2021.07.29,36.17556171
2021.07.30,0.11569592
2021.07.31,-4.44489199
2021.08.01,-9.00547991
2021.08.02,-13.56606782
2021.08.03,19.55385453
2021.08.04,-41.02638114
2021.08.05,18.73264927
2021.08.06,44.58295702
2021.08.07,28.67598980
2021.08.08,12.76902259
2021.08.09,-3.13794463
2021.08.10,8.02637418
2021.08.11,58.88173489
2021.08.12,34.06865962
2021.08.13,17.88313697
2021.08.14,0.15712445
2021.08.15,-17.56888806
2021.08.16,-35.29490058
2021.08.17,-109.28564820
2021.08.18,-168.10130910
2021.08.19,-213.79819270
2021.08.20,-112.70003720
2021.08.21,-86.68256282
2021.08.22,-60.66508845
2021.08.23,-34.64761407
2021.08.24,29.51044578
2021.08.25,54.26803473
2021.08.26,-33.18556689
2021.08.27,81.15753156
2021.08.28,69.61005207
2021.08.29,58.06257257
2021.08.30,46.51509308
2021.08.31,55.46323271
2021.09.01,87.03657593
2021.09.02,124.19660150
2021.09.03,72.09744036
2021.09.04,53.27112287
2021.09.05,34.44480537
2021.09.06,15.61848788
2021.09.07,-3.20782962
2021.09.08,-42.17779630
2021.09.09,-38.18622883
2021.09.10,-82.58250751
2021.09.11,-65.63114275
2021.09.12,-48.67977799
2021.09.13,-31.72841323
2021.09.14,-90.78952056
2021.09.15,-12.93281973
2021.09.16,-24.10067641
2021.09.17,-65.77869050
2021.09.18,-100.33062670
2021.09.19,-134.88256290
2021.09.20,-169.43449910
2021.09.21,-128.31304290
2021.09.22,-7.21263271
2021.09.23,45.96428119
2021.09.24,11.20072117
2021.09.25,21.37443870
2021.09.26,31.54815622
2021.09.27,41.72187375
2021.09.28,-63.49115016
2021.09.29,-23.98082986
2021.09.30,-65.42960185
2021.10.01,13.80884611
2021.10.02,-2.48121097
2021.10.03,-18.77126804
2021.10.04,-35.06132512
2021.10.05,-2.02001489
2021.10.06,-13.25959457
2021.10.07,58.29686277
2021.10.08,35.83614949
2021.10.09,28.32511929
2021.10.10,20.81408909
2021.10.11,13.30305889
2021.10.12,47.42075112
2021.10.13,81.60427423
2021.10.14,159.22316510
2021.10.15,132.09120100
2021.10.16,123.87177257
2021.10.17,115.65234413
2021.10.18,107.43291570
2021.10.19,114.61291710
2021.10.20,157.37875380
2021.10.21,122.10665040
2021.10.22,103.73846870
2021.10.23,112.06397280
2021.10.24,120.38947690
2021.10.25,128.71498100
2021.10.26,87.57632418
2021.10.27,-1.23510906
2021.10.28,59.18729106
2021.10.29,40.05250671
2021.10.30,63.96567234
2021.10.31,87.87883797
2021.11.01,111.79200360
2021.11.02,74.52031335
2021.11.03,109.53041660
2021.11.04,69.86640289
2021.11.05,106.95433910
2021.11.06,104.46281036
2021.11.07,101.97128162
2021.11.08,99.47975288
2021.11.09,66.99158289
2021.11.10,-12.32076036
2021.11.11,3.42878995
2021.11.12,9.12751153
2021.11.13,1.20310132
2021.11.14,-6.72130888
2021.11.15,-14.64571909
2021.11.16,-35.29860266
2021.11.17,-94.38032511
2021.11.18,-140.02329620
2021.11.19,-178.14792000
2021.11.20,-176.46652457
2021.11.21,-174.78512913
2021.11.22,-173.10373370
2021.11.23,-163.12543580
2021.11.24,-127.32836390
2021.11.25,-179.63179475
2021.11.26,-231.93522560
2021.11.27,-216.14495580
2021.11.28,-200.35468600
2021.11.29,-184.56441620
2021.11.30,-260.98955210
2021.12.01,-292.82809550
2021.12.02,-165.78590970
2021.12.03,-216.03591120
2021.12.04,-177.06376848
2021.12.05,-138.09162575
2021.12.06,-99.11948303
2021.12.07,17.78966052
2021.12.08,57.20802995
2021.12.09,-28.67530434
2021.12.10,-29.96217863
2021.12.11,-49.29566751
2021.12.12,-68.62915638
2021.12.13,-87.96264526
2021.12.14,-140.21323100
2021.12.15,-63.43641566
2021.12.16,-62.07505646
2021.12.17,-75.25071906
2021.12.18,-103.89703171
2021.12.19,-132.54334435
2021.12.20,-161.18965700
2021.12.21,-25.26150064
2021.12.22,66.13338055
2021.12.23,124.59533710
2021.12.24,136.39833612
2021.12.25,148.20133515
2021.12.26,160.00433417
2021.12.27,171.80733320
2021.12.28,145.41455320
2021.12.29,148.37165360
2021.12.30,149.10811610
2021.12.31,165.39225100
2022.01.01,166.00757570
2022.01.02,166.62290040
2022.01.03,167.23822510
2022.01.04,149.23034180
2022.01.05,21.48744987
2022.01.06,38.95984002
2022.01.07,39.35393441
2022.01.08,21.01732808
2022.01.09,2.68072176
2022.01.10,-15.65588457
2022.01.11,64.53899963
2022.01.12,58.98293063
2022.01.13,39.08757697
2022.01.14,-0.01838829
2022.01.15,-30.00226537
2022.01.16,-59.98614244
2022.01.17,-89.97001952
2022.01.18,-119.95389660
2022.01.19,-165.69898680
2022.01.20,-222.08254400
2022.01.21,-291.33007260
2022.01.22,-284.23006813
2022.01.23,-277.13006367
2022.01.24,-270.03005920
2022.01.25,-252.46839750
2022.01.26,-268.09083470
2022.01.27,-298.30756440
2022.01.28,-188.85133040
2022.01.29,-142.00821818
2022.01.30,-95.16510597
2022.01.31,-48.32199375
2022.02.01,46.67219909
2022.02.02,29.85887297
2022.02.03,-72.31581523
2022.02.04,-67.86359456
2022.02.05,-58.11493901
2022.02.06,-48.36628347
2022.02.07,-38.61762792
2022.02.08,13.23076170
2022.02.09,95.49498102
2022.02.10,6.05341363
2022.02.11,-54.84939356
2022.02.12,-73.51527794
2022.02.13,-92.18116232
2022.02.14,-110.84704670
2022.02.15,4.72919503
2022.02.16,57.87323577
2022.02.17,-21.22797558
2022.02.18,-46.70337140
2022.02.19,-65.46535805
2022.02.20,-84.22734470
2022.02.21,-102.98933135
2022.02.22,-121.75131800
2022.02.23,-173.25855570
2022.02.24,-114.08095120
2022.02.25,23.98630543
2022.02.26,22.47882972
2022.02.27,20.97135402
2022.02.28,19.46387831
2022.03.01,-6.35011627
2022.03.02,82.51066895
2022.03.03,55.47408697
2022.03.04,-2.11956106
2022.03.05,-30.51355148
2022.03.06,-58.90754190
2022.03.07,-87.30153232
2022.03.08,-59.24561009
2022.03.09,44.03843147
2022.03.10,18.72609485
2022.03.11,-47.55958344
2022.03.12,-67.85506913
2022.03.13,-88.15055481
2022.03.14,-108.44604050
2022.03.15,-18.36173101
2022.03.16,93.55216223
2022.03.17,186.67078010
2022.03.18,227.35384450
2022.03.19,208.06959480
2022.03.20,188.78534510
2022.03.21,169.50109540
2022.03.22,189.78948940
2022.03.23,122.73711880
2022.03.24,163.94365640
2022.03.25,151.00552770
2022.03.26,145.33315183
2022.03.27,139.66077597
2022.03.28,133.98840010
2022.03.29,224.76881390
2022.03.30,172.11222370
2022.03.31,116.53027790
2022.04.01,152.92506290
2022.04.02,151.07603487
2022.04.03,149.22700683
2022.04.04,147.37797880
2022.04.05,23.39833193
2022.04.06,-49.72125778
2022.04.07,-47.63990069
2022.04.08,-55.77214087
2022.04.09,-73.91354241
2022.04.10,-92.05494396
2022.04.11,-110.19634550
2022.04.12,-90.92805878
2022.04.13,2.05096668
2022.04.14,-39.76222138
2022.04.15,-47.57508755
2022.04.16,-55.38795373
2022.04.17,-63.20081990
2022.04.18,-71.01368607
2022.04.19,2.52138005
2022.04.20,51.88125469
2022.04.21,-50.97545877
2022.04.22,-152.61307150
2022.04.23,-146.02543600
2022.04.24,-139.43780050
2022.04.25,-132.85016500
2022.04.26,-217.03862910
2022.04.27,-198.93457280
2022.04.28,-70.41093180
2022.04.29,-155.32116410
2022.04.30,-153.49504500
2022.05.01,-151.66892590
2022.05.02,-149.84280680
2022.05.03,-73.80959739
2022.05.04,48.71784469
2022.05.05,-75.11478156
2022.05.06,-120.16610310
2022.05.07,-153.98878623
2022.05.08,-187.81146937
2022.05.09,-221.63415250
2022.05.10,-202.38116400
2022.05.11,-223.85795290
2022.05.12,-175.35131780
2022.05.13,-36.60138810
2022.05.14,-28.69665583
2022.05.15,-20.79192356
2022.05.16,-12.88719129
2022.05.17,84.65288293
2022.05.18,-25.42361802
2022.05.19,0.88809176
2022.05.20,3.88016316
2022.05.21,29.52643657
2022.05.22,55.17270998
2022.05.23,80.81898339
2022.05.24,63.04757977
2022.05.25,161.88779180
2022.05.26,257.43673410
2022.05.27,351.89389610
2022.05.28,328.34424710
2022.05.29,304.79459810
2022.05.30,281.24494910
2022.05.31,257.69530010
2022.06.01,197.31702410
2022.06.02,259.80701290
2022.06.03,153.93691830
2022.06.04,153.89071317
2022.06.05,153.84450803
2022.06.06,153.79830290
2022.06.07,197.16079510
2022.06.08,94.74992202
2022.06.09,-26.43512409
2022.06.10,-132.96616290
2022.06.11,-174.90589867
2022.06.12,-216.84563443
2022.06.13,-258.78537020
2022.06.14,-257.66686570
2022.06.15,-137.07221000
2022.06.16,-244.27841830
2022.06.17,-166.21833430
2022.06.18,-139.16271842
2022.06.19,-112.10710255
2022.06.20,-85.05148667
2022.06.21,-57.99587079
2022.06.22,-48.72568516
2022.06.23,1.34395198
2022.06.24,115.49677200
2022.06.25,117.80449773
2022.06.26,120.11222347
2022.06.27,122.41994920
2022.06.28,50.97716601
2022.06.29,5.58870053
2022.06.30,-21.64638095
2022.07.01,70.07585629
2022.07.02,65.46888968
2022.07.03,60.86192307
2022.07.04,56.25495646
2022.07.05,51.64798985
2022.07.06,14.38392409
2022.07.07,111.75122820
2022.07.08,91.44151716
2022.07.09,68.36751364
2022.07.10,45.29351011
2022.07.11,22.21950659
2022.07.12,8.37359002
2022.07.13,-2.25653659
2022.07.14,-70.03401216
2022.07.15,51.01641628
2022.07.16,53.93076103
2022.07.17,56.84510577
2022.07.18,59.75945052
2022.07.19,165.98594750
2022.07.20,204.37967280
2022.07.21,216.53440950
2022.07.22,158.29403730
2022.07.23,162.19837450
2022.07.24,166.10271170
2022.07.25,170.00704890
2022.07.26,111.42163860
2022.07.27,201.42400460
2022.07.28,254.66890740
2022.07.29,287.76995490
2022.07.30,277.52413683
2022.07.31,267.27831877
2022.08.01,257.03250070
2022.08.02,200.66681480
2022.08.03,230.37081930
2022.08.04,183.41588910
2022.08.05,140.80234430
2022.08.06,149.17281347
2022.08.07,157.54328263
2022.08.08,165.91375180
2022.08.09,86.05443641
2022.08.10,176.54444960
2022.08.11,171.33068860
2022.08.12,233.31626950
2022.08.13,218.80996630
2022.08.14,204.30366310
2022.08.15,189.79735990
2022.08.16,160.68970530
2022.08.17,29.49921213
2022.08.18,36.83384441
2022.08.19,-94.27921422
2022.08.20,-129.13930391
2022.08.21,-163.99939361
2022.08.22,-198.85948330
2022.08.23,-189.48131590
2022.08.24,-130.31557620
2022.08.25,-26.97729090
2022.08.26,-149.53817050
2022.08.27,-161.96879090
2022.08.28,-174.39941130
2022.08.29,-186.83003170
2022.08.30,-260.93042290
2022.08.31,-289.28160520
2022.09.01,-321.32545810
2022.09.02,-304.91632500
2022.09.03,-309.97772740
2022.09.04,-315.03912980
2022.09.05,-320.10053220
2022.09.06,-325.16193460
2022.09.07,-195.49612110
2022.09.08,-151.20437000
2022.09.09,-20.82890095
2022.09.10,8.06282257
2022.09.11,36.95454608
2022.09.12,65.84626960
2022.09.13,-69.57569092
2022.09.14,-53.06358871
2022.09.15,-111.83042340
2022.09.16,-168.46691490
2022.09.17,-150.96087013
2022.09.18,-133.45482537
2022.09.19,-115.94878060
2022.09.20,-202.41603180
2022.09.21,-238.48345150
2022.09.22,-303.67867810
2022.09.23,-376.35220340
2022.09.24,-390.87023777
2022.09.25,-405.38827213
2022.09.26,-419.90630650
2022.09.27,-353.74553310
2022.09.28,-169.45934430
2022.09.29,-239.14735600
2022.09.30,-212.33486930
2022.10.01,-160.22275248
2022.10.02,-108.11063566
2022.10.03,-55.99851884
2022.10.04,87.34905342
2022.10.05,26.27448243
2022.10.06,-22.42564818
2022.10.07,-114.45213160
2022.10.08,-122.22225917
2022.10.09,-129.99238673
2022.10.10,-137.76251430
2022.10.11,-123.90407890
2022.10.12,-126.98559620
2022.10.13,-21.28536560
2022.10.14,-99.80524156
2022.10.15,-53.68373081
2022.10.16,-7.56222006
2022.10.17,38.55929069
2022.10.18,120.76816930
2022.10.19,36.90291969
2022.10.20,-11.88638334
2022.10.21,72.95819449
2022.10.22,83.13396886
2022.10.23,93.30974323
2022.10.24,103.48551760
2022.10.25,215.21895120
2022.10.26,230.77494220
2022.10.27,227.77143980
2022.10.28,290.76458810
2022.10.29,276.93302770
2022.10.30,263.10146730
2022.10.31,249.26990690
2022.11.01,252.49560490
2022.11.02,136.49109870
2022.11.03,95.17479043
2022.11.04,155.97347290
2022.11.05,165.00780827
2022.11.06,174.04214363
2022.11.07,183.07647900
2022.11.08,199.03416690
2022.11.09,77.78281917
2022.11.10,197.92400280
2022.11.11,221.55509470
2022.11.12,189.65403077
2022.11.13,157.75296683
2022.11.14,125.85190290
2022.11.15,192.34641440
2022.11.16,116.08748960
2022.11.17,52.45567146
2022.11.18,77.38818861
2022.11.19,69.83164235
2022.11.20,62.27509608
2022.11.21,54.71854982
2022.11.22,124.21241590
2022.11.23,141.55860930
2022.11.24,151.89521050
2022.11.25,162.23181170
2022.11.26,123.85328800
2022.11.27,85.47476431
2022.11.28,47.09624061
2022.11.29,61.91984614
2022.11.30,163.08442960
2022.12.01,153.66472640
2022.12.02,140.59255650
2022.12.03,95.39933381
2022.12.04,50.20611112
2022.12.05,5.01288842
2022.12.06,-67.33279221
2022.12.07,-67.75168519
2022.12.08,-43.97108026
2022.12.09,-106.26880760
2022.12.10,-87.86321191
2022.12.11,-69.45761621
2022.12.12,-51.05202052
2022.12.13,17.46359258
2022.12.14,-13.54287619
2022.12.15,-112.53569260
2022.12.16,-157.91187220
2022.12.17,-172.58089693
2022.12.18,-187.24992167
2022.12.19,-201.91894640
2022.12.20,-165.98540000
2022.12.21,-58.48229094
2022.12.22,-137.97472120
2022.12.23,-63.85087548
2022.12.24,-65.83958986
2022.12.25,-67.82830424
2022.12.26,-69.81701862
2022.12.27,-71.80573300
2022.12.28,-146.54810750
2022.12.29,-18.32009720
2022.12.30,-29.49354788
2022.12.31,-19.97000603
2023.01.01,-10.44646418
2023.01.02,-0.92292233
2023.01.03,8.60061952
2023.01.04,105.42812960
2023.01.05,64.43850998
2023.01.06,170.77019270
2023.01.07,174.45677197
2023.01.08,178.14335123
2023.01.09,181.82993050
2023.01.10,222.12685660
2023.01.11,272.32009410
2023.01.12,311.22371180
2023.01.13,299.58018630
2023.01.14,290.35440750
2023.01.15,281.12862870
2023.01.16,271.90284990
2023.01.17,262.67707110
2023.01.18,168.96152220
2023.01.19,107.73992040
2023.01.20,176.55675110
2023.01.21,188.27528663
2023.01.22,199.99382217
2023.01.23,211.71235770
2023.01.24,164.01183950
2023.01.25,141.60783730
2023.01.26,166.64437620
2023.01.27,155.46739510
2023.01.28,124.82284314
2023.01.29,94.17829119
2023.01.30,63.53373923
2023.01.31,148.36279480
2023.02.01,180.79982330
2023.02.02,202.42948360
2023.02.03,85.06069574
2023.02.04,49.26882337
2023.02.05,13.47695099
2023.02.06,-22.31492138
2023.02.07,1.89050060
2023.02.08,-67.37331612
2023.02.09,-146.40701280
2023.02.10,-133.59878850
2023.02.11,-105.57577989
2023.02.12,-77.55277128
2023.02.13,-49.52976267
2023.02.14,-62.60309681
2023.02.15,-43.56778202
2023.02.16,-125.12474900
2023.02.17,-141.63033200
2023.02.18,-168.90636242
2023.02.19,-196.18239285
2023.02.20,-223.45842328
2023.02.21,-250.73445370
2023.02.22,-211.51480560
2023.02.23,-141.47443240
2023.02.24,-196.33254120
2023.02.25,-180.05654797
2023.02.26,-163.78055473
2023.02.27,-147.50456150
2023.02.28,-140.01911600
2023.03.01,-145.86896460
2023.03.02,-120.44124030
2023.03.03,-14.09832979
2023.03.04,-30.61710308
2023.03.05,-47.13587638
2023.03.06,-63.65464967
2023.03.07,-151.45702990
2023.03.08,-129.32077990
2023.03.09,-227.99768220
2023.03.10,-307.72644530
2023.03.11,-316.83626537
2023.03.12,-325.94608543
2023.03.13,-335.05590550
2023.03.14,-210.54731440
2023.03.15,-262.83973250
2023.03.16,-144.18555130
2023.03.17,-224.16529860
2023.03.18,-200.86925110
2023.03.19,-177.57320360
2023.03.20,-154.27715610
2023.03.21,-41.95140842
2023.03.22,-105.00313710
2023.03.23,-127.08734950
2023.03.24,-65.93391432
2023.03.25,-36.47862877
2023.03.26,-7.02334323
2023.03.27,22.43194232
2023.03.28,54.72259005
2023.03.29,140.60748090
2023.03.30,184.98602520
2023.03.31,262.70475040
2023.04.01,251.98341250
2023.04.02,241.26207460
2023.04.03,230.54073670
2023.04.04,140.03780130
2023.04.05,83.55760258
2023.04.06,85.99924463
2023.04.07,94.01364657
2023.04.08,102.02804851
2023.04.09,110.04245046
2023.04.10,118.05685240
2023.04.11,171.82582270
2023.04.12,134.13916320
2023.04.13,176.89637360
2023.04.14,102.36930650
2023.04.15,107.84181023
2023.04.16,113.31431397
2023.04.17,118.78681770
2023.04.18,85.42985566
2023.04.19,60.03250383
2023.04.20,9.31760549
2023.04.21,-9.64022061
2023.04.22,-5.59380068
2023.04.23,-1.54738075
2023.04.24,2.49903918
2023.04.25,-104.18438890
2023.04.26,-141.37779800
2023.04.27,-39.17127373
2023.04.28,33.66116087
2023.04.29,21.62896946
2023.04.30,9.59677805
2023.05.01,-2.43541336
2023.05.02,-95.63580725
2023.05.03,-119.74396500
2023.05.04,-166.65772000
2023.05.05,-38.23569201
2023.05.06,-39.62168787
2023.05.07,-41.00768372
2023.05.08,-42.39367958
2023.05.09,-64.38679056
2023.05.10,-33.31896649
2023.05.11,-84.63938207
2023.05.12,-88.24514049
2023.05.13,-66.95903974
2023.05.14,-45.67293899
2023.05.15,-24.38683824
2023.05.16,-108.71605560
2023.05.17,-10.07395620
2023.05.18,19.66540858
2023.05.19,-12.35576157
2023.05.20,-1.56120213
2023.05.21,9.23335732
2023.05.22,20.02791676
2023.05.23,-14.93417786
2023.05.24,-90.35209786
2023.05.25,-121.03265900
2023.05.26,-44.35937544
2023.05.27,-44.30251186
2023.05.28,-44.24564829
2023.05.29,-44.18878471
2023.05.30,-44.13192113
2023.05.31,-55.01678810
2023.06.01,21.20173459
2023.06.02,125.51256280
2023.06.03,105.73196124
2023.06.04,85.95135969
2023.06.05,66.17075813
2023.06.06,143.75266130
2023.06.07,168.51642530
2023.06.08,139.74686130
2023.06.09,83.65014981
2023.06.10,80.73983679
2023.06.11,77.82952376
2023.06.12,74.91921074
2023.06.13,122.72966180
2023.06.14,71.64394910
2023.06.15,134.20744500
2023.06.16,79.37819680
2023.06.17,62.25922225
2023.06.18,45.14024770
2023.06.19,28.02127315
2023.06.20,10.90229860
2023.06.21,10.50089414
2023.06.22,-42.84481115
2023.06.23,-95.89116511
2023.06.24,-76.18289071
2023.06.25,-56.47461632
2023.06.26,-36.76634192
2023.06.27,32.56921361
2023.06.28,39.83826753
2023.06.29,85.10411729
2023.06.30,131.68089820
2023.07.01,143.05247930
2023.07.02,154.42406040
2023.07.03,165.79564150
2023.07.04,121.36520511
2023.07.05,76.93476872
2023.07.06,-42.37595132
2023.07.07,22.82526280
2023.07.08,39.06956672
2023.07.09,55.31387064
2023.07.10,71.55817456
2023.07.11,135.06702320
2023.07.12,175.89175370
2023.07.13,202.76743960
2023.07.14,90.53231373
2023.07.15,89.54441568
2023.07.16,88.55651763
2023.07.17,87.56861958
2023.07.18,128.69681800
2023.07.19,145.36794350
2023.07.20,90.84491615
2023.07.21,67.12350316
2023.07.22,71.58436129
2023.07.23,76.04521941
2023.07.24,80.50607754
2023.07.25,60.64564825
2023.07.26,80.21175296
2023.07.27,-20.96028627
2023.07.28,32.79242161
2023.07.29,49.47395599
2023.07.30,66.15549037
2023.07.31,82.83702475
2023.08.01,11.41097530
2023.08.02,-83.96535185
2023.08.03,-118.69228480
2023.08.04,-99.34035106
2023.08.05,-85.19281602
2023.08.06,-71.04528099
2023.08.07,-56.89774595
2023.08.08,-95.57482985
2023.08.09,-107.76586240
2023.08.10,-118.25036600
2023.08.11,-104.37336470
2023.08.12,-110.49446373
2023.08.13,-116.61556277
2023.08.14,-122.73666180
2023.08.15,-211.97359740
2023.08.16,-257.86130950
2023.08.17,-282.30599670
2023.08.18,-226.44467430
2023.08.19,-228.06345630
2023.08.20,-229.68223830
2023.08.21,-231.30102030
2023.08.22,-221.44669100
2023.08.23,-108.56400600
2023.08.24,-165.05649030
2023.08.25,-111.83228190
2023.08.26,-83.14366205
2023.08.27,-54.45504219
2023.08.28,-25.76642234
2023.08.29,73.74871971
2023.08.30,95.21542256
2023.08.31,74.44337639
2023.09.01,105.16106000
2023.09.02,80.48301356
2023.09.03,55.80496712
2023.09.04,31.12692068
2023.09.05,6.44887424
2023.09.06,-30.98228898
2023.09.07,-67.88102209
2023.09.08,-50.59003379
2023.09.09,-43.47778540
2023.09.10,-36.36553701
2023.09.11,-29.25328862
2023.09.12,-32.21410506
2023.09.13,-57.63453259
2023.09.14,34.41917453
2023.09.15,-17.94700175
2023.09.16,-21.54145032
2023.09.17,-25.13589889
2023.09.18,-28.73034746
2023.09.19,-47.20645631
2023.09.20,-68.16749709
2023.09.21,-158.39834950
2023.09.22,-140.00373650
2023.09.23,-133.94459890
2023.09.24,-127.88546130
2023.09.25,-121.82632370
2023.09.26,-201.92550420
2023.09.27,-157.90067600
2023.09.28,-75.31994449
2023.09.29,-73.18681932
2023.09.30,-97.95690061
2023.10.01,-122.72698191
2023.10.02,-147.49706320
2023.10.03,-219.29483640
2023.10.04,-148.73545830
2023.10.05,-132.81351280
2023.10.06,-63.03618176
2023.10.07,-39.16124879
2023.10.08,-15.28631581
2023.10.09,8.58861716
2023.10.10,85.03487716
2023.10.11,113.97125510
2023.10.12,9.79200191
2023.10.13,-18.43021955
2023.10.14,8.29049770
2023.10.15,35.01121494
2023.10.16,61.73193219
2023.10.17,86.61191228
2023.10.18,-14.59876431
2023.10.19,-89.76089898
2023.10.20,-132.87571960
2023.10.21,-141.60865063
2023.10.22,-150.34158167
2023.10.23,-159.07451270
2023.10.24,-69.22910817
2023.10.25,-126.76514180
2023.10.26,-89.67462480
2023.10.27,-135.06385970
2023.10.28,-105.97468519
2023.10.29,-76.88551068
2023.10.30,-47.79633617
2023.10.31,32.70637809
2023.11.01,89.47266690
2023.11.02,200.11048050
2023.11.03,277.70525870
2023.11.04,245.97359507
2023.11.05,214.24193143
2023.11.06,182.51026780
2023.11.07,141.15599920
2023.11.08,105.54231960
2023.11.09,28.21491193
2023.11.10,97.80890381
2023.11.11,94.28017665
2023.11.12,90.75144950
2023.11.13,87.22272234
2023.11.14,201.08542360
2023.11.15,193.18260600
2023.11.16,134.80978400
2023.11.17,176.52697220
2023.11.18,180.83882590
2023.11.19,185.15067960
2023.11.20,189.46253330
2023.11.21,116.07512530
2023.11.22,140.44851590
2023.11.23,163.09201910
2023.11.24,185.73552230
2023.11.25,168.93275990
2023.11.26,152.12999750
2023.11.27,135.32723510
2023.11.28,115.95151340
2023.11.29,142.35551380
2023.11.30,156.41915650
2023.12.01,232.51147530
2023.12.02,218.94360037
2023.12.03,205.37572543
2023.12.04,191.80785050
2023.12.05,101.69721200
2023.12.06,78.39413004
2023.12.07,108.42802430
2023.12.08,104.56486380
2023.12.09,97.57292161
2023.12.10,90.58097942
2023.12.11,83.58903723
2023.12.12,51.63676034
2023.12.13,148.85937980
2023.12.14,204.69042250
2023.12.15,112.75251190
2023.12.16,102.86228655
2023.12.17,92.97206119
2023.12.18,83.08183584
2023.12.19,147.59799860
2023.12.20,37.47132776
2023.12.21,107.02566760
2023.12.22,127.75949970
2023.12.23,136.64415698
2023.12.24,145.52881425
2023.12.25,154.41347153
2023.12.26,163.29812880
2023.12.27,155.26716590
2023.12.28,111.07435690
2023.12.29,16.08413335
2023.12.30,9.78486791
2023.12.31,3.48560246
2024.01.01,-2.81366298
2024.01.02,-9.11292842
2024.01.03,-85.51085160
2024.01.04,-90.00352166
2024.01.05,-79.34473696
2024.01.06,-56.05807542
2024.01.07,-32.77141388
2024.01.08,-9.48475235
2024.01.09,-78.20704174
2024.01.10,-61.77356397
2024.01.11,-88.71407265
2024.01.12,-74.85463721
2024.01.13,-95.02361458
2024.01.14,-115.19259196
2024.01.15,-135.36156933
2024.01.16,-155.53054670
2024.01.17,-215.33079660
2024.01.18,-178.58335630
2024.01.19,-107.62137810
2024.01.20,-80.81784532
2024.01.21,-54.01431254
2024.01.22,-27.21077976
2024.01.23,-36.52366432
2024.01.24,-56.00356229
2024.01.25,22.22114275
2024.01.26,31.94215985
2024.01.27,48.77607946
2024.01.28,65.60999906
2024.01.29,82.44391867
2024.01.30,55.81070287
2024.01.31,-38.08975016
2024.02.01,37.66581126
2024.02.02,-28.75151279
2024.02.03,-60.88253096
2024.02.04,-93.01354913
2024.02.05,-125.14456730
2024.02.06,-54.03490605
2024.02.07,-52.76597115
2024.02.08,-24.56720197
2024.02.09,18.56558170
2024.02.10,41.01081574
2024.02.11,63.45604979
2024.02.12,85.90128383
2024.02.13,-55.30619727
2024.02.14,32.13793737
2024.02.15,112.14198280
2024.02.16,39.23473174
2024.02.17,28.63926341
2024.02.18,18.04379508
2024.02.19,7.44832675
2024.02.20,-3.14714158
2024.02.21,-10.66790757
2024.02.22,14.45517706
2024.02.23,37.16313852
2024.02.24,22.85630231
2024.02.25,8.54946610
2024.02.26,-5.75737011
2024.02.27,4.42438185
2024.02.28,-19.04234213
2024.02.29,30.93882058
2024.03.01,52.91802059
2024.03.02,40.44389589
2024.03.03,27.96977120
2024.03.04,15.49564650
2024.03.05,-18.92796158
2024.03.06,32.53449332
2024.03.07,77.67221979
2024.03.08,71.37661482
2024.03.09,64.68007305
2024.03.10,57.98353128
2024.03.11,51.28698951
2024.03.12,46.95392491
2024.03.13,55.66438506
2024.03.14,-46.91649345
2024.03.15,-36.63856210
2024.03.16,-37.78162073
2024.03.17,-38.92467935
2024.03.18,-40.06773798
2024.03.19,8.80065533
2024.03.20,75.38912833
2024.03.21,104.84532710
2024.03.22,32.05615042
2024.03.23,18.85780815
2024.03.24,5.65946587
2024.03.25,-7.53887640
2024.03.26,-31.60492994
2024.03.27,53.07661892
2024.03.28,70.56396011
2024.03.29,54.23867434
2024.03.30,37.91338857
2024.03.31,21.58810280
2024.04.01,5.26281703
2024.04.02,-79.34597440
2024.04.03,-53.73976119
2024.04.04,-101.02775010
2024.04.05,-71.35384186
2024.04.06,-62.79452161
2024.04.07,-54.23520135
2024.04.08,-45.67588110
2024.04.09,-28.19284526
2024.04.10,-135.55388540
2024.04.11,-124.01980530
2024.04.12,-212.68806770
2024.04.13,-237.55404240
2024.04.14,-262.42001710
2024.04.15,-287.28599180
2024.04.16,-292.83078690
2024.04.17,-259.50743280
2024.04.18,-228.36842790
2024.04.19,-147.10273650
2024.04.20,-118.36350992
2024.04.21,-89.62428334
2024.04.22,-60.88505676
2024.04.23,38.98548474
2024.04.24,11.02987030
2024.04.25,-49.37732940
2024.04.26,2.47140151
2024.04.27,21.51083748
2024.04.28,40.55027345
2024.04.29,59.58970942
2024.04.30,-43.27208585
2024.05.01,-8.75256039
2024.05.02,70.25539669
2024.05.03,130.10592300
2024.05.04,148.62981313
2024.05.05,167.15370327
2024.05.06,185.67759340
2024.05.07,172.61298360
2024.05.08,128.22967730
2024.05.09,163.59080210
2024.05.10,123.10660970
2024.05.11,117.28010387
2024.05.12,111.45359803
2024.05.13,105.62709220
2024.05.14,130.15396920
2024.05.15,159.87367930
2024.05.16,115.73466300
2024.05.17,99.81713072
2024.05.18,92.18093881
2024.05.19,84.54474689
2024.05.20,76.90855498
2024.05.21,48.73717995
2024.05.22,-29.09303160
2024.05.23,-131.99239730
2024.05.24,-56.81139302
2024.05.25,-67.63293911
2024.05.26,-78.45448521
2024.05.27,-89.27603131
2024.05.28,-100.09757740
2024.05.29,-190.65677710
2024.05.30,-97.33160901
2024.05.31,-11.85193223
2024.06.01,-16.67047113
2024.06.02,-21.48901003
2024.06.03,-26.30754893
2024.06.04,-61.58556345
2024.06.05,-13.84033806
2024.06.06,-29.04896866
2024.06.07,-95.10710297
2024.06.08,-92.54182608
2024.06.09,-89.97654919
2024.06.10,-87.41127230
2024.06.11,-115.39428070
2024.06.12,-46.34278150
2024.06.13,-82.67203577
2024.06.14,-140.57018800
2024.06.15,-126.45354440
2024.06.16,-112.33690080
2024.06.17,-98.22025720
2024.06.18,-66.36996508
2024.06.19,-65.28804029
2024.06.20,-64.20611550
2024.06.21,-52.63499353
2024.06.22,-33.01616545
2024.06.23,-13.39733736
2024.06.24,6.22149072
2024.06.25,-36.33732270
2024.06.26,-48.49342156
2024.06.27,-14.44441897
2024.06.28,10.83970033
2024.06.29,-6.83905850
2024.06.30,-24.51781734
2024.07.01,-42.19657617
2024.07.02,6.11839031
2024.07.03,55.49709470
2024.07.04,42.54274808
2024.07.05,29.58840147
2024.07.06,30.87177657
2024.07.07,32.15515166
2024.07.08,33.43852676
2024.07.09,-9.78680876
2024.07.10,59.35446342
2024.07.11,149.57347880
2024.07.12,197.36286960
2024.07.13,193.65390783
2024.07.14,189.94494607
2024.07.15,186.23598430
2024.07.16,240.84131750
2024.07.17,175.62467080
2024.07.18,66.58631456
2024.07.19,10.82558836
2024.07.20,30.63240541
2024.07.21,50.43922247
2024.07.22,70.24603952
2024.07.23,59.04929506
2024.07.24,-49.71916792
2024.07.25,-5.51760793
2024.07.26,75.75231390
2024.07.27,61.13798776
2024.07.28,46.52366163
2024.07.29,31.90933549
2024.07.30,53.06404228
2024.07.31,72.08599637
2024.08.01,3.48933713
2024.08.02,-78.42825320
2024.08.03,-118.57738603
2024.08.04,-158.72651887
2024.08.05,-198.87565170
2024.08.06,-105.06379910
2024.08.07,-119.37934620
2024.08.08,-23.37224216
2024.08.09,-21.71930703
2024.08.10,-37.57868834
2024.08.11,-53.43806965
2024.08.12,-69.29745096
2024.08.13,20.41972323
2024.08.14,33.92580855
2024.08.15,99.10388245
2024.08.16,118.58561620
2024.08.17,134.55693430
2024.08.18,150.52825240
2024.08.19,166.49957050
2024.08.20,90.73350360
2024.08.21,139.94984890
2024.08.22,63.63007481
2024.08.23,154.05851760
2024.08.24,147.44052627
2024.08.25,140.82253493
2024.08.26,134.20454360
2024.08.27,83.40837317
2024.08.28,25.26060555
2024.08.29,62.16796121
2024.08.30,83.41291049
2024.08.31,61.42475226
2024.09.01,39.43659403
2024.09.02,17.44843580
2024.09.03,-4.53972242
2024.09.04,-13.16652496
2024.09.05,-39.72660850
2024.09.06,-119.98684690
2024.09.07,-103.64437009
2024.09.08,-87.30189328
2024.09.09,-70.95941647
2024.09.10,-64.98616638
2024.09.11,-46.30410672
2024.09.12,25.35057482
2024.09.13,107.88857470
2024.09.14,118.54875703
2024.09.15,129.20893937
2024.09.16,139.86912170
2024.09.17,138.66314370
2024.09.18,97.73871688
2024.09.19,152.15963830
2024.09.20,73.47872799
2024.09.21,70.86553733
2024.09.22,68.25234667
2024.09.23,65.63915601
2024.09.24,72.70812618
2024.09.25,-9.81144495
2024.09.26,12.28337896
2024.09.27,34.06303650
2024.09.28,30.56346717
2024.09.29,27.06389785
2024.09.30,23.56432852
2024.10.01,-18.77988844
2024.10.02,-41.19029451
2024.10.03,-92.94524022
2024.10.04,-56.33099260
2024.10.05,-80.36871370
2024.10.06,-104.40643480
2024.10.07,-128.44415590
2024.10.08,-119.65868980
2024.10.09,-95.24882279
2024.10.10,-118.85214240
2024.10.11,-30.88871995
2024.10.12,-24.78433002
2024.10.13,-18.67994008
2024.10.14,-12.57555015
2024.10.15,-22.65491223
2024.10.16,42.49050776
2024.10.17,10.97738931
2024.10.18,10.12878609
2024.10.19,-22.16328047
2024.10.20,-54.45534703
2024.10.21,-86.74741359
2024.10.22,-103.64282730
2024.10.23,-166.32019180
2024.10.24,-140.57773750
2024.10.25,-165.86505040
2024.10.26,-145.52882617
2024.10.27,-125.19260193
2024.10.28,-104.85637770
2024.10.29,-150.31968070
2024.10.30,-130.83920630
2024.10.31,-174.27920460
2024.11.01,-168.04900720
2024.11.02,-152.65998593
2024.11.03,-137.27096467
2024.11.04,-121.88194340
2024.11.05,-19.89969409
2024.11.06,10.39462752
2024.11.07,33.34429936
2024.11.08,59.09954729
2024.11.09,60.54129371
2024.11.10,61.98304012
2024.11.11,63.42478654
2024.11.12,-34.19425784
2024.11.13,-59.68756950
2024.11.14,-90.78591312
2024.11.15,-121.92106730
2024.11.16,-109.57471782
2024.11.17,-97.22836835
2024.11.18,-84.88201887
2024.11.19,-81.28922233
2024.11.20,-83.31093518
2024.11.21,5.17705501
2024.11.22,73.35840135
2024.11.23,91.40115440
2024.11.24,109.44390745
2024.11.25,127.48666050
2024.11.26,64.07888870
2024.11.27,79.79484940
2024.11.28,94.71393545
2024.11.29,109.63302150
2024.11.30,96.85417888
2024.12.01,84.07533625
2024.12.02,71.29649363
2024.12.03,29.61227979
2024.12.04,22.42421556
2024.12.05,-9.88370043
2024.12.06,-26.60755011
2024.12.07,-30.97950135
2024.12.08,-35.35145259
2024.12.09,-39.72340383
2024.12.10,-73.18884174
2024.12.11,-58.53584694
2024.12.12,-122.46485720
2024.12.13,-157.86183660
2024.12.14,-160.52020603
2024.12.15,-163.17857547
2024.12.16,-165.83694490
2024.12.17,-205.67647770
2024.12.18,-297.81089590
2024.12.19,-298.89676890
2024.12.20,-185.13070650
2024.12.21,-175.13216090
2024.12.22,-165.13361530
2024.12.23,-155.13506970
2024.12.24,-58.41312481
2024.12.25,-37.76846057
2024.12.26,-17.12379633
2024.12.27,-99.58580149
2024.12.28,-106.97149663
2024.12.29,-114.35719176
2024.12.30,-121.74288690
2024.12.31,-61.22848049
2025.01.01,-47.48050054
2025.01.02,-33.73252060
2025.01.03,50.24518770
2025.01.04,43.17842592
2025.01.05,36.11166414
2025.01.06,29.04490236
2025.01.07,-18.67656611
2025.01.08,-28.03503883
2025.01.09,-66.36569832
2025.01.10,-104.69635780
2025.01.11,-92.63700645
2025.01.12,-80.57765510
2025.01.13,-68.51830375
2025.01.14,20.25652400
2025.01.15,120.10771910
2025.01.16,144.47995230
2025.01.17,162.19581190
2025.01.18,178.65483215
2025.01.19,195.11385240
2025.01.20,211.57287265
2025.01.21,228.03189290
2025.01.22,151.98158260
2025.01.23,150.19865940
2025.01.24,147.02326680
2025.01.25,146.48990780
2025.01.26,145.95654880
2025.01.27,145.42318980
2025.01.28,108.07800790
2025.01.29,55.90748746
2025.01.30,125.42215500
2025.01.31,43.63008498
2025.02.01,23.77996155
2025.02.02,3.92983812
2025.02.03,-15.92028531
2025.02.04,40.74374951
2025.02.05,90.68778054
2025.02.06,72.03648817
2025.02.07,-6.72054925
2025.02.08,2.39489600
2025.02.09,11.51034125
2025.02.10,20.62578650
2025.02.11,16.75377463
2025.02.12,-46.74056439
2025.02.13,36.30547858
2025.02.14,43.47831792
2025.02.15,47.03216443
2025.02.16,50.58601094
2025.02.17,54.13985745
2025.02.18,57.69370396
2025.02.19,26.55939051
2025.02.20,0.65675556
2025.02.21,-71.84328110
2025.02.22,-73.75271942
2025.02.23,-75.66215773
2025.02.24,-77.57159605
2025.02.25,-46.13144734
2025.02.26,-42.76946296
2025.02.27,-87.78111900
2025.02.28,-23.52717932
2025.03.01,-41.40892788
2025.03.02,-59.29067644
2025.03.03,-77.17242500
2025.03.04,-141.70324790
2025.03.05,-75.16858529
2025.03.06,-125.85560580
2025.03.07,-89.51373032
2025.03.08,-112.77377291
2025.03.09,-136.03381551
2025.03.10,-159.29385810
2025.03.11,-160.90939810
2025.03.12,-122.38613780
2025.03.13,-161.68681960
2025.03.14,-38.93046837
2025.03.15,-6.96335750
2025.03.16,25.00375338
2025.03.17,56.97086425
2025.03.18,14.73164931
2025.03.19,78.19346230
2025.03.20,47.96234509
2025.03.21,3.42492815
2025.03.22,26.45938944
2025.03.23,49.49385074
2025.03.24,72.52831203
2025.03.25,49.79906368
2025.03.26,5.06656103
2025.03.27,-15.00506155
2025.03.28,-90.84127354
2025.03.29,-84.51985850
2025.03.30,-78.19844347
2025.03.31,-71.87702843
2025.04.01,-23.30321371
2025.04.02,41.29391394
2025.04.03,-65.83201149
2025.04.04,-169.54551770
2025.04.05,-187.63795777
2025.04.06,-205.73039783
2025.04.07,-223.82283790
2025.04.08,-255.31083250
2025.04.09,-87.30651366
2025.04.10,-178.47628850
2025.04.11,-86.63406459
2025.04.12,-51.93130733
2025.04.13,-17.22855006
2025.04.14,17.47420720
2025.04.15,36.14940854
2025.04.16,2.83595865
2025.04.17,83.13877919
2025.04.18,57.67458361
2025.04.19,32.21038803
2025.04.20,6.74619245
2025.04.21,-18.71800313
2025.04.22,105.63803800
2025.04.23,168.33426300
2025.04.24,244.59786400
2025.04.25,223.73025360
2025.04.26,226.04343420
2025.04.27,228.35661480
2025.04.28,230.66979540
2025.04.29,242.64975460
2025.04.30,193.47937110
2025.05.01,180.92129620
2025.05.02,242.52953580
2025.05.03,214.81700150
2025.05.04,187.10446720
2025.05.05,159.39193290
2025.05.06,110.46232280
2025.05.07,124.02519450
2025.05.08,147.50132390
2025.05.09,140.48590780
2025.05.10,156.46903773
2025.05.11,172.45216767
2025.05.12,188.43529760
2025.05.13,185.08984940
2025.05.14,105.00404190
2025.05.15,125.10565630
2025.05.16,154.86700830
2025.05.17,139.12421527
2025.05.18,123.38142223
2025.05.19,107.63862920
2025.05.20,54.32017197
2025.05.21,-74.93870983
2025.05.22,-80.18036023
2025.05.23,-92.76106951
2025.05.24,-66.29674479
2025.05.25,-39.83242006
2025.05.26,-13.36809533
2025.05.27,13.09622939
2025.05.28,-65.11126119
2025.05.29,-13.50310933
2025.05.30,-36.41062394
2025.05.31,-40.89524790
2025.06.01,-45.37987186
2025.06.02,-49.86449582
2025.06.03,3.68176621
2025.06.04,-4.10458859
2025.06.05,-10.89139900
2025.06.06,36.31033509
2025.06.07,44.66897875
2025.06.08,53.02762241
2025.06.09,61.38626607
2025.06.10,83.36925572
2025.06.11,54.29786560
2025.06.12,57.27033771
2025.06.13,-44.57455032
2025.06.14,-31.77605249
2025.06.15,-18.97755466
2025.06.16,-6.17905683
2025.06.17,-64.07001462
2025.06.18,-46.64643345
2025.06.19,-47.98123641
2025.06.20,-49.31603938
2025.06.21,-33.34468367
2025.06.22,-17.37332797
2025.06.23,-1.40197226
2025.06.24,57.67156499
2025.06.25,-15.80891849
2025.06.26,65.84431273
2025.06.27,62.57860386
2025.06.28,62.69357916
2025.06.29,62.80855446
2025.06.30,62.92352976
2025.07.01,114.40382380
2025.07.02,153.49745600
2025.07.03,174.65502430
2025.07.04,145.50913574
2025.07.05,116.36324718
2025.07.06,87.21735862
2025.07.07,58.07147006
2025.07.08,71.90217384
2025.07.09,88.41791470
2025.07.10,111.64678360
2025.07.11,23.19923252
2025.07.12,19.55301509
2025.07.13,15.90679765
2025.07.14,12.26058022
2025.07.15,-85.70327040
2025.07.16,-57.53384632
2025.07.17,-12.56131951
2025.07.18,-48.94700249
2025.07.19,-52.45201047
2025.07.20,-55.95701844
2025.07.21,-59.46202642
2025.07.22,-6.65506175
2025.07.23,31.82816835
2025.07.24,-26.87781075
2025.07.25,-5.43703383
2025.07.26,-22.80068402
2025.07.27,-40.16433421
2025.07.28,-57.52798440
2025.07.29,-58.57810721
2025.07.30,-114.73307170
2025.07.31,-135.92190090
2025.08.01,-179.75874050
2025.08.02,-144.98597518
2025.08.03,-110.21320985
2025.08.04,-75.44044453
2025.08.05,-54.47109930
2025.08.06,-60.21995363
2025.08.07,-66.08412431
2025.08.08,-50.61756963
2025.08.09,-56.04190559
2025.08.10,-61.46624156
2025.08.11,-66.89057752
2025.08.12,21.13045362
2025.08.13,92.33278297
2025.08.14,7.09911065
2025.08.15,-23.01117473
2025.08.16,-19.32092077
2025.08.17,-15.63066682
2025.08.18,-11.94041286
2025.08.19,-0.31520940
2025.08.20,-12.67408439
2025.08.21,-38.37755208
2025.08.22,73.53787080
2025.08.23,51.42786987
2025.08.24,29.31786894
2025.08.25,7.20786801
2025.08.26,6.60967628
2025.08.27,30.76517397
2025.08.28,23.61429863
2025.08.29,9.53222872
2025.08.30,-5.18972901
2025.08.31,-19.91168674
2025.09.01,-34.63364447
2025.09.02,-49.35560220
2025.09.03,-40.70791962
2025.09.04,23.48938858
2025.09.05,50.81064015
2025.09.06,50.31251245
2025.09.07,49.81438474
2025.09.08,49.31625704
2025.09.09,4.79197819
2025.09.10,1.39975989
2025.09.11,81.79241444
2025.09.12,18.46917201
2025.09.13,20.35793263
2025.09.14,22.24669325
2025.09.15,24.13545387
2025.09.16,0.95944760
2025.09.17,-7.36083501
2025.09.18,26.46212754
2025.09.19,-29.10155012
2025.09.20,-30.33869567
2025.09.21,-31.57584122
2025.09.22,-32.81298677
2025.09.23,-45.42220017
2025.09.24,-83.62596662
2025.09.25,-143.32205710
2025.09.26,-75.69560419
2025.09.27,-75.44590577
2025.09.28,-75.19620735
2025.09.29,-74.94650893
2025.09.30,-62.58129993
2025.10.01,-35.94613974
2025.10.02,-40.64334707
2025.10.03,-10.90624261
2025.10.04,-15.89632410
2025.10.05,-20.88640559
2025.10.06,-25.87648708
2025.10.07,-76.19666367
2025.10.08,-44.73943133
2025.10.09,-113.26980050
2025.10.10,-200.54691720
2025.10.11,-164.98665058
2025.10.12,-129.42638397
2025.10.13,-93.86611735
2025.10.14,-38.33470290
2025.10.15,-4.11367003
2025.10.16,-69.63411857
2025.10.17,-60.10593149
2025.10.18,-29.29022162
2025.10.19,1.52548826
2025.10.20,32.34119813
2025.10.21,45.27178796
2025.10.22,13.50108333
2025.10.23,47.81962545
2025.10.24,73.67288084
2025.10.25,75.40160382
2025.10.26,77.13032681
2025.10.27,78.85904979
2025.10.28,27.19892899
2025.10.29,-37.00646893
2025.10.30,-77.56705182
2025.10.31,-48.85851492
2025.11.01,-53.84515105
2025.11.02,-58.83178717
2025.11.03,-63.81842330
2025.11.04,-107.94005280
2025.11.05,-42.47434585
2025.11.06,-81.93879463
2025.11.07,-41.32120437
2025.11.08,-23.24298914
2025.11.09,-5.16477391
2025.11.10,12.91344132
2025.11.11,50.56949619
2025.11.12,42.41257561
2025.11.13,-43.22365435
2025.11.14,-56.22651270
2025.11.15,-84.18861647
2025.11.16,-112.15072023
2025.11.17,-140.11282400
2025.11.18,-110.38505610
2025.11.19,-127.06588920
2025.11.20,-184.44267210
2025.11.21,-71.57760812
2025.11.22,-55.40843553
2025.11.23,-39.23926295
2025.11.24,-23.07009036
2025.11.25,92.31918777
2025.11.26,139.66542460
2025.11.27,151.68177730
2025.11.28,163.69813000
2025.11.29,142.25795417
2025.11.30,120.81777833
2025.12.01,99.37760250
2025.12.02,71.63666344
2025.12.03,120.20997720
2025.12.04,95.03911064
2025.12.05,70.99282414
2025.12.06,52.12131112
2025.12.07,33.24979809
2025.12.08,14.37828507
2025.12.09,22.95096274
2025.12.10,78.81584733
2025.12.11,113.13624440
2025.12.12,47.26450271
2025.12.13,43.92894882
2025.12.14,40.59339493
2025.12.15,37.25784104
2025.12.16,-4.73414390
2025.12.17,-22.91362030
2025.12.18,11.80749547
2025.12.19,10.78501199
2025.12.20,21.05896251
2025.12.21,31.33291303
2025.12.22,41.60686355
2025.12.23,9.80151231
2025.12.24,53.80892944
2025.12.25,50.38757794
2025.12.26,46.96622644
2025.12.27,31.78777904
2025.12.28,16.60933164
2025.12.29,1.43088425
2025.12.30,-9.65898775
2025.12.31,-79.59253337
2026.01.01,-50.81514279
2026.01.02,-22.03775221
2026.01.03,-4.76457666
2026.01.04,12.50859889
2026.01.05,29.78177444
2026.01.06,62.23856086
2026.01.07,11.17792044
2026.01.08,57.26518328
2026.01.09,81.93346709
2026.01.10,83.44403887
2026.01.11,84.95461064
2026.01.12,86.46518242
2026.01.13,77.85747311
2026.01.14,100.85859430
2026.01.15,128.17025990
2026.01.16,84.98088273
2026.01.17,60.53042725
2026.01.18,36.07997178
2026.01.19,11.62951630
2026.01.20,-12.82093918
2026.01.21,61.47260779
2026.01.22,78.78622741
2026.01.23,30.89544104
2026.01.24,27.59507453
2026.01.25,24.29470801
2026.01.26,20.99434150
2026.01.27,22.42392968
2026.01.28,-18.71589208
2026.01.29,-3.54686022
2026.01.30,-32.50960367
2026.01.31,-25.77646955
2026.02.01,-19.04333543
2026.02.02,-12.31020131
2026.02.03,-8.72816129
2026.02.04,6.87812374
2026.02.05,-47.11289318
2026.02.06,35.56035182
2026.02.07,39.01295939
2026.02.08,42.46556697
2026.02.09,45.91817454
2026.02.10,64.04452209
2026.02.11,56.67232663
2026.02.12,-12.86426212
2026.02.13,43.69627581
2026.02.14,41.43147045
2026.02.15,39.16666509
2026.02.16,36.90185973
2026.02.17,34.63705437
2026.02.18,38.16823476
2026.02.19,18.44655282
2026.02.20,32.49228199
2026.02.21,5.89116100
2026.02.22,-20.70995998
2026.02.23,-47.31108097
2026.02.24,-8.45640090
2026.02.25,5.45663257
2026.02.26,26.87499302
2026.02.27,-12.84668376
2026.02.28,-9.39595050
2026.03.01,-5.94521725
2026.03.02,-2.49448399
2026.03.03,-86.58088077
2026.03.04,-44.39184561
2026.03.05,-114.49826130
2026.03.06,-184.56675540
2026.03.07,-183.22866497
2026.03.08,-181.89057453
2026.03.09,-180.55248410
2026.03.10,-169.46751980
