Date,Value
2007.09.28,1037.70000000
2007.09.29,1076.03166667
2007.09.30,1114.36333333
2007.10.01,1152.69500000
2007.10.02,1309.55225000
2007.10.03,1474.86743800
2007.10.04,1674.78758600
2007.10.05,1927.59537400
2007.10.06,2009.08293500
2007.10.07,2090.57049600
2007.10.08,2172.05805700
2007.10.09,2446.11336000
2007.10.10,2718.40007800
2007.10.11,2977.01322100
2007.10.12,3251.39239200
2007.10.13,3333.73813500
2007.10.14,3416.08387800
2007.10.15,3498.42962100
2007.10.16,3724.25430400
2007.10.17,3957.01313700
2007.10.18,4191.48687300
2007.10.19,4383.75448300
2007.10.20,4454.02782767
2007.10.21,4524.30117233
2007.10.22,4594.57451700
2007.10.23,4825.85277400
2007.10.24,5044.51641900
2007.10.25,5262.60125400
2007.10.26,5506.15078100
2007.10.27,5587.08547867
2007.10.28,5668.02017633
2007.10.29,5748.95487400
2007.10.30,5969.65759800
2007.10.31,6212.26013900
2007.11.01,6403.82401100
2007.11.02,6593.24200200
2007.11.03,6646.58739267
2007.11.04,6699.93278333
2007.11.05,6753.27817400
2007.11.06,6934.34271000
2007.11.07,7068.68117500
2007.11.08,7210.29715700
2007.11.09,7328.17733500
2007.11.10,7363.22622367
2007.11.11,7398.27511233
2007.11.12,7433.32400100
2007.11.13,7579.45778100
2007.11.14,7708.10487300
2007.11.15,7808.45761300
2007.11.16,7908.81691700
2007.11.17,7930.28795733
2007.11.18,7951.75899767
2007.11.19,7973.23003800
2007.11.20,8046.13710600
2007.11.21,8097.14196300
2007.11.22,8144.67868500
2007.11.23,8192.21540700
2007.11.24,8213.00764600
2007.11.25,8233.79988500
2007.11.26,8254.59212400
2007.11.27,8342.70125600
2007.11.28,8474.02105800
2007.11.29,8588.42938400
2007.11.30,8715.55635500
2007.12.01,8750.77828133
2007.12.02,8786.00020767
2007.12.03,8821.22213400
2007.12.04,8904.56026400
2007.12.05,9016.64156400
2007.12.06,9156.68786700
2007.12.07,9286.29401800
2007.12.08,9331.82128067
2007.12.09,9377.34854333
2007.12.10,9422.87580600
2007.12.11,9507.63885600
2007.12.12,9597.77307000
2007.12.13,9671.04895700
2007.12.14,9707.89459500
2007.12.15,9709.21577800
2007.12.16,9710.53696100
2007.12.17,9711.85814400
2007.12.18,9742.53768700
2007.12.19,9774.25600700
2007.12.20,9822.60389200
2007.12.21,9904.17831300
2007.12.22,9938.58672533
2007.12.23,9972.99513767
2007.12.24,10007.40355000
2007.12.25,10053.43883000
2007.12.26,10099.47411000
2007.12.27,10147.04707000
2007.12.28,10193.08672000
2007.12.29,10203.51954000
2007.12.30,10213.95236000
2007.12.31,10224.38518000
2008.01.01,10228.92931000
2008.01.02,10233.47344000
2008.01.03,10233.77654000
2008.01.04,10199.51680000
2008.01.05,10192.38691333
2008.01.06,10185.25702667
2008.01.07,10178.12714000
2008.01.08,10136.39835000
2008.01.09,10118.03824000
2008.01.10,10122.75015000
2008.01.11,10104.46509000
2008.01.12,10106.29640333
2008.01.13,10108.12771667
2008.01.14,10109.95903000
2008.01.15,10083.80656000
2008.01.16,10067.77716000
2008.01.17,10021.43314000
2008.01.18,9975.75184000
2008.01.19,9973.37458540
2008.01.20,9970.99733080
2008.01.21,9968.62007620
2008.01.22,9966.24282160
2008.01.23,9963.86556700
2008.01.24,9968.03347600
2008.01.25,9964.40687000
2008.01.26,9975.84927600
2008.01.27,9987.29168200
2008.01.28,9998.73408800
2008.01.29,10045.44019000
2008.01.30,10075.94670000
2008.01.31,10135.20004000
2008.02.01,10222.78564000
2008.02.02,10245.50956333
2008.02.03,10268.23348667
2008.02.04,10290.95741000
2008.02.05,10313.48948000
2008.02.06,10319.23695000
2008.02.07,10346.90485000
2008.02.08,10362.77639000
2008.02.09,10371.64515000
2008.02.10,10380.51391000
2008.02.11,10389.38267000
2008.02.12,10430.78412000
2008.02.13,10497.02845000
2008.02.14,10526.78220000
2008.02.15,10546.03775000
2008.02.16,10551.95857750
2008.02.17,10557.87940500
2008.02.18,10563.80023250
2008.02.19,10569.72106000
2008.02.20,10611.32168000
2008.02.21,10620.88360000
2008.02.22,10645.55463000
2008.02.23,10664.37661333
2008.02.24,10683.19859667
2008.02.25,10702.02058000
2008.02.26,10773.13887000
2008.02.27,10828.92931000
2008.02.28,10857.38549000
2008.02.29,10841.87860000
2008.03.01,10838.20600333
2008.03.02,10834.53340667
2008.03.03,10830.86081000
2008.03.04,10808.33630000
2008.03.05,10799.83616000
2008.03.06,10753.71936000
2008.03.07,10701.77090000
2008.03.08,10676.34597000
2008.03.09,10650.92104000
2008.03.10,10625.49611000
2008.03.11,10603.10369000
2008.03.12,10570.29265000
2008.03.13,10562.68775000
2008.03.14,10519.77211000
2008.03.15,10499.25820333
2008.03.16,10478.74429667
2008.03.17,10458.23039000
2008.03.18,10450.12106000
2008.03.19,10414.78698000
2008.03.20,10411.60241000
2008.03.21,10420.11970500
2008.03.22,10428.63700000
2008.03.23,10437.15429500
2008.03.24,10445.67159000
2008.03.25,10495.17238000
2008.03.26,10525.41969000
2008.03.27,10534.35404000
2008.03.28,10524.57114000
2008.03.29,10528.32539667
2008.03.30,10532.07965333
2008.03.31,10535.83391000
2008.04.01,10587.23441000
2008.04.02,10644.19566000
2008.04.03,10700.02655000
2008.04.04,10751.01183000
2008.04.05,10766.95761667
2008.04.06,10782.90340333
2008.04.07,10798.84919000
2008.04.08,10833.10588000
2008.04.09,10834.12982000
2008.04.10,10851.03465000
2008.04.11,10829.28310000
2008.04.12,10821.05176667
2008.04.13,10812.82043333
2008.04.14,10804.58910000
2008.04.15,10799.40280000
2008.04.16,10834.62149000
2008.04.17,10860.11036000
2008.04.18,10911.50280000
2008.04.19,10923.41380667
2008.04.20,10935.32481333
2008.04.21,10947.23582000
2008.04.22,10949.95137000
2008.04.23,10954.52341000
2008.04.24,10972.15989000
2008.04.25,11003.22828000
2008.04.26,11014.22739000
2008.04.27,11025.22650000
2008.04.28,11036.22561000
2008.04.29,11050.45720000
2008.04.30,11060.22292000
2008.05.01,11091.47150000
2008.05.02,11119.38168000
2008.05.03,11125.25377667
2008.05.04,11131.12587333
2008.05.05,11136.99797000
2008.05.06,11167.52491000
2008.05.07,11163.28782000
2008.05.08,11164.89867000
2008.05.09,11158.15145000
2008.05.10,11165.56491000
2008.05.11,11172.97837000
2008.05.12,11180.39183000
2008.05.13,11202.95538000
2008.05.14,11229.08245000
2008.05.15,11273.27568000
2008.05.16,11307.99451000
2008.05.17,11316.70938667
2008.05.18,11325.42426333
2008.05.19,11334.13914000
2008.05.20,11340.37210000
2008.05.21,11318.49942000
2008.05.22,11307.35579000
2008.05.23,11266.44120000
2008.05.24,11261.42515500
2008.05.25,11256.40911000
2008.05.26,11251.39306500
2008.05.27,11246.37702000
2008.05.28,11236.74026000
2008.05.29,11242.91713000
2008.05.30,11251.98377000
2008.05.31,11246.54779000
2008.06.01,11241.11181000
2008.06.02,11235.67583000
2008.06.03,11213.20416000
2008.06.04,11192.92486000
2008.06.05,11211.87143000
2008.06.06,11188.21140000
2008.06.07,11177.45460333
2008.06.08,11166.69780667
2008.06.09,11155.94101000
2008.06.10,11117.52013000
2008.06.11,11051.48267000
2008.06.12,11000.46323000
2008.06.13,10988.73929000
2008.06.14,10989.35007000
2008.06.15,10989.96085000
2008.06.16,10990.57163000
2008.06.17,10978.88542000
2008.06.18,10946.84928000
2008.06.19,10930.27414000
2008.06.20,10882.30102000
2008.06.21,10864.80818000
2008.06.22,10847.31534000
2008.06.23,10829.82250000
2008.06.24,10765.70425000
2008.06.25,10733.85463000
2008.06.26,10670.65393000
2008.06.27,10607.86406000
2008.06.28,10587.77250667
2008.06.29,10567.68095333
2008.06.30,10547.58940000
2008.07.01,10495.46662000
2008.07.02,10421.12431000
2008.07.03,10346.90601000
2008.07.04,10284.51484000
2008.07.05,10261.57583000
2008.07.06,10238.63682000
2008.07.07,10215.69781000
2008.07.08,10186.53076000
2008.07.09,10140.31028000
2008.07.10,10116.89022000
2008.07.11,10093.53162000
2008.07.12,10082.58519667
2008.07.13,10071.63877333
2008.07.14,10060.69235000
2008.07.15,10021.26132000
2008.07.16,10021.14148000
2008.07.17,10045.78331000
2008.07.18,10068.02316000
2008.07.19,10079.49814333
2008.07.20,10090.97312667
2008.07.21,10102.44811000
2008.07.22,10158.86921000
2008.07.23,10220.01490000
2008.07.24,10245.04439000
2008.07.25,10283.21938000
2008.07.26,10286.92722000
2008.07.27,10290.63506000
2008.07.28,10294.34290000
2008.07.29,10335.58180000
2008.07.30,10392.26315000
2008.07.31,10329.41439000
2008.08.01,10195.73162000
2008.08.02,10117.35581300
2008.08.03,10038.98000600
2008.08.04,9960.60419900
2008.08.05,9754.46723200
2008.08.06,9521.94778900
2008.08.07,9180.03392700
2008.08.08,8885.19740500
2008.08.09,8790.94366700
2008.08.10,8696.68992900
2008.08.11,8602.43619100
2008.08.12,8252.01317300
2008.08.13,7871.39142600
2008.08.14,7522.70287600
2008.08.15,7169.36065100
2008.08.16,7028.85918233
2008.08.17,6888.35771367
2008.08.18,6747.85624500
2008.08.19,6270.73069700
2008.08.20,5818.48470000
2008.08.21,5363.12194900
2008.08.22,4983.42118700
2008.08.23,4831.93410133
2008.08.24,4680.44701567
2008.08.25,4528.95993000
2008.08.26,4128.25075500
2008.08.27,3809.45315700
2008.08.28,3571.78394500
2008.08.29,3286.01784900
2008.08.30,3216.62782350
2008.08.31,3147.23779800
2008.09.01,3077.84777250
2008.09.02,3008.45774700
2008.09.03,2735.20157200
2008.09.04,2371.19153400
2008.09.05,2028.60699400
2008.09.06,1934.62272167
2008.09.07,1840.63844933
2008.09.08,1746.65417700
2008.09.09,1371.10124800
2008.09.10,1039.99798700
2008.09.11,719.50470950
2008.09.12,438.23543340
2008.09.13,309.05996399
2008.09.14,179.88449459
2008.09.15,50.70902518
2008.09.16,-297.97959900
2008.09.17,-733.26847460
2008.09.18,-1053.92412100
2008.09.19,-1250.76507800
2008.09.20,-1341.53014233
2008.09.21,-1432.29520667
2008.09.22,-1523.06027100
2008.09.23,-1831.05735900
2008.09.24,-2139.68958300
2008.09.25,-2359.62168700
2008.09.26,-2599.21552700
2008.09.27,-2711.78441200
2008.09.28,-2824.35329700
2008.09.29,-2936.92218200
2008.09.30,-3153.22676200
2008.10.01,-3360.70104400
2008.10.02,-3643.83805000
2008.10.03,-3939.95099900
2008.10.04,-4063.05993800
2008.10.05,-4186.16887700
2008.10.06,-4309.27781600
2008.10.07,-4733.05585600
2008.10.08,-5161.82080000
2008.10.09,-5641.20572300
2008.10.10,-6077.62380400
2008.10.11,-6161.24025100
2008.10.12,-6244.85669800
2008.10.13,-6328.47314500
2008.10.14,-6543.20696500
2008.10.15,-6829.23834600
2008.10.16,-7004.09898500
2008.10.17,-7138.33433700
2008.10.18,-7143.27752167
2008.10.19,-7148.22070633
2008.10.20,-7153.16389100
2008.10.21,-7218.62734000
2008.10.22,-7362.35545300
2008.10.23,-7506.23121200
2008.10.24,-7700.71382900
2008.10.25,-7778.57351900
2008.10.26,-7856.43320900
2008.10.27,-7934.29289900
2008.10.28,-8034.88153800
2008.10.29,-8073.11041700
2008.10.30,-8002.68055700
2008.10.31,-7862.09962300
2008.11.01,-7813.13055767
2008.11.02,-7764.16149233
2008.11.03,-7715.19242700
2008.11.04,-7501.81081200
2008.11.05,-7392.76047700
2008.11.06,-7377.05863900
2008.11.07,-7294.89827300
2008.11.08,-7284.20773867
2008.11.09,-7273.51720433
2008.11.10,-7262.82667000
2008.11.11,-7303.14131500
2008.11.12,-7437.14463100
2008.11.13,-7461.03174200
2008.11.14,-7553.20006400
2008.11.15,-7595.96270200
2008.11.16,-7638.72534000
2008.11.17,-7681.48797800
2008.11.18,-7801.26670500
2008.11.19,-8004.07118400
2008.11.20,-8272.09865700
2008.11.21,-8433.50165300
2008.11.22,-8439.39567067
2008.11.23,-8445.28968833
2008.11.24,-8451.18370600
2008.11.25,-8407.59594300
2008.11.26,-8258.29042600
2008.11.27,-8163.11659150
2008.11.28,-8067.94275700
2008.11.29,-8043.26376667
2008.11.30,-8018.58477633
2008.12.01,-7993.90578600
2008.12.02,-7836.88464700
2008.12.03,-7640.29715000
2008.12.04,-7524.76335400
2008.12.05,-7346.40814200
2008.12.06,-7265.04955967
2008.12.07,-7183.69097733
2008.12.08,-7102.33239500
2008.12.09,-6935.18596900
2008.12.10,-6725.34984500
2008.12.11,-6613.86321000
2008.12.12,-6468.47282100
2008.12.13,-6445.72243867
2008.12.14,-6422.97205633
2008.12.15,-6400.22167400
2008.12.16,-6234.36583500
2008.12.17,-6070.18726400
2008.12.18,-5954.36364900
2008.12.19,-5821.26264000
2008.12.20,-5800.09341467
2008.12.21,-5778.92418933
2008.12.22,-5757.75496400
2008.12.23,-5733.61712600
2008.12.24,-5686.41119000
2008.12.25,-5632.26462400
2008.12.26,-5578.11805800
2008.12.27,-5559.97431867
2008.12.28,-5541.83057933
2008.12.29,-5523.68684000
2008.12.30,-5387.47971400
2008.12.31,-5177.58522300
2009.01.01,-5046.03636500
2009.01.02,-4914.48750700
2009.01.03,-4827.48051200
2009.01.04,-4740.47351700
2009.01.05,-4653.46652200
2009.01.06,-4361.77624800
2009.01.07,-4196.92218200
2009.01.08,-4024.58734500
2009.01.09,-3946.11812200
2009.01.10,-3950.12753000
2009.01.11,-3954.13693800
2009.01.12,-3958.14634600
2009.01.13,-3958.78974600
2009.01.14,-4067.89590400
2009.01.15,-4141.84219000
2009.01.16,-4164.85705300
2009.01.17,-4197.12040875
2009.01.18,-4229.38376450
2009.01.19,-4261.64712025
2009.01.20,-4293.91047600
2009.01.21,-4319.43160000
2009.01.22,-4414.65500300
2009.01.23,-4481.69773800
2009.01.24,-4488.01875433
2009.01.25,-4494.33977067
2009.01.26,-4500.66078700
2009.01.27,-4467.77089100
2009.01.28,-4346.61117500
2009.01.29,-4333.48656200
2009.01.30,-4388.04758400
2009.01.31,-4406.20072967
2009.02.01,-4424.35387533
2009.02.02,-4442.50702100
2009.02.03,-4456.70730500
2009.02.04,-4486.06501000
2009.02.05,-4467.58552400
2009.02.06,-4365.09763500
2009.02.07,-4334.68009067
2009.02.08,-4304.26254633
2009.02.09,-4273.84500200
2009.02.10,-4294.05477500
2009.02.11,-4294.46385800
2009.02.12,-4298.64130500
2009.02.13,-4330.21981500
2009.02.14,-4330.31932400
2009.02.15,-4330.41883300
2009.02.16,-4330.51834200
2009.02.17,-4443.02099100
2009.02.18,-4590.79565100
2009.02.19,-4770.38900700
2009.02.20,-4983.78938100
2009.02.21,-5076.58550533
2009.02.22,-5169.38162967
2009.02.23,-5262.17775400
2009.02.24,-5400.53892400
2009.02.25,-5558.08503000
2009.02.26,-5708.19652600
2009.02.27,-5871.65087200
2009.02.28,-5953.79927567
2009.03.01,-6035.94767933
2009.03.02,-6118.09608300
2009.03.03,-6363.96625900
2009.03.04,-6485.01542700
2009.03.05,-6689.08738900
2009.03.06,-6877.97348000
2009.03.07,-6945.97606000
2009.03.08,-7013.97864000
2009.03.09,-7081.98122000
2009.03.10,-7133.24793200
2009.03.11,-7151.51473000
2009.03.12,-7050.62527000
2009.03.13,-6921.41165500
2009.03.14,-6877.96675500
2009.03.15,-6834.52185500
2009.03.16,-6791.07695500
2009.03.17,-6587.28540300
2009.03.18,-6321.00719800
2009.03.19,-6090.23429700
2009.03.20,-5952.47229500
2009.03.21,-5874.50600400
2009.03.22,-5796.53971300
2009.03.23,-5718.57342200
2009.03.24,-5572.34701900
2009.03.25,-5389.91170900
2009.03.26,-5146.92996000
2009.03.27,-5013.04591500
2009.03.28,-5007.70055233
2009.03.29,-5002.35518967
2009.03.30,-4997.00982700
2009.03.31,-4916.56392300
2009.04.01,-4777.99985500
2009.04.02,-4560.33757800
2009.04.03,-4324.03464300
2009.04.04,-4273.98158200
2009.04.05,-4223.92852100
2009.04.06,-4173.87546000
2009.04.07,-4125.26998200
2009.04.08,-4018.38594800
2009.04.09,-3830.25816900
2009.04.10,-3787.05803350
2009.04.11,-3743.85789800
2009.04.12,-3700.65776250
2009.04.13,-3657.45762700
2009.04.14,-3570.12587600
2009.04.15,-3444.40659900
2009.04.16,-3268.69458500
2009.04.17,-3084.66733900
2009.04.18,-3069.42846200
2009.04.19,-3054.18958500
2009.04.20,-3038.95070800
2009.04.21,-2927.51823400
2009.04.22,-2833.75587800
2009.04.23,-2740.62028500
2009.04.24,-2598.48625000
2009.04.25,-2577.96390667
2009.04.26,-2557.44156333
2009.04.27,-2536.91922000
2009.04.28,-2484.99481300
2009.04.29,-2360.47447100
2009.04.30,-2259.30720600
2009.05.01,-2154.26265800
2009.05.02,-2097.00119100
2009.05.03,-2039.73972400
2009.05.04,-1982.47825700
2009.05.05,-1864.94020300
2009.05.06,-1730.17046500
2009.05.07,-1674.79148700
2009.05.08,-1549.36850300
2009.05.09,-1539.50733867
2009.05.10,-1529.64617433
2009.05.11,-1519.78501000
2009.05.12,-1533.54219800
2009.05.13,-1665.18688300
2009.05.14,-1733.26715400
2009.05.15,-1844.30945000
2009.05.16,-1847.11598867
2009.05.17,-1849.92252733
2009.05.18,-1852.72906600
2009.05.19,-1852.06419200
2009.05.20,-1867.08540400
2009.05.21,-1956.64311300
2009.05.22,-2046.98173900
2009.05.23,-2046.54539300
2009.05.24,-2046.10904700
2009.05.25,-2045.67270100
2009.05.26,-2045.23635500
2009.05.27,-2114.66787000
2009.05.28,-2143.80847600
2009.05.29,-2115.65465200
2009.05.30,-2082.72138767
2009.05.31,-2049.78812333
2009.06.01,-2016.85485900
2009.06.02,-1922.84676200
2009.06.03,-1914.70560500
2009.06.04,-1850.62138800
2009.06.05,-1813.72627500
2009.06.06,-1819.72162433
2009.06.07,-1825.71697367
2009.06.08,-1831.71232300
2009.06.09,-1835.93183200
2009.06.10,-1867.15985200
2009.06.11,-1885.02401100
2009.06.12,-1922.37274700
2009.06.13,-1968.62984867
2009.06.14,-2014.88695033
2009.06.15,-2061.14405200
2009.06.16,-2252.23779700
2009.06.17,-2443.76176100
2009.06.18,-2596.24594100
2009.06.19,-2705.83868500
2009.06.20,-2773.57955267
2009.06.21,-2841.32042033
2009.06.22,-2909.06128800
2009.06.23,-3098.02130700
2009.06.24,-3209.89201700
2009.06.25,-3225.74201400
2009.06.26,-3221.16505100
2009.06.27,-3213.04200800
2009.06.28,-3204.91896500
2009.06.29,-3196.79592200
2009.06.30,-3204.27633800
2009.07.01,-3154.90071100
2009.07.02,-3202.41004700
2009.07.03,-3219.61215500
2009.07.04,-3236.81426300
2009.07.05,-3254.01637100
2009.07.06,-3271.21847900
2009.07.07,-3413.44359600
2009.07.08,-3581.22885300
2009.07.09,-3704.77910300
2009.07.10,-3818.69067200
2009.07.11,-3823.20765133
2009.07.12,-3827.72463067
2009.07.13,-3832.24161000
2009.07.14,-3794.36645400
2009.07.15,-3659.01136300
2009.07.16,-3491.43770300
2009.07.17,-3357.00503600
2009.07.18,-3295.73005067
2009.07.19,-3234.45506533
2009.07.20,-3173.18008000
2009.07.21,-3016.99384300
2009.07.22,-2871.86964000
2009.07.23,-2666.12909900
2009.07.24,-2462.94029100
2009.07.25,-2397.07658000
2009.07.26,-2331.21286900
2009.07.27,-2265.34915800
2009.07.28,-2115.48199400
2009.07.29,-2035.86815900
2009.07.30,-1902.41898900
2009.07.31,-1773.55785400
2009.08.01,-1712.97650067
2009.08.02,-1652.39514733
2009.08.03,-1591.81379400
2009.08.04,-1423.36355400
2009.08.05,-1310.97178100
2009.08.06,-1267.27195600
2009.08.07,-1172.27224500
2009.08.08,-1154.44354067
2009.08.09,-1136.61483633
2009.08.10,-1118.78613200
2009.08.11,-1154.46157500
2009.08.12,-1143.29177000
2009.08.13,-1111.67512800
2009.08.14,-1162.73452400
2009.08.15,-1216.58189400
2009.08.16,-1270.42926400
2009.08.17,-1324.27663400
2009.08.18,-1400.17375600
2009.08.19,-1447.06492600
2009.08.20,-1438.67155200
2009.08.21,-1358.80185900
2009.08.22,-1341.14099333
2009.08.23,-1323.48012767
2009.08.24,-1305.81926200
2009.08.25,-1250.79004600
2009.08.26,-1225.18611600
2009.08.27,-1209.86882500
2009.08.28,-1220.27319700
2009.08.29,-1250.05465433
2009.08.30,-1279.83611167
2009.08.31,-1309.61756900
2009.09.01,-1492.60891900
2009.09.02,-1692.45347900
2009.09.03,-1767.35831100
2009.09.04,-1725.21515000
2009.09.05,-1693.40053050
2009.09.06,-1661.58591100
2009.09.07,-1629.77129150
2009.09.08,-1597.95667200
2009.09.09,-1410.86089000
2009.09.10,-1161.73969100
2009.09.11,-936.63236860
2009.09.12,-852.24906093
2009.09.13,-767.86575327
2009.09.14,-683.48244560
2009.09.15,-394.52184920
2009.09.16,-39.73793011
2009.09.17,219.90101040
2009.09.18,470.14279950
2009.09.19,519.11147137
2009.09.20,568.08014323
2009.09.21,617.04881510
2009.09.22,808.11821450
2009.09.23,897.14195980
2009.09.24,871.47155230
2009.09.25,804.26599610
2009.09.26,814.38863593
2009.09.27,824.51127577
2009.09.28,834.63391560
2009.09.29,829.62531710
2009.09.30,773.24483890
2009.10.01,604.82330580
2009.10.02,391.74877850
2009.10.03,365.66962357
2009.10.04,339.59046863
2009.10.05,313.51131370
2009.10.06,339.50072480
2009.10.07,372.37416760
2009.10.08,471.71909040
2009.10.09,589.90040390
2009.10.10,629.16557760
2009.10.11,668.43075130
2009.10.12,707.69592500
2009.10.13,760.72261590
2009.10.14,883.45682350
2009.10.15,965.47728690
2009.10.16,964.12739660
2009.10.17,988.23579907
2009.10.18,1012.34420153
2009.10.19,1036.45260400
2009.10.20,1020.10839200
2009.10.21,932.48354990
2009.10.22,909.20189180
2009.10.23,788.65006470
2009.10.24,722.31171053
2009.10.25,655.97335637
2009.10.26,589.63500220
2009.10.27,355.77894870
2009.10.28,26.65312827
2009.10.29,-153.43271390
2009.10.30,-426.03894530
2009.10.31,-497.88832303
2009.11.01,-569.73770077
2009.11.02,-641.58707850
2009.11.03,-783.07279690
2009.11.04,-885.37772220
2009.11.05,-865.97154470
2009.11.06,-837.14940530
2009.11.07,-791.73984653
2009.11.08,-746.33028777
2009.11.09,-700.92072900
2009.11.10,-632.14060710
2009.11.11,-527.72289990
2009.11.12,-537.90714570
2009.11.13,-469.62514020
2009.11.14,-415.68206003
2009.11.15,-361.73897987
2009.11.16,-307.79589970
2009.11.17,-202.64291970
2009.11.18,-150.67390710
2009.11.19,-213.38703180
2009.11.20,-309.68981830
2009.11.21,-306.68662940
2009.11.22,-303.68344050
2009.11.23,-300.68025160
2009.11.24,-327.72367090
2009.11.25,-295.40717600
2009.11.26,-338.95335650
2009.11.27,-382.49953700
2009.11.28,-396.75002730
2009.11.29,-411.00051760
2009.11.30,-425.25100790
2009.12.01,-363.27726060
2009.12.02,-256.97332030
2009.12.03,-234.84858470
2009.12.04,-145.00769290
2009.12.05,-113.21135923
2009.12.06,-81.41502557
2009.12.07,-49.61869190
2009.12.08,-43.46300260
2009.12.09,-19.38257324
2009.12.10,35.00310673
2009.12.11,123.22784760
2009.12.12,173.68318567
2009.12.13,224.13852373
2009.12.14,274.59386180
2009.12.15,350.38883460
2009.12.16,460.59159220
2009.12.17,467.96199190
2009.12.18,504.67387380
2009.12.19,538.14563700
2009.12.20,571.61740020
2009.12.21,605.08916340
2009.12.22,729.71879020
2009.12.23,902.17852710
2009.12.24,1122.52071000
2009.12.25,1169.96570050
2009.12.26,1217.41069100
2009.12.27,1264.85568150
2009.12.28,1312.30067200
2009.12.29,1436.30103700
2009.12.30,1500.78984300
2009.12.31,1474.42382300
2010.01.01,1491.45755675
2010.01.02,1508.49129050
2010.01.03,1525.52502425
2010.01.04,1542.55875800
2010.01.05,1630.55133200
2010.01.06,1732.48222700
2010.01.07,1850.97073100
2010.01.08,1981.82354800
2010.01.09,2026.28022833
2010.01.10,2070.73690867
2010.01.11,2115.19358900
2010.01.12,2133.14900600
2010.01.13,2204.78514300
2010.01.14,2280.56011400
2010.01.15,2254.04491400
2010.01.16,2267.78473375
2010.01.17,2281.52455350
2010.01.18,2295.26437325
2010.01.19,2309.00419300
2010.01.20,2253.14935600
2010.01.21,2092.92772300
2010.01.22,1839.87358800
2010.01.23,1774.03670400
2010.01.24,1708.19982000
2010.01.25,1642.36293600
2010.01.26,1400.42951300
2010.01.27,1167.57428800
2010.01.28,883.74520020
2010.01.29,564.40260390
2010.01.30,503.94929293
2010.01.31,443.49598197
2010.02.01,383.04267100
2010.02.02,312.16471500
2010.02.03,190.85323900
2010.02.04,-46.42233909
2010.02.05,-279.86084670
2010.02.06,-368.27438663
2010.02.07,-456.68792657
2010.02.08,-545.10146650
2010.02.09,-680.10668900
2010.02.10,-825.98562090
2010.02.11,-859.63217950
2010.02.12,-868.90182620
2010.02.13,-843.24708592
2010.02.14,-817.59234565
2010.02.15,-791.93760537
2010.02.16,-766.28286510
2010.02.17,-619.36223890
2010.02.18,-427.99829240
2010.02.19,-229.09212660
2010.02.20,-179.78871583
2010.02.21,-130.48530505
2010.02.22,-81.18189428
2010.02.23,-37.66273615
2010.02.24,69.78445773
2010.02.25,138.40288620
2010.02.26,230.87962810
2010.02.27,287.81736683
2010.02.28,344.75510557
2010.03.01,401.69284430
2010.03.02,611.12968000
2010.03.03,804.44252600
2010.03.04,997.15279680
2010.03.05,1267.68431400
2010.03.06,1352.20632267
2010.03.07,1436.72833133
2010.03.08,1521.25034000
2010.03.09,1753.89304100
2010.03.10,1997.53308400
2010.03.11,2214.80765600
2010.03.12,2408.05337700
2010.03.13,2444.59831833
2010.03.14,2481.14325967
2010.03.15,2517.68820100
2010.03.16,2675.03753500
2010.03.17,2861.54602800
2010.03.18,2959.15305900
2010.03.19,2951.71130500
2010.03.20,2962.53755300
2010.03.21,2973.36380100
2010.03.22,2984.19004900
2010.03.23,3071.03842500
2010.03.24,3060.98859500
2010.03.25,2988.09104600
2010.03.26,2918.57318700
2010.03.27,2913.09630867
2010.03.28,2907.61943033
2010.03.29,2902.14255200
2010.03.30,2880.18364600
2010.03.31,2795.75786300
2010.04.01,2788.14503000
2010.04.02,2803.63260550
2010.04.03,2819.12018100
2010.04.04,2834.60775650
2010.04.05,2850.09533200
2010.04.06,2915.51236300
2010.04.07,2896.86636400
2010.04.08,2877.43970200
2010.04.09,2905.99270800
2010.04.10,2917.55366000
2010.04.11,2929.11461200
2010.04.12,2940.67556400
2010.04.13,2933.22602900
2010.04.14,2999.54054500
2010.04.15,3017.79175500
2010.04.16,2912.70758000
2010.04.17,2865.28741067
2010.04.18,2817.86724133
2010.04.19,2770.44707200
2010.04.20,2737.11210300
2010.04.21,2718.02514400
2010.04.22,2741.06566800
2010.04.23,2816.90998800
2010.04.24,2823.04743600
2010.04.25,2829.18488400
2010.04.26,2835.32233200
2010.04.27,2719.83827400
2010.04.28,2637.80021300
2010.04.29,2637.01867000
2010.04.30,2529.41535700
2010.05.01,2523.83272067
2010.05.02,2518.25008433
2010.05.03,2512.66744800
2010.05.04,2378.93464800
2010.05.05,2163.94843100
2010.05.06,1831.96547400
2010.05.07,1476.06021700
2010.05.08,1421.03378533
2010.05.09,1366.00735367
2010.05.10,1310.98092200
2010.05.11,1182.93322100
2010.05.12,1173.48776900
2010.05.13,1117.99447000
2010.05.14,951.70772620
2010.05.15,894.31315807
2010.05.16,836.91858993
2010.05.17,779.52402180
2010.05.18,547.85933450
2010.05.19,263.34673010
2010.05.20,-118.47828020
2010.05.21,-357.89627270
2010.05.22,-436.30057343
2010.05.23,-514.70487417
2010.05.24,-593.10917490
2010.05.25,-829.05066040
2010.05.26,-989.08537720
2010.05.27,-983.56963320
2010.05.28,-1023.28582400
2010.05.29,-1051.65855250
2010.05.30,-1080.03128100
2010.05.31,-1108.40400950
2010.06.01,-1136.77673800
2010.06.02,-1113.12758500
2010.06.03,-1042.49192200
2010.06.04,-1097.78597100
2010.06.05,-1134.01513133
2010.06.06,-1170.24429167
2010.06.07,-1206.47345200
2010.06.08,-1257.81888200
2010.06.09,-1289.43013000
2010.06.10,-1192.16059600
2010.06.11,-1041.68434100
2010.06.12,-984.11246807
2010.06.13,-926.54059513
2010.06.14,-868.96872220
2010.06.15,-602.60202410
2010.06.16,-396.79548720
2010.06.17,-215.94692070
2010.06.18,-38.04166172
2010.06.19,5.45807319
2010.06.20,48.95780810
2010.06.21,92.45754301
2010.06.22,117.17207530
2010.06.23,134.71714010
2010.06.24,68.79458478
2010.06.25,86.98682705
2010.06.26,88.22663805
2010.06.27,89.46644906
2010.06.28,90.70626006
2010.06.29,-30.91715602
2010.06.30,-171.20059100
2010.07.01,-317.28692490
2010.07.02,-465.30430580
2010.07.03,-495.76139060
2010.07.04,-526.21847540
2010.07.05,-556.67556020
2010.07.06,-587.13264500
2010.07.07,-572.16021170
2010.07.08,-471.09798020
2010.07.09,-289.93428240
2010.07.10,-250.71940470
2010.07.11,-211.50452700
2010.07.12,-172.28964930
2010.07.13,38.15796020
2010.07.14,206.59987650
2010.07.15,352.13471560
2010.07.16,388.40632940
2010.07.17,415.24639547
2010.07.18,442.08646153
2010.07.19,468.92652760
2010.07.20,634.92666440
2010.07.21,724.23214810
2010.07.22,914.86717590
2010.07.23,1171.98578900
2010.07.24,1276.06128400
2010.07.25,1380.13677900
2010.07.26,1484.21227400
2010.07.27,1730.44485700
2010.07.28,1882.07149200
2010.07.29,2014.65190700
2010.07.30,2149.68490200
2010.07.31,2221.60316400
2010.08.01,2293.52142600
2010.08.02,2365.43968800
2010.08.03,2508.88283200
2010.08.04,2697.43230600
2010.08.05,2825.60494500
2010.08.06,2912.96452600
2010.08.07,2957.25706600
2010.08.08,3001.54960600
2010.08.09,3045.84214600
2010.08.10,3076.97330000
2010.08.11,2974.95557000
2010.08.12,2851.90563300
2010.08.13,2723.68840900
2010.08.14,2696.55701933
2010.08.15,2669.42562967
2010.08.16,2642.29424000
2010.08.17,2652.54075400
2010.08.18,2676.28882100
2010.08.19,2592.91197300
2010.08.20,2488.01020800
2010.08.21,2442.48318833
2010.08.22,2396.95616867
2010.08.23,2351.42914900
2010.08.24,2147.64519700
2010.08.25,2000.37169200
2010.08.26,1824.50098700
2010.08.27,1777.70902900
2010.08.28,1734.19380600
2010.08.29,1690.67858300
2010.08.30,1647.16336000
2010.08.31,1548.91099700
2010.09.01,1572.91067000
2010.09.02,1653.01583800
2010.09.03,1802.89067800
2010.09.04,1815.59781150
2010.09.05,1828.30494500
2010.09.06,1841.01207850
2010.09.07,1853.71921200
2010.09.08,1950.20901300
2010.09.09,2062.90674700
2010.09.10,2194.79877700
2010.09.11,2253.76334067
2010.09.12,2312.72790433
2010.09.13,2371.69246800
2010.09.14,2501.87811100
2010.09.15,2614.57744600
2010.09.16,2677.16249000
2010.09.17,2750.28689000
2010.09.18,2799.67686600
2010.09.19,2849.06684200
2010.09.20,2898.45681800
2010.09.21,2970.94982200
2010.09.22,2984.27659100
2010.09.23,2925.44959600
2010.09.24,2964.92526700
2010.09.25,2964.60095800
2010.09.26,2964.27664900
2010.09.27,2963.95234000
2010.09.28,3007.35072500
2010.09.29,3048.01959100
2010.09.30,3074.25137300
2010.10.01,3141.75829000
2010.10.02,3133.91149767
2010.10.03,3126.06470533
2010.10.04,3118.21791300
2010.10.05,3182.34980100
2010.10.06,3216.27081600
2010.10.07,3221.79192900
2010.10.08,3290.05352200
2010.10.09,3310.82465333
2010.10.10,3331.59578467
2010.10.11,3352.36691600
2010.10.12,3411.43303300
2010.10.13,3518.02739900
2010.10.14,3564.77544400
2010.10.15,3560.17114500
2010.10.16,3571.67530133
2010.10.17,3583.17945767
2010.10.18,3594.68361400
2010.10.19,3512.21835700
2010.10.20,3503.99947100
2010.10.21,3482.75232500
2010.10.22,3482.07225400
2010.10.23,3487.89164700
2010.10.24,3493.71104000
2010.10.25,3499.53043300
2010.10.26,3489.75952300
2010.10.27,3419.75659700
2010.10.28,3349.10531300
2010.10.29,3307.30293800
2010.10.30,3292.91042300
2010.10.31,3278.51790800
2010.11.01,3264.12539300
2010.11.02,3287.03796500
2010.11.03,3314.29302400
2010.11.04,3429.07463500
2010.11.05,3541.46753900
2010.11.06,3564.54707067
2010.11.07,3587.62660233
2010.11.08,3610.70613400
2010.11.09,3583.15160200
2010.11.10,3578.22671900
2010.11.11,3517.12481100
2010.11.12,3352.39705500
2010.11.13,3297.97898300
2010.11.14,3243.56091100
2010.11.15,3189.14283900
2010.11.16,2926.66476900
2010.11.17,2721.21269600
2010.11.18,2629.69511000
2010.11.19,2570.29909900
2010.11.20,2551.05407067
2010.11.21,2531.80904233
2010.11.22,2512.56401400
2010.11.23,2371.03769600
2010.11.24,2343.07750500
2010.11.25,2300.31683000
2010.11.26,2257.55615500
2010.11.27,2222.25331000
2010.11.28,2186.95046500
2010.11.29,2151.64762000
2010.11.30,2005.68758400
2010.12.01,1960.76331500
2010.12.02,1979.89924900
2010.12.03,2027.16097600
2010.12.04,2038.70196667
2010.12.05,2050.24295733
2010.12.06,2061.78394800
2010.12.07,2086.37766900
2010.12.08,2066.42341300
2010.12.09,2059.28040600
2010.12.10,2088.67673400
2010.12.11,2089.35689267
2010.12.12,2090.03705133
2010.12.13,2090.71721000
2010.12.14,2067.80823100
2010.12.15,1994.83201300
2010.12.16,1981.06318600
2010.12.17,1982.03552400
2010.12.18,1980.02591433
2010.12.19,1978.01630467
2010.12.20,1976.00669500
2010.12.21,2021.07201200
2010.12.22,2088.14749900
2010.12.23,2133.25630200
2010.12.24,2145.44423850
2010.12.25,2157.63217500
2010.12.26,2169.82011150
2010.12.27,2182.00804800
2010.12.28,2210.28075000
2010.12.29,2257.60250600
2010.12.30,2292.62459600
2010.12.31,2328.90535900
2011.01.01,2361.81386767
2011.01.02,2394.72237633
2011.01.03,2427.63088500
2011.01.04,2462.85305500
2011.01.05,2514.30374500
2011.01.06,2518.57256700
2011.01.07,2495.92954600
2011.01.08,2488.51640267
2011.01.09,2481.10325933
2011.01.10,2473.69011600
2011.01.11,2473.40695300
2011.01.12,2526.44781300
2011.01.13,2548.96551000
2011.01.14,2582.62331300
2011.01.15,2590.78938925
2011.01.16,2598.95546550
2011.01.17,2607.12154175
2011.01.18,2615.28761800
2011.01.19,2551.03916100
2011.01.20,2425.40153400
2011.01.21,2318.25435500
2011.01.22,2305.98698533
2011.01.23,2293.71961567
2011.01.24,2281.45224600
2011.01.25,2221.12918100
2011.01.26,2221.59731500
2011.01.27,2199.43958300
2011.01.28,2053.79752400
2011.01.29,2030.49987467
2011.01.30,2007.20222533
2011.01.31,1983.90457600
2011.02.01,2016.37658200
2011.02.02,1994.70826500
2011.02.03,1954.45831200
2011.02.04,1885.47231100
2011.02.05,1883.21884700
2011.02.06,1880.96538300
2011.02.07,1878.71191900
2011.02.08,1874.73822300
2011.02.09,1805.11702300
2011.02.10,1717.61531100
2011.02.11,1703.26327200
2011.02.12,1693.30083500
2011.02.13,1683.33839800
2011.02.14,1673.37596100
2011.02.15,1586.00543100
2011.02.16,1580.32360000
2011.02.17,1609.56401700
2011.02.18,1653.91675400
2011.02.19,1630.26725525
2011.02.20,1606.61775650
2011.02.21,1582.96825775
2011.02.22,1559.31875900
2011.02.23,1398.64088100
2011.02.24,1237.61809000
2011.02.25,1189.75551300
2011.02.26,1194.06508633
2011.02.27,1198.37465967
2011.02.28,1202.68423300
2011.03.01,1131.72486700
2011.03.02,1109.69598400
2011.03.03,1185.51281000
2011.03.04,1178.80863200
2011.03.05,1150.06659367
2011.03.06,1121.32455533
2011.03.07,1092.58251700
2011.03.08,1095.69627500
2011.03.09,1060.33005800
2011.03.10,918.24029130
2011.03.11,801.31233960
2011.03.12,743.16901947
2011.03.13,685.02569933
2011.03.14,626.88237920
2011.03.15,378.16035120
2011.03.16,66.16221542
2011.03.17,-126.77700170
2011.03.18,-219.45614730
2011.03.19,-212.42061023
2011.03.20,-205.38507317
2011.03.21,-198.34953610
2011.03.22,-227.91163590
2011.03.23,-266.64767290
2011.03.24,-244.88374630
2011.03.25,-176.15117030
2011.03.26,-164.13546750
2011.03.27,-152.11976470
2011.03.28,-140.10406190
2011.03.29,-51.98326397
2011.03.30,95.06993460
2011.03.31,217.92506970
2011.04.01,383.57658490
2011.04.02,449.98130573
2011.04.03,516.38602657
2011.04.04,582.79074740
2011.04.05,737.45490260
2011.04.06,891.45548080
2011.04.07,959.16869780
2011.04.08,967.91765480
2011.04.09,944.31457813
2011.04.10,920.71150147
2011.04.11,897.10842480
2011.04.12,742.93099100
2011.04.13,610.49463020
2011.04.14,483.30906850
2011.04.15,432.14886790
2011.04.16,380.96462930
2011.04.17,329.78039070
2011.04.18,278.59615210
2011.04.19,198.81559930
2011.04.20,234.35914860
2011.04.21,316.77708760
2011.04.22,324.16045070
2011.04.23,331.54381380
2011.04.24,338.92717690
2011.04.25,346.31054000
2011.04.26,442.63008910
2011.04.27,533.02015310
2011.04.28,611.33855700
2011.04.29,687.24409970
2011.04.30,700.24843917
2011.05.01,713.25277863
2011.05.02,726.25711810
2011.05.03,687.78196330
2011.05.04,569.49679610
2011.05.05,406.26549410
2011.05.06,318.57140350
2011.05.07,314.58096867
2011.05.08,310.59053383
2011.05.09,306.60009900
2011.05.10,393.03163320
2011.05.11,367.16543670
2011.05.12,349.01401150
2011.05.13,244.79947300
2011.05.14,189.99033038
2011.05.15,135.18118775
2011.05.16,80.37204513
2011.05.17,-107.66526590
2011.05.18,-179.54884050
2011.05.19,-209.16155260
2011.05.20,-303.68461360
2011.05.21,-365.53421167
2011.05.22,-427.38380973
2011.05.23,-489.23340780
2011.05.24,-652.98145970
2011.05.25,-737.82113690
2011.05.26,-740.51995510
2011.05.27,-666.82484500
2011.05.28,-628.90148413
2011.05.29,-590.97812325
2011.05.30,-553.05476237
2011.05.31,-515.13140150
2011.06.01,-498.60785040
2011.06.02,-487.43717490
2011.06.03,-560.54906150
2011.06.04,-616.16836743
2011.06.05,-671.78767337
2011.06.06,-727.40697930
2011.06.07,-841.58346400
2011.06.08,-1021.04644100
2011.06.09,-1123.98205400
2011.06.10,-1314.17209400
2011.06.11,-1381.26930133
2011.06.12,-1448.36650867
2011.06.13,-1515.46371600
2011.06.14,-1574.89073500
2011.06.15,-1734.57638300
2011.06.16,-1894.13473000
2011.06.17,-1977.83644300
2011.06.18,-1978.67837033
2011.06.19,-1979.52029767
2011.06.20,-1980.36222500
2011.06.21,-1862.06995800
2011.06.22,-1809.01971900
2011.06.23,-1799.71666700
2011.06.24,-1820.61397400
2011.06.25,-1803.73534967
2011.06.26,-1786.85672533
2011.06.27,-1769.97810100
2011.06.28,-1628.68454000
2011.06.29,-1438.38512200
2011.06.30,-1192.53719400
2011.07.01,-874.87453020
2011.07.02,-813.53054255
2011.07.03,-752.18655490
2011.07.04,-690.84256725
2011.07.05,-629.49857960
2011.07.06,-420.50464900
2011.07.07,-150.66231500
2011.07.08,1.40619207
2011.07.09,4.71003961
2011.07.10,8.01388714
2011.07.11,11.31773468
2011.07.12,-23.76448507
2011.07.13,-5.59096053
2011.07.14,-73.02464224
2011.07.15,-93.11531689
2011.07.16,-136.95263363
2011.07.17,-180.78995036
2011.07.18,-224.62726710
2011.07.19,-242.79684830
2011.07.20,-272.41785590
2011.07.21,-200.48172810
2011.07.22,-167.17393020
2011.07.23,-190.63591793
2011.07.24,-214.09790567
2011.07.25,-237.55989340
2011.07.26,-358.55209240
2011.07.27,-590.55766220
2011.07.28,-818.41963590
2011.07.29,-1070.99952500
2011.07.30,-1136.48312767
2011.07.31,-1201.96673033
2011.08.01,-1267.45033300
2011.08.02,-1537.07852200
2011.08.03,-1767.97523100
2011.08.04,-2098.45204100
2011.08.05,-2439.96745400
2011.08.06,-2583.26606733
2011.08.07,-2726.56468067
2011.08.08,-2869.86329400
2011.08.09,-3083.97492100
2011.08.10,-3351.87048700
2011.08.11,-3433.96184400
2011.08.12,-3439.13014500
2011.08.13,-3390.52122733
2011.08.14,-3341.91230967
2011.08.15,-3293.30339200
2011.08.16,-3246.35500100
2011.08.17,-3157.88235100
2011.08.18,-3205.19882400
2011.08.19,-3304.42841500
2011.08.20,-3331.40146733
2011.08.21,-3358.37451967
2011.08.22,-3385.34757200
2011.08.23,-3326.10671400
2011.08.24,-3196.32524700
2011.08.25,-3146.48046600
2011.08.26,-2981.13077600
2011.08.27,-2886.03756333
2011.08.28,-2790.94435067
2011.08.29,-2695.85113800
2011.08.30,-2397.45779100
2011.08.31,-2079.99419000
2011.09.01,-1865.36284100
2011.09.02,-1791.62622300
2011.09.03,-1794.10048825
2011.09.04,-1796.57475350
2011.09.05,-1799.04901875
2011.09.06,-1801.52328400
2011.09.07,-1675.57765400
2011.09.08,-1659.81625200
2011.09.09,-1756.89117300
2011.09.10,-1789.66270667
2011.09.11,-1822.43424033
2011.09.12,-1855.20577400
2011.09.13,-1858.53872900
2011.09.14,-1776.64571200
2011.09.15,-1614.34395400
2011.09.16,-1460.75423100
2011.09.17,-1447.16323600
2011.09.18,-1433.57224100
2011.09.19,-1419.98124600
2011.09.20,-1413.72043800
2011.09.21,-1520.79884600
2011.09.22,-1730.59688900
2011.09.23,-1856.32123300
2011.09.24,-1864.02546867
2011.09.25,-1871.72970433
2011.09.26,-1879.43394000
2011.09.27,-1788.49813500
2011.09.28,-1819.50553100
2011.09.29,-1766.76932600
2011.09.30,-1820.84602500
2011.10.01,-1877.57314100
2011.10.02,-1934.30025700
2011.10.03,-1991.02737300
2011.10.04,-2102.37728800
2011.10.05,-2112.41957900
2011.10.06,-1999.39364000
2011.10.07,-1952.45949400
2011.10.08,-1892.11249633
2011.10.09,-1831.76549867
2011.10.10,-1771.41850100
2011.10.11,-1617.87136000
2011.10.12,-1487.19919800
2011.10.13,-1418.78850300
2011.10.14,-1248.05341700
2011.10.15,-1234.16382833
2011.10.16,-1220.27423967
2011.10.17,-1206.38465100
2011.10.18,-1056.27593200
2011.10.19,-1012.20159900
2011.10.20,-966.70703510
2011.10.21,-806.12564830
2011.10.22,-724.36641030
2011.10.23,-642.60717230
2011.10.24,-560.84793430
2011.10.25,-460.53124910
2011.10.26,-274.65782710
2011.10.27,3.58723793
2011.10.28,220.36883230
2011.10.29,245.16763863
2011.10.30,269.96644497
2011.10.31,294.76525130
2011.11.01,237.60036330
2011.11.02,292.33638230
2011.11.03,426.22399660
2011.11.04,485.06678680
2011.11.05,497.52853737
2011.11.06,509.99028793
2011.11.07,522.45203850
2011.11.08,628.10416860
2011.11.09,582.99621890
2011.11.10,598.21394080
2011.11.11,722.08402340
2011.11.12,724.73352357
2011.11.13,727.38302373
2011.11.14,730.03252390
2011.11.15,777.82832910
2011.11.16,718.85460100
2011.11.17,561.53779040
2011.11.18,450.77422850
2011.11.19,379.07198960
2011.11.20,307.36975070
2011.11.21,235.66751180
2011.11.22,-11.77706845
2011.11.23,-348.38329920
2011.11.24,-498.61150465
2011.11.25,-648.83971010
2011.11.26,-697.87172100
2011.11.27,-746.90373190
2011.11.28,-795.93574280
2011.11.29,-919.32317210
2011.11.30,-899.62280820
2011.12.01,-906.63088310
2011.12.02,-870.43963270
2011.12.03,-828.89106027
2011.12.04,-787.34248783
2011.12.05,-745.79391540
2011.12.06,-628.59285760
2011.12.07,-511.84298890
2011.12.08,-516.76263610
2011.12.09,-406.03512140
2011.12.10,-403.18438783
2011.12.11,-400.33365427
2011.12.12,-397.48292070
2011.12.13,-460.33337450
2011.12.14,-574.86884560
2011.12.15,-627.87232920
2011.12.16,-631.25094600
2011.12.17,-658.76176687
2011.12.18,-686.27258773
2011.12.19,-713.78340860
2011.12.20,-659.42974710
2011.12.21,-572.91021780
2011.12.22,-415.47146920
2011.12.23,-216.23398170
2011.12.24,-171.43917629
2011.12.25,-126.64437089
2011.12.26,-81.84956548
2011.12.27,-37.05476007
2011.12.28,23.42874826
2011.12.29,166.12500410
2011.12.30,284.54967790
2011.12.31,331.29476483
2012.01.01,378.03985175
2012.01.02,424.78493867
2012.01.03,471.53002560
2012.01.04,631.19057270
2012.01.05,801.09438760
2012.01.06,935.60667750
2012.01.07,987.53333567
2012.01.08,1039.45999383
2012.01.09,1091.38665200
2012.01.10,1305.62159700
2012.01.11,1495.81436700
2012.01.12,1687.90011300
2012.01.13,1802.69392600
2012.01.14,1834.64023600
2012.01.15,1866.58654600
2012.01.16,1898.53285600
2012.01.17,1930.47916600
2012.01.18,2121.13315000
2012.01.19,2324.43664100
2012.01.20,2515.03894300
2012.01.21,2575.01886733
2012.01.22,2634.99879167
2012.01.23,2694.97871600
2012.01.24,2852.15232900
2012.01.25,3056.42500600
2012.01.26,3218.14601900
2012.01.27,3387.07675600
2012.01.28,3417.57688800
2012.01.29,3448.07702000
2012.01.30,3478.57715200
2012.01.31,3569.91710500
2012.02.01,3732.71317900
2012.02.02,3879.24025700
2012.02.03,4075.77470700
2012.02.04,4117.67740067
2012.02.05,4159.58009433
2012.02.06,4201.48278800
2012.02.07,4313.40578400
2012.02.08,4415.08291600
2012.02.09,4483.69144900
2012.02.10,4444.63328800
2012.02.11,4451.41065667
2012.02.12,4458.18802533
2012.02.13,4464.96539400
2012.02.14,4423.57451800
2012.02.15,4346.51744600
2012.02.16,4339.75106200
2012.02.17,4339.71704800
2012.02.18,4335.21013150
2012.02.19,4330.70321500
2012.02.20,4326.19629850
2012.02.21,4321.68938200
2012.02.22,4256.16728000
2012.02.23,4249.41504600
2012.02.24,4239.69481100
2012.02.25,4230.74171933
2012.02.26,4221.78862767
2012.02.27,4212.83553600
2012.02.28,4174.85667800
2012.02.29,4078.26047200
2012.03.01,4031.02941300
2012.03.02,3924.34171000
2012.03.03,3878.96181200
2012.03.04,3833.58191400
2012.03.05,3788.20201600
2012.03.06,3531.31156700
2012.03.07,3384.11367500
2012.03.08,3333.48891000
2012.03.09,3277.08729100
2012.03.10,3250.70101733
2012.03.11,3224.31474367
2012.03.12,3197.92847000
2012.03.13,3201.40803600
2012.03.14,3119.97602400
2012.03.15,3066.50177500
2012.03.16,2996.39878200
2012.03.17,2986.02543133
2012.03.18,2975.65208067
2012.03.19,2965.27873000
2012.03.20,2876.49469100
2012.03.21,2786.95186500
2012.03.22,2628.05798900
2012.03.23,2547.36343500
2012.03.24,2547.86988133
2012.03.25,2548.37632767
2012.03.26,2548.88277400
2012.03.27,2515.53739500
2012.03.28,2431.44941000
2012.03.29,2319.84693500
2012.03.30,2241.22758400
2012.03.31,2241.55235633
2012.04.01,2241.87712867
2012.04.02,2242.20190100
2012.04.03,2191.32393300
2012.04.04,2048.46665000
2012.04.05,1900.18134000
2012.04.06,1845.06012850
2012.04.07,1789.93891700
2012.04.08,1734.81770550
2012.04.09,1679.69649400
2012.04.10,1379.83346800
2012.04.11,1203.45141300
2012.04.12,1145.07749900
2012.04.13,1013.99241500
2012.04.14,983.44317867
2012.04.15,952.89394233
2012.04.16,922.34470600
2012.04.17,926.27419140
2012.04.18,878.25253050
2012.04.19,810.70274770
2012.04.20,801.04416970
2012.04.21,775.18973470
2012.04.22,749.33529970
2012.04.23,723.48086470
2012.04.24,708.99683460
2012.04.25,779.56800470
2012.04.26,892.30851510
2012.04.27,1040.09010900
2012.04.28,1071.12437967
2012.04.29,1102.15865033
2012.04.30,1133.19292100
2012.05.01,1254.42986100
2012.05.02,1337.61529500
2012.05.03,1345.95076500
2012.05.04,1274.54783800
2012.05.05,1258.24042400
2012.05.06,1241.93301000
2012.05.07,1225.62559600
2012.05.08,1149.76895100
2012.05.09,1028.11267500
2012.05.10,958.50599550
2012.05.11,858.24975460
2012.05.12,794.11297637
2012.05.13,729.97619813
2012.05.14,665.83941990
2012.05.15,457.34938660
2012.05.16,226.95366120
2012.05.17,-78.76945233
2012.05.18,-412.41886710
2012.05.19,-469.45491887
2012.05.20,-526.49097063
2012.05.21,-583.52702240
2012.05.22,-718.90686010
2012.05.23,-794.81208700
2012.05.24,-827.28699560
2012.05.25,-841.56660750
2012.05.26,-821.05441627
2012.05.27,-800.54222505
2012.05.28,-780.03003383
2012.05.29,-759.51784260
2012.05.30,-793.41855940
2012.05.31,-819.13657940
2012.06.01,-941.47980370
2012.06.02,-981.12848947
2012.06.03,-1020.77717523
2012.06.04,-1060.42586100
2012.06.05,-1080.12261100
2012.06.06,-971.66271970
2012.06.07,-885.92119860
2012.06.08,-741.78259210
2012.06.09,-728.40011827
2012.06.10,-715.01764443
2012.06.11,-701.63517060
2012.06.12,-576.80094940
2012.06.13,-529.58368550
2012.06.14,-420.91500640
2012.06.15,-262.89871070
2012.06.16,-207.39256860
2012.06.17,-151.88642651
2012.06.18,-96.38028441
2012.06.19,154.37487150
2012.06.20,370.69865550
2012.06.21,462.80199750
2012.06.22,601.28634490
2012.06.23,610.86890670
2012.06.24,620.45146850
2012.06.25,630.03403030
2012.06.26,681.41313110
2012.06.27,802.98519660
2012.06.28,926.31438670
2012.06.29,1145.67927200
2012.06.30,1228.18879900
2012.07.01,1310.69832600
2012.07.02,1393.20785300
2012.07.03,1690.12875000
2012.07.04,1805.98711200
2012.07.05,1921.84547400
2012.07.06,2062.75404500
2012.07.07,2095.29173100
2012.07.08,2127.82941700
2012.07.09,2160.36710300
2012.07.10,2187.72443200
2012.07.11,2207.47632700
2012.07.12,2175.22681500
2012.07.13,2242.57734800
2012.07.14,2254.53462100
2012.07.15,2266.49189400
2012.07.16,2278.44916700
2012.07.17,2354.72732600
2012.07.18,2447.67151600
2012.07.19,2527.05044100
2012.07.20,2536.33416900
2012.07.21,2509.43614133
2012.07.22,2482.53811367
2012.07.23,2455.64008600
2012.07.24,2305.81844500
2012.07.25,2180.79184900
2012.07.26,2138.24015000
2012.07.27,2195.66724700
2012.07.28,2208.39119100
2012.07.29,2221.11513500
2012.07.30,2233.83907900
2012.07.31,2233.80680000
2012.08.01,2188.41016700
2012.08.02,2105.95399500
2012.08.03,2127.42419800
2012.08.04,2144.39749900
2012.08.05,2161.37080000
2012.08.06,2178.34410100
2012.08.07,2259.93889700
2012.08.08,2324.00275300
2012.08.09,2387.10733700
2012.08.10,2443.47621900
2012.08.11,2442.35222333
2012.08.12,2441.22822767
2012.08.13,2440.10423200
2012.08.14,2425.92066200
2012.08.15,2444.11410600
2012.08.16,2517.64893100
2012.08.17,2608.03296100
2012.08.18,2625.26235467
2012.08.19,2642.49174833
2012.08.20,2659.72114200
2012.08.21,2677.76593100
2012.08.22,2650.45539600
2012.08.23,2562.05261200
2012.08.24,2522.15796800
2012.08.25,2505.61773133
2012.08.26,2489.07749467
2012.08.27,2472.53725800
2012.08.28,2442.29886400
2012.08.29,2433.98354300
2012.08.30,2355.90402600
2012.08.31,2340.51651900
2012.09.01,2342.28929375
2012.09.02,2344.06206850
2012.09.03,2345.83484325
2012.09.04,2347.60761800
2012.09.05,2338.63246900
2012.09.06,2411.56555500
2012.09.07,2520.51551500
2012.09.08,2538.86539467
2012.09.09,2557.21527433
2012.09.10,2575.56515400
2012.09.11,2666.80476900
2012.09.12,2762.33061600
2012.09.13,2920.29356200
2012.09.14,3100.10041400
2012.09.15,3127.96186567
2012.09.16,3155.82331733
2012.09.17,3183.68476900
2012.09.18,3226.13097000
2012.09.19,3271.54181600
2012.09.20,3266.36038100
2012.09.21,3276.69845200
2012.09.22,3265.85030467
2012.09.23,3255.00215733
2012.09.24,3244.15401000
2012.09.25,3135.35774200
2012.09.26,2993.96014500
2012.09.27,2935.39539800
2012.09.28,2842.39556200
2012.09.29,2824.25328300
2012.09.30,2806.11100400
2012.10.01,2787.96872500
2012.10.02,2742.39393600
2012.10.03,2692.81552200
2012.10.04,2710.86189900
2012.10.05,2738.48724300
2012.10.06,2732.84632067
2012.10.07,2727.20539833
2012.10.08,2721.56447600
2012.10.09,2615.18768700
2012.10.10,2478.10959500
2012.10.11,2393.61727700
2012.10.12,2274.30826000
2012.10.13,2254.78134300
2012.10.14,2235.25442600
2012.10.15,2215.72750900
2012.10.16,2234.36232900
2012.10.17,2299.47328800
2012.10.18,2344.99579200
2012.10.19,2293.99255400
2012.10.20,2275.53331033
2012.10.21,2257.07406667
2012.10.22,2238.61482300
2012.10.23,2114.97378800
2012.10.24,1986.48583500
2012.10.25,1899.14620600
2012.10.26,1793.67509200
2012.10.27,1778.88585640
2012.10.28,1764.09662080
2012.10.29,1749.30738520
2012.10.30,1734.51814960
2012.10.31,1719.72891400
2012.11.01,1733.65628700
2012.11.02,1681.64591000
2012.11.03,1666.90354233
2012.11.04,1652.16117467
2012.11.05,1637.41880700
2012.11.06,1660.01754100
2012.11.07,1580.18937100
2012.11.08,1435.98533800
2012.11.09,1304.36096400
2012.11.10,1263.42408200
2012.11.11,1222.48720000
2012.11.12,1181.55031800
2012.11.13,1015.33946500
2012.11.14,749.40248860
2012.11.15,467.62936100
2012.11.16,303.52519020
2012.11.17,297.21629283
2012.11.18,290.90739547
2012.11.19,284.59849810
2012.11.20,287.29318390
2012.11.21,345.46067440
2012.11.22,420.66362485
2012.11.23,495.86657530
2012.11.24,532.58914613
2012.11.25,569.31171697
2012.11.26,606.03428780
2012.11.27,684.24751050
2012.11.28,802.49857840
2012.11.29,967.14074850
2012.11.30,1123.62410000
2012.12.01,1157.01581500
2012.12.02,1190.40753000
2012.12.03,1223.79924500
2012.12.04,1303.67999800
2012.12.05,1375.90964200
2012.12.06,1444.23643900
2012.12.07,1515.23466900
2012.12.08,1539.34377333
2012.12.09,1563.45287767
2012.12.10,1587.56198200
2012.12.11,1698.26402400
2012.12.12,1765.37295000
2012.12.13,1755.42421800
2012.12.14,1733.29093000
2012.12.15,1742.76079133
2012.12.16,1752.23065267
2012.12.17,1761.70051400
2012.12.18,1852.68220600
2012.12.19,1922.15814200
2012.12.20,2030.49927600
2012.12.21,2065.57845000
2012.12.22,2063.86671700
2012.12.23,2062.15498400
2012.12.24,2060.44325100
2012.12.25,2030.72184550
2012.12.26,2001.00044000
2012.12.27,1920.62183400
2012.12.28,1790.09501700
2012.12.29,1788.21138233
2012.12.30,1786.32774767
2012.12.31,1784.44411300
2013.01.01,1843.36724100
2013.01.02,1902.29036900
2013.01.03,2016.78746700
2013.01.04,2190.44854800
2013.01.05,2233.45787533
2013.01.06,2276.46720267
2013.01.07,2319.47653000
2013.01.08,2423.14807100
2013.01.09,2558.12149900
2013.01.10,2708.68317200
2013.01.11,2828.06998700
2013.01.12,2858.74844600
2013.01.13,2889.42690500
2013.01.14,2920.10536400
2013.01.15,3010.09508400
2013.01.16,3062.78581900
2013.01.17,3175.52246900
2013.01.18,3306.73469200
2013.01.19,3346.26038650
2013.01.20,3385.78608100
2013.01.21,3425.31177550
2013.01.22,3464.83747000
2013.01.23,3580.89115700
2013.01.24,3684.86260400
2013.01.25,3795.98387800
2013.01.26,3815.81013433
2013.01.27,3835.63639067
2013.01.28,3855.46264700
2013.01.29,3914.13968200
2013.01.30,3898.98784900
2013.01.31,3877.08809200
2013.02.01,3924.32836000
2013.02.02,3903.66795533
2013.02.03,3883.00755067
2013.02.04,3862.34714600
2013.02.05,3864.19147300
2013.02.06,3876.79741600
2013.02.07,3845.44150900
2013.02.08,3856.65500200
2013.02.09,3849.38975567
2013.02.10,3842.12450933
2013.02.11,3834.85926300
2013.02.12,3842.29960900
2013.02.13,3847.54960800
2013.02.14,3836.50060900
2013.02.15,3809.92121100
2013.02.16,3814.46496325
2013.02.17,3819.00871550
2013.02.18,3823.55246775
2013.02.19,3828.09622000
2013.02.20,3747.54537200
2013.02.21,3605.83667000
2013.02.22,3547.84654600
2013.02.23,3498.02295000
2013.02.24,3448.19935400
2013.02.25,3398.37575800
2013.02.26,3306.28635500
2013.02.27,3290.01848300
2013.02.28,3266.55936100
2013.03.01,3252.16901500
2013.03.02,3250.04748433
2013.03.03,3247.92595367
2013.03.04,3245.80442300
2013.03.05,3300.78367600
2013.03.06,3351.78701800
2013.03.07,3404.58594100
2013.03.08,3488.50609000
2013.03.09,3511.54248900
2013.03.10,3534.57888800
2013.03.11,3557.61528700
2013.03.12,3574.51557400
2013.03.13,3582.39274200
2013.03.14,3624.76575600
2013.03.15,3636.47085500
2013.03.16,3624.02935667
2013.03.17,3611.58785833
2013.03.18,3599.14636000
2013.03.19,3530.63818500
2013.03.20,3533.21050400
2013.03.21,3475.44378500
2013.03.22,3453.97602100
2013.03.23,3434.73441500
2013.03.24,3415.49280900
2013.03.25,3396.25120300
2013.03.26,3384.21522700
2013.03.27,3367.15339200
2013.03.28,3377.87975600
2013.03.29,3362.66266650
2013.03.30,3347.44557700
2013.03.31,3332.22848750
2013.04.01,3317.01139800
2013.04.02,3247.83389500
2013.04.03,3088.44796100
2013.04.04,2978.28074700
2013.04.05,2866.84637600
2013.04.06,2850.80950267
2013.04.07,2834.77262933
2013.04.08,2818.73575600
2013.04.09,2790.60749800
2013.04.10,2835.35479900
2013.04.11,2889.98696800
2013.04.12,2894.84753800
2013.04.13,2854.25805433
2013.04.14,2813.66857067
2013.04.15,2773.07908700
2013.04.16,2756.90166600
2013.04.17,2646.93546300
2013.04.18,2527.37968200
2013.04.19,2484.32259100
2013.04.20,2477.47744900
2013.04.21,2470.63230700
2013.04.22,2463.78716500
2013.04.23,2529.66044000
2013.04.24,2624.08378800
2013.04.25,2739.54533100
2013.04.26,2801.51722400
2013.04.27,2839.84335167
2013.04.28,2878.16947933
2013.04.29,2916.49560700
2013.04.30,3054.41964600
2013.05.01,3092.82260100
2013.05.02,3193.64301500
2013.05.03,3337.77625300
2013.05.04,3384.85793233
2013.05.05,3431.93961167
2013.05.06,3479.02129100
2013.05.07,3663.39069200
2013.05.08,3854.80957600
2013.05.09,3958.19867400
2013.05.10,4071.80535900
2013.05.11,4086.21358900
2013.05.12,4100.62181900
2013.05.13,4115.03004900
2013.05.14,4188.36200800
2013.05.15,4247.56902300
2013.05.16,4249.20317600
2013.05.17,4302.90436000
2013.05.18,4318.95435700
2013.05.19,4335.00435400
2013.05.20,4351.05435100
2013.05.21,4387.41732200
2013.05.22,4312.92057500
2013.05.23,4206.96125400
2013.05.24,4084.58122800
2013.05.25,4060.90427100
2013.05.26,4037.22731400
2013.05.27,4013.55035700
2013.05.28,3989.87340000
2013.05.29,3798.44884000
2013.05.30,3648.48859600
2013.05.31,3399.58014500
2013.06.01,3319.32526967
2013.06.02,3239.07039433
2013.06.03,3158.81551900
2013.06.04,2903.01768600
2013.06.05,2578.29545000
2013.06.06,2379.46646200
2013.06.07,2260.62034400
2013.06.08,2218.71483333
2013.06.09,2176.80932267
2013.06.10,2134.90381200
2013.06.11,1907.09165700
2013.06.12,1604.87680700
2013.06.13,1450.50872600
2013.06.14,1302.97147300
2013.06.15,1277.66840367
2013.06.16,1252.36533433
2013.06.17,1227.06226500
2013.06.18,1214.17458000
2013.06.19,1093.03473700
2013.06.20,848.39499740
2013.06.21,639.13604500
2013.06.22,541.88201683
2013.06.23,444.62798867
2013.06.24,347.37396050
2013.06.25,194.58050840
2013.06.26,139.71920430
2013.06.27,200.91419340
2013.06.28,259.53133800
2013.06.29,299.15467200
2013.06.30,338.77800600
2013.07.01,378.40134000
2013.07.02,448.24318490
2013.07.03,478.01674650
2013.07.04,502.39990220
2013.07.05,526.78305790
2013.07.06,549.45348487
2013.07.07,572.12391183
2013.07.08,594.79433880
2013.07.09,726.72001230
2013.07.10,849.68286310
2013.07.11,1066.26768600
2013.07.12,1251.36637200
2013.07.13,1315.48388667
2013.07.14,1379.60140133
2013.07.15,1443.71891600
2013.07.16,1561.56174600
2013.07.17,1705.20955800
2013.07.18,1877.80238900
2013.07.19,2045.23024700
2013.07.20,2097.92180300
2013.07.21,2150.61335900
2013.07.22,2203.30491500
2013.07.23,2353.09223200
2013.07.24,2395.39492600
2013.07.25,2445.38675500
2013.07.26,2473.30283500
2013.07.27,2457.95341300
2013.07.28,2442.60399100
2013.07.29,2427.25456900
2013.07.30,2382.29702900
2013.07.31,2341.84684700
2013.08.01,2335.20270800
2013.08.02,2325.04595500
2013.08.03,2310.44287033
2013.08.04,2295.83978567
2013.08.05,2281.23670100
2013.08.06,2159.87360600
2013.08.07,1990.25879100
2013.08.08,1883.18683100
2013.08.09,1783.17437100
2013.08.10,1756.56552900
2013.08.11,1729.95668700
2013.08.12,1703.34784500
2013.08.13,1596.92942700
2013.08.14,1446.25703200
2013.08.15,1206.20084900
2013.08.16,952.02180850
2013.08.17,847.11074560
2013.08.18,742.19968270
2013.08.19,637.28861980
2013.08.20,452.05530040
2013.08.21,224.67053580
2013.08.22,138.98320930
2013.08.23,125.82562920
2013.08.24,114.34934280
2013.08.25,102.87305640
2013.08.26,91.39677000
2013.08.27,-26.69688844
2013.08.28,-125.78348200
2013.08.29,-162.42360200
2013.08.30,-248.68878670
2013.08.31,-262.46710892
2013.09.01,-276.24543115
2013.09.02,-290.02375338
2013.09.03,-303.80207560
2013.09.04,-280.70492720
2013.09.05,-264.45334080
2013.09.06,-221.38596760
2013.09.07,-176.47612299
2013.09.08,-131.56627838
2013.09.09,-86.65643377
2013.09.10,80.22059986
2013.09.11,231.29936060
2013.09.12,304.01520430
2013.09.13,403.71717450
2013.09.14,450.82604077
2013.09.15,497.93490703
2013.09.16,545.04377330
2013.09.17,719.35279630
2013.09.18,979.99024700
2013.09.19,1174.08531600
2013.09.20,1271.51617400
2013.09.21,1290.99810800
2013.09.22,1310.48004200
2013.09.23,1329.96197600
2013.09.24,1345.63332700
2013.09.25,1357.25416600
2013.09.26,1398.25371200
2013.09.27,1377.31705500
2013.09.28,1360.62124633
2013.09.29,1343.92543767
2013.09.30,1327.22962900
2013.10.01,1347.71873100
2013.10.02,1344.29831900
2013.10.03,1251.45237600
2013.10.04,1218.66183200
2013.10.05,1179.83542433
2013.10.06,1141.00901667
2013.10.07,1102.18260900
2013.10.08,908.78195920
2013.10.09,735.43049410
2013.10.10,694.33783910
2013.10.11,731.03192980
2013.10.12,750.07135910
2013.10.13,769.11078840
2013.10.14,788.15021770
2013.10.15,753.69560280
2013.10.16,815.81842900
2013.10.17,971.85435330
2013.10.18,1172.10579700
2013.10.19,1227.20728200
2013.10.20,1282.30876700
2013.10.21,1337.41025200
2013.10.22,1546.80851000
2013.10.23,1707.95997800
2013.10.24,1866.15468300
2013.10.25,2020.08038300
2013.10.26,2057.76574000
2013.10.27,2095.45109700
2013.10.28,2133.13645400
2013.10.29,2256.48371300
2013.10.30,2290.96320000
2013.10.31,2279.98834600
2013.11.01,2248.40490400
2013.11.02,2254.43961500
2013.11.03,2260.47432600
2013.11.04,2266.50903700
2013.11.05,2220.00552500
2013.11.06,2181.89499400
2013.11.07,2056.00101600
2013.11.08,1965.83166000
2013.11.09,1941.02367367
2013.11.10,1916.21568733
2013.11.11,1891.40770100
2013.11.12,1780.76817900
2013.11.13,1728.36754600
2013.11.14,1725.57316700
2013.11.15,1766.35610700
2013.11.16,1765.16865167
2013.11.17,1763.98119633
2013.11.18,1762.79374100
2013.11.19,1697.93394900
2013.11.20,1585.83915700
2013.11.21,1561.41891400
2013.11.22,1572.93251100
2013.11.23,1569.49233233
2013.11.24,1566.05215367
2013.11.25,1562.61197500
2013.11.26,1563.02485600
2013.11.27,1564.16274500
2013.11.28,1571.06378600
2013.11.29,1577.96482700
2013.11.30,1558.30181233
2013.12.01,1538.63879767
2013.12.02,1518.97578300
2013.12.03,1431.09527100
2013.12.04,1316.15195700
2013.12.05,1166.74466400
2013.12.06,1105.81770500
2013.12.07,1088.39382533
2013.12.08,1070.96994567
2013.12.09,1053.54606600
2013.12.10,975.73608500
2013.12.11,802.22987070
2013.12.12,627.42090800
2013.12.13,501.12214040
2013.12.14,482.99178807
2013.12.15,464.86143573
2013.12.16,446.73108340
2013.12.17,390.69307420
2013.12.18,431.07711100
2013.12.19,440.80007690
2013.12.20,530.35921240
2013.12.21,577.96630067
2013.12.22,625.57338893
2013.12.23,673.18047720
2013.12.24,844.87675620
2013.12.25,922.98972360
2013.12.26,1001.10269100
2013.12.27,1145.57035200
2013.12.28,1185.00101800
2013.12.29,1224.43168400
2013.12.30,1263.86235000
2013.12.31,1410.33269700
2014.01.01,1446.07293850
2014.01.02,1481.81318000
2014.01.03,1584.01992700
2014.01.04,1608.29215000
2014.01.05,1632.56437300
2014.01.06,1656.83659600
2014.01.07,1765.36066500
2014.01.08,1834.87194000
2014.01.09,1897.57972100
2014.01.10,2012.95697600
2014.01.11,2018.58456500
2014.01.12,2024.21215400
2014.01.13,2029.83974300
2014.01.14,2100.67531100
2014.01.15,2201.33634400
2014.01.16,2303.54484600
2014.01.17,2355.71539100
2014.01.18,2376.89720075
2014.01.19,2398.07901050
2014.01.20,2419.26082025
2014.01.21,2440.44263000
2014.01.22,2547.73220600
2014.01.23,2578.42613300
2014.01.24,2481.57731000
2014.01.25,2426.58943300
2014.01.26,2371.60155600
2014.01.27,2316.61367900
2014.01.28,2246.18670700
2014.01.29,2091.64071200
2014.01.30,2035.74568200
2014.01.31,1944.32670400
2014.02.01,1880.03175067
2014.02.02,1815.73679733
2014.02.03,1751.44184400
2014.02.04,1638.36807900
2014.02.05,1511.34817000
2014.02.06,1476.93940700
2014.02.07,1529.88521700
2014.02.08,1552.65829767
2014.02.09,1575.43137833
2014.02.10,1598.20445900
2014.02.11,1738.67638900
2014.02.12,1861.78650600
2014.02.13,2035.03672500
2014.02.14,2228.44047700
2014.02.15,2280.14497875
2014.02.16,2331.84948050
2014.02.17,2383.55398225
2014.02.18,2435.25848400
2014.02.19,2556.96158700
2014.02.20,2701.53293200
2014.02.21,2838.53376700
2014.02.22,2886.28144900
2014.02.23,2934.02913100
2014.02.24,2981.77681300
2014.02.25,3082.49073300
2014.02.26,3183.43868000
2014.02.27,3310.88198200
2014.02.28,3439.19159600
2014.03.01,3455.47784967
2014.03.02,3471.76410333
2014.03.03,3488.05035700
2014.03.04,3620.28434600
2014.03.05,3715.29298500
2014.03.06,3802.94890700
2014.03.07,3839.52997500
2014.03.08,3838.88969600
2014.03.09,3838.24941700
2014.03.10,3837.60913800
2014.03.11,3766.22877700
2014.03.12,3699.01742500
2014.03.13,3571.35663200
2014.03.14,3471.94987000
2014.03.15,3462.24902633
2014.03.16,3452.54818267
2014.03.17,3442.84733900
2014.03.18,3485.45043900
2014.03.19,3429.09883700
2014.03.20,3365.57272300
2014.03.21,3325.68003200
2014.03.22,3297.05114867
2014.03.23,3268.42226533
2014.03.24,3239.79338200
2014.03.25,3182.11132800
2014.03.26,3069.58261600
2014.03.27,2965.72265400
2014.03.28,2929.04377300
2014.03.29,2941.72521900
2014.03.30,2954.40666500
2014.03.31,2967.08811100
2014.04.01,3055.53057900
2014.04.02,3142.42123700
2014.04.03,3177.20064300
2014.04.04,3148.80103200
2014.04.05,3113.90914100
2014.04.06,3079.01725000
2014.04.07,3044.12535900
2014.04.08,3000.15703200
2014.04.09,3021.76332800
2014.04.10,2943.07789400
2014.04.11,2789.73645800
2014.04.12,2759.13458800
2014.04.13,2728.53271800
2014.04.14,2697.93084800
2014.04.15,2642.69739800
2014.04.16,2676.75931000
2014.04.17,2722.69844900
2014.04.18,2738.68956700
2014.04.19,2754.68068500
2014.04.20,2770.67180300
2014.04.21,2786.66292100
2014.04.22,2905.16922900
2014.04.23,2991.16627700
2014.04.24,3058.58792100
2014.04.25,3056.09048800
2014.04.26,3053.03523500
2014.04.27,3049.97998200
2014.04.28,3046.92472900
2014.04.29,3058.15338200
2014.04.30,3108.31311400
2014.05.01,3160.70811900
2014.05.02,3215.90230700
2014.05.03,3227.05614700
2014.05.04,3238.20998700
2014.05.05,3249.36382700
2014.05.06,3208.87660700
2014.05.07,3208.91565100
2014.05.08,3169.35445500
2014.05.09,3143.48286100
2014.05.10,3162.15365167
2014.05.11,3180.82444233
2014.05.12,3199.49523300
2014.05.13,3205.73833500
2014.05.14,3160.49749600
2014.05.15,3048.76409100
2014.05.16,2996.33820900
2014.05.17,2993.20293567
2014.05.18,2990.06766233
2014.05.19,2986.93238900
2014.05.20,2903.85575100
2014.05.21,2865.40594700
2014.05.22,2867.20433500
2014.05.23,2914.35593400
2014.05.24,2936.57914350
2014.05.25,2958.80235300
2014.05.26,2981.02556250
2014.05.27,3003.24877200
2014.05.28,3068.58590500
2014.05.29,3164.25622400
2014.05.30,3238.63306600
2014.05.31,3253.43274400
2014.06.01,3268.23242200
2014.06.02,3283.03210000
2014.06.03,3272.27811400
2014.06.04,3256.52206500
2014.06.05,3319.06803300
2014.06.06,3434.64949500
2014.06.07,3474.69912933
2014.06.08,3514.74876367
2014.06.09,3554.79839800
2014.06.10,3618.95171800
2014.06.11,3612.20804800
2014.06.12,3561.38117000
2014.06.13,3527.66728300
2014.06.14,3514.11271333
2014.06.15,3500.55814367
2014.06.16,3487.00357400
2014.06.17,3474.90108500
2014.06.18,3520.52895100
2014.06.19,3565.73813100
2014.06.20,3613.61329000
2014.06.21,3621.80168833
2014.06.22,3629.99008667
2014.06.23,3638.17848500
2014.06.24,3604.79083300
2014.06.25,3621.62043700
2014.06.26,3621.80164700
2014.06.27,3657.34757200
2014.06.28,3673.56591500
2014.06.29,3689.78425800
2014.06.30,3706.00260100
2014.07.01,3784.47263700
2014.07.02,3798.84215500
2014.07.03,3819.13388300
2014.07.04,3804.97232225
2014.07.05,3790.81076150
2014.07.06,3776.64920075
2014.07.07,3762.48764000
2014.07.08,3665.84266400
2014.07.09,3592.88199600
2014.07.10,3455.13621600
2014.07.11,3330.43789200
2014.07.12,3305.48147333
2014.07.13,3280.52505467
2014.07.14,3255.56863600
2014.07.15,3133.02757900
2014.07.16,3033.08983700
2014.07.17,2840.22761800
2014.07.18,2766.47928400
2014.07.19,2728.90020967
2014.07.20,2691.32113533
2014.07.21,2653.74206100
2014.07.22,2605.13302500
2014.07.23,2577.74663400
2014.07.24,2536.54253700
2014.07.25,2443.08032200
2014.07.26,2406.62178967
2014.07.27,2370.16325733
2014.07.28,2333.70472500
2014.07.29,2199.32006700
2014.07.30,2041.32458400
2014.07.31,1771.98182300
2014.08.01,1496.88385300
2014.08.02,1430.31945867
2014.08.03,1363.75506433
2014.08.04,1297.19067000
2014.08.05,1057.81704400
2014.08.06,880.86350970
2014.08.07,715.91391990
2014.08.08,657.25245110
2014.08.09,665.58851170
2014.08.10,673.92457230
2014.08.11,682.26063290
2014.08.12,676.03132530
2014.08.13,734.82511060
2014.08.14,839.06967150
2014.08.15,925.25342270
2014.08.16,979.59036947
2014.08.17,1033.92731623
2014.08.18,1088.26426300
2014.08.19,1268.84721000
2014.08.20,1420.55139400
2014.08.21,1578.75571400
2014.08.22,1672.62662900
2014.08.23,1709.89212867
2014.08.24,1747.15762833
2014.08.25,1784.42312800
2014.08.26,1926.03701900
2014.08.27,2053.98671100
2014.08.28,2131.86376400
2014.08.29,2256.13932600
2014.08.30,2278.98305300
2014.08.31,2301.82678000
2014.09.01,2324.67050700
2014.09.02,2347.51423400
2014.09.03,2405.95221000
2014.09.04,2397.38691800
2014.09.05,2420.12665900
2014.09.06,2411.80727400
2014.09.07,2403.48788900
2014.09.08,2395.16850400
2014.09.09,2281.75343900
2014.09.10,2184.32479100
2014.09.11,2099.65167300
2014.09.12,1928.30789900
2014.09.13,1861.06107700
2014.09.14,1793.81425500
2014.09.15,1726.56743300
2014.09.16,1594.74649700
2014.09.17,1480.31586400
2014.09.18,1413.62609400
2014.09.19,1320.73821000
2014.09.20,1259.18059933
2014.09.21,1197.62298867
2014.09.22,1136.06537800
2014.09.23,911.48978000
2014.09.24,749.42019460
2014.09.25,508.00359820
2014.09.26,368.60239030
2014.09.27,319.79204203
2014.09.28,270.98169377
2014.09.29,222.17134550
2014.09.30,61.06194557
2014.10.01,-154.04190110
2014.10.02,-321.83548060
2014.10.03,-404.73981360
2014.10.04,-426.70964880
2014.10.05,-448.67948400
2014.10.06,-470.64931920
2014.10.07,-604.84870000
2014.10.08,-616.86492700
2014.10.09,-739.80447650
2014.10.10,-931.86876890
2014.10.11,-1001.43731093
2014.10.12,-1071.00585297
2014.10.13,-1140.57439500
2014.10.14,-1275.06483300
2014.10.15,-1390.27883400
2014.10.16,-1412.68541100
2014.10.17,-1371.67960600
2014.10.18,-1330.54015267
2014.10.19,-1289.40069933
2014.10.20,-1248.26124600
2014.10.21,-1031.24724100
2014.10.22,-898.74403100
2014.10.23,-691.56006610
2014.10.24,-468.00997590
2014.10.25,-409.55151690
2014.10.26,-351.09305790
2014.10.27,-292.63459890
2014.10.28,-31.27547851
2014.10.29,171.74294680
2014.10.30,390.46498570
2014.10.31,664.27000400
2014.11.01,741.29731757
2014.11.02,818.32463113
2014.11.03,895.35194470
2014.11.04,1062.85024400
2014.11.05,1230.74703900
2014.11.06,1392.74506400
2014.11.07,1562.73964900
2014.11.08,1616.65020667
2014.11.09,1670.56076433
2014.11.10,1724.47132200
2014.11.11,1863.07954500
2014.11.12,1977.32417800
2014.11.13,2024.46671900
2014.11.14,2066.35125700
2014.11.15,2070.37776500
2014.11.16,2074.40427300
2014.11.17,2078.43078100
2014.11.18,2114.61662000
2014.11.19,2098.78243000
2014.11.20,2127.80028500
2014.11.21,2199.27154900
2014.11.22,2229.42540700
2014.11.23,2259.57926500
2014.11.24,2289.73312300
2014.11.25,2368.42910300
2014.11.26,2459.52202000
2014.11.27,2476.71543700
2014.11.28,2493.90885400
2014.11.29,2471.85258667
2014.11.30,2449.79631933
2014.12.01,2427.74005200
2014.12.02,2416.37702700
2014.12.03,2444.67975500
2014.12.04,2417.75518900
2014.12.05,2395.09590900
2014.12.06,2365.16285433
2014.12.07,2335.22979967
2014.12.08,2305.29674500
2014.12.09,2251.44197700
2014.12.10,2092.13893900
2014.12.11,1964.67414800
2014.12.12,1756.11838000
2014.12.13,1668.28645567
2014.12.14,1580.45453133
2014.12.15,1492.62260700
2014.12.16,1237.92060800
2014.12.17,1139.86079600
2014.12.18,1151.62035200
2014.12.19,1204.91667100
2014.12.20,1227.58126100
2014.12.21,1250.24585100
2014.12.22,1272.91044100
2014.12.23,1373.38056200
2014.12.24,1452.81561200
2014.12.25,1510.16705700
2014.12.26,1567.51850200
2014.12.27,1602.74629467
2014.12.28,1637.97408733
2014.12.29,1673.20188000
2014.12.30,1732.49516000
2014.12.31,1733.77843700
2015.01.01,1740.46759250
2015.01.02,1747.15674800
2015.01.03,1721.09097200
2015.01.04,1695.02519600
2015.01.05,1668.95942000
2015.01.06,1544.05590700
2015.01.07,1516.64312400
2015.01.08,1575.92197900
2015.01.09,1583.12579000
2015.01.10,1570.44033300
2015.01.11,1557.75487600
2015.01.12,1545.06941900
2015.01.13,1491.85587500
2015.01.14,1410.09901600
2015.01.15,1290.49640600
2015.01.16,1286.28369300
2015.01.17,1276.05037075
2015.01.18,1265.81704850
2015.01.19,1255.58372625
2015.01.20,1245.35040400
2015.01.21,1249.17569100
2015.01.22,1338.60043200
2015.01.23,1396.56558400
2015.01.24,1431.90804267
2015.01.25,1467.25050133
2015.01.26,1502.59296000
2015.01.27,1570.78340300
2015.01.28,1547.98231400
2015.01.29,1579.64747100
2015.01.30,1546.02294400
2015.01.31,1559.49658200
2015.02.01,1572.97022000
2015.02.02,1586.44385800
2015.02.03,1711.72152000
2015.02.04,1768.82531400
2015.02.05,1893.50493100
2015.02.06,1954.18847900
2015.02.07,1960.75964267
2015.02.08,1967.33080633
2015.02.09,1973.90197000
2015.02.10,2005.08749500
2015.02.11,2005.17568100
2015.02.12,2083.52520200
2015.02.13,2184.09641600
2015.02.14,2198.55089275
2015.02.15,2213.00536950
2015.02.16,2227.45984625
2015.02.17,2241.91432300
2015.02.18,2295.58906100
2015.02.19,2327.70301700
2015.02.20,2404.47193400
2015.02.21,2423.44362233
2015.02.22,2442.41531067
2015.02.23,2461.38699900
2015.02.24,2539.34244400
2015.02.25,2606.74763700
2015.02.26,2640.84533900
2015.02.27,2665.44464800
2015.02.28,2680.16304333
2015.03.01,2694.88143867
2015.03.02,2709.59983400
2015.03.03,2710.65451800
2015.03.04,2666.20300100
2015.03.05,2633.86593900
2015.03.06,2486.89842100
2015.03.07,2445.13451433
2015.03.08,2403.37060767
2015.03.09,2361.60670100
2015.03.10,2173.77424700
2015.03.11,2017.10862700
2015.03.12,1944.92398000
2015.03.13,1816.23148600
2015.03.14,1793.39373933
2015.03.15,1770.55599267
2015.03.16,1747.71824600
2015.03.17,1675.35083500
2015.03.18,1707.64994400
2015.03.19,1685.57743300
2015.03.20,1754.62754900
2015.03.21,1781.06578600
2015.03.22,1807.50402300
2015.03.23,1833.94226000
2015.03.24,1879.03662700
2015.03.25,1839.19712700
2015.03.26,1766.53837000
2015.03.27,1722.88244000
2015.03.28,1733.26902933
2015.03.29,1743.65561867
2015.03.30,1754.04220800
2015.03.31,1748.31359800
2015.04.01,1747.02406900
2015.04.02,1784.48640200
2015.04.03,1808.42586750
2015.04.04,1832.36533300
2015.04.05,1856.30479850
2015.04.06,1880.24426400
2015.04.07,1941.21601400
2015.04.08,2019.99078100
2015.04.09,2079.84325300
2015.04.10,2155.16790000
2015.04.11,2158.86014467
2015.04.12,2162.55238933
2015.04.13,2166.24463400
2015.04.14,2208.18401800
2015.04.15,2287.75127100
2015.04.16,2330.04251700
2015.04.17,2265.40131900
2015.04.18,2265.70290867
2015.04.19,2266.00449833
2015.04.20,2266.30608800
2015.04.21,2259.44813500
2015.04.22,2270.88734500
2015.04.23,2327.46343300
2015.04.24,2371.29867000
2015.04.25,2367.73954833
2015.04.26,2364.18042667
2015.04.27,2360.62130500
2015.04.28,2381.98905200
2015.04.29,2341.49852900
2015.04.30,2216.07164000
2015.05.01,2134.40129200
2015.05.02,2116.33457400
2015.05.03,2098.26785600
2015.05.04,2080.20113800
2015.05.05,1935.65900000
2015.05.06,1751.44717700
2015.05.07,1612.68883300
2015.05.08,1585.28700500
2015.05.09,1560.98533867
2015.05.10,1536.68367233
2015.05.11,1512.38200600
2015.05.12,1430.38632200
2015.05.13,1362.87808100
2015.05.14,1381.49414500
2015.05.15,1418.20340800
2015.05.16,1434.26854233
2015.05.17,1450.33367667
2015.05.18,1466.39881100
2015.05.19,1473.27388700
2015.05.20,1478.93570700
2015.05.21,1497.03188500
2015.05.22,1469.41895800
2015.05.23,1439.86742100
2015.05.24,1410.31588400
2015.05.25,1380.76434700
2015.05.26,1351.21281000
2015.05.27,1317.54049000
2015.05.28,1257.51295400
2015.05.29,1147.55184500
2015.05.30,1118.81700933
2015.05.31,1090.08217367
2015.06.01,1061.34733800
2015.06.02,1000.43574800
2015.06.03,949.00416000
2015.06.04,820.13513130
2015.06.05,701.25143610
2015.06.06,646.61749720
2015.06.07,591.98355830
2015.06.08,537.34961940
2015.06.09,353.97681820
2015.06.10,267.12318900
2015.06.11,214.47772010
2015.06.12,127.59345550
2015.06.13,89.15211770
2015.06.14,50.71077990
2015.06.15,12.26944210
2015.06.16,-39.59393660
2015.06.17,-73.38915571
2015.06.18,-44.86712227
2015.06.19,-43.85644806
2015.06.20,-31.59531183
2015.06.21,-19.33417560
2015.06.22,-7.07303938
2015.06.23,56.46214025
2015.06.24,52.10240812
2015.06.25,8.56432512
2015.06.26,-50.40355748
2015.06.27,-109.25873142
2015.06.28,-168.11390536
2015.06.29,-226.96907930
2015.06.30,-339.29775510
2015.07.01,-391.34228410
2015.07.02,-429.18364500
2015.07.03,-445.91075633
2015.07.04,-462.63786765
2015.07.05,-479.36497897
2015.07.06,-496.09209030
2015.07.07,-516.76835060
2015.07.08,-630.06271140
2015.07.09,-694.67907630
2015.07.10,-650.40267300
2015.07.11,-612.61656023
2015.07.12,-574.83044747
2015.07.13,-537.04433470
2015.07.14,-390.68773390
2015.07.15,-290.79940150
2015.07.16,-138.74088020
2015.07.17,-49.78714019
2015.07.18,-40.83567904
2015.07.19,-31.88421790
2015.07.20,-22.93275675
2015.07.21,-25.80759513
2015.07.22,-50.43654396
2015.07.23,-124.24211250
2015.07.24,-253.82466300
2015.07.25,-312.53264880
2015.07.26,-371.24063460
2015.07.27,-429.94862040
2015.07.28,-503.23486090
2015.07.29,-489.92842220
2015.07.30,-470.30177500
2015.07.31,-405.91948280
2015.08.01,-396.66066370
2015.08.02,-387.40184460
2015.08.03,-378.14302550
2015.08.04,-360.00343940
2015.08.05,-341.44407610
2015.08.06,-350.06860010
2015.08.07,-378.24222510
2015.08.08,-357.47463783
2015.08.09,-336.70705057
2015.08.10,-315.93946330
2015.08.11,-296.64090470
2015.08.12,-286.65743260
2015.08.13,-305.43827680
2015.08.14,-258.81870710
2015.08.15,-232.26743193
2015.08.16,-205.71615677
2015.08.17,-179.16488160
2015.08.18,-152.26503630
2015.08.19,-200.75434340
2015.08.20,-346.05892930
2015.08.21,-575.06405560
2015.08.22,-686.65540983
2015.08.23,-798.24676407
2015.08.24,-909.83811830
2015.08.25,-1204.52075100
2015.08.26,-1351.25179900
2015.08.27,-1343.25058500
2015.08.28,-1281.59329500
2015.08.29,-1266.63497833
2015.08.30,-1251.67666167
2015.08.31,-1236.71834500
2015.09.01,-1302.26667100
2015.09.02,-1272.39915700
2015.09.03,-1191.35043600
2015.09.04,-1191.69702800
2015.09.05,-1166.36899075
2015.09.06,-1141.04095350
2015.09.07,-1115.71291625
2015.09.08,-1090.38487900
2015.09.09,-1071.71106700
2015.09.10,-1037.78640200
2015.09.11,-1001.24188200
2015.09.12,-1005.32462400
2015.09.13,-1009.40736600
2015.09.14,-1013.49010800
2015.09.15,-954.14489020
2015.09.16,-813.33400480
2015.09.17,-652.77402780
2015.09.18,-569.48137720
2015.09.19,-533.71050287
2015.09.20,-497.93962853
2015.09.21,-462.16875420
2015.09.22,-455.55561770
2015.09.23,-469.57360790
2015.09.24,-504.51112150
2015.09.25,-534.06014000
2015.09.26,-583.20817670
2015.09.27,-632.35621340
2015.09.28,-681.50425010
2015.09.29,-821.06144300
2015.09.30,-851.77753570
2015.10.01,-873.43090730
2015.10.02,-804.32738550
2015.10.03,-741.22566947
2015.10.04,-678.12395343
2015.10.05,-615.02223740
2015.10.06,-428.44122460
2015.10.07,-177.67225250
2015.10.08,128.72357980
2015.10.09,413.39839860
2015.10.10,497.79172463
2015.10.11,582.18505067
2015.10.12,666.57837670
2015.10.13,805.46436610
2015.10.14,893.43456510
2015.10.15,1065.83191300
2015.10.16,1241.35248500
2015.10.17,1287.40692733
2015.10.18,1333.46136967
2015.10.19,1379.51581200
2015.10.20,1530.09787800
2015.10.21,1588.79505400
2015.10.22,1711.63716500
2015.10.23,1840.40898400
2015.10.24,1863.32493733
2015.10.25,1886.24089067
2015.10.26,1909.15684400
2015.10.27,1887.69048000
2015.10.28,1949.79828700
2015.10.29,1962.70147000
2015.10.30,1981.02018400
2015.10.31,2016.88931733
2015.11.01,2052.75845067
2015.11.02,2088.62758400
2015.11.03,2200.08877300
2015.11.04,2258.03764600
2015.11.05,2296.04374400
2015.11.06,2284.15873900
2015.11.07,2247.91458133
2015.11.08,2211.67042367
2015.11.09,2175.42626600
2015.11.10,2090.03287000
2015.11.11,1988.97135200
2015.11.12,1795.01889800
2015.11.13,1588.41445500
2015.11.14,1551.25149800
2015.11.15,1514.08854100
2015.11.16,1476.92558400
2015.11.17,1337.81797100
2015.11.18,1299.09187300
2015.11.19,1270.53559900
2015.11.20,1274.31730700
2015.11.21,1276.43789833
2015.11.22,1278.55848967
2015.11.23,1280.67908100
2015.11.24,1320.26500200
2015.11.25,1381.50963900
2015.11.26,1419.63794750
2015.11.27,1457.76625600
2015.11.28,1472.08644800
2015.11.29,1486.40664000
2015.11.30,1500.72683200
2015.12.01,1598.75449100
2015.12.02,1591.32436700
2015.12.03,1484.36498800
2015.12.04,1438.64289500
2015.12.05,1393.43102700
2015.12.06,1348.21915900
2015.12.07,1303.00729100
2015.12.08,1132.67381300
2015.12.09,952.47531970
2015.12.10,793.04323180
2015.12.11,532.86358040
2015.12.12,434.29094043
2015.12.13,335.71830047
2015.12.14,237.14566050
2015.12.15,75.47111079
2015.12.16,41.16201519
2015.12.17,-32.22807162
2015.12.18,-137.06545550
2015.12.19,-149.16566747
2015.12.20,-161.26587943
2015.12.21,-173.36609140
2015.12.22,-118.08630470
2015.12.23,46.56834451
2015.12.24,207.16522780
2015.12.25,233.15885507
2015.12.26,259.15248235
2015.12.27,285.14610963
2015.12.28,311.13973690
2015.12.29,465.68224360
2015.12.30,534.53767550
2015.12.31,558.88638140
2016.01.01,550.25480932
2016.01.02,541.62323725
2016.01.03,532.99166517
2016.01.04,524.36009310
2016.01.05,524.76831610
2016.01.06,450.89350510
2016.01.07,275.62607430
2016.01.08,71.74429053
2016.01.09,-0.39825831
2016.01.10,-72.54080716
2016.01.11,-144.68335600
2016.01.12,-332.35557710
2016.01.13,-610.30354820
2016.01.14,-786.24754570
2016.01.15,-1030.44842600
2016.01.16,-1093.64580350
2016.01.17,-1156.84318100
2016.01.18,-1220.04055850
2016.01.19,-1283.23793600
2016.01.20,-1557.35677800
2016.01.21,-1732.49160400
2016.01.22,-1744.76942200
2016.01.23,-1779.77731767
2016.01.24,-1814.78521333
2016.01.25,-1849.79310900
2016.01.26,-1822.08939600
2016.01.27,-1823.94227500
2016.01.28,-1760.55677400
2016.01.29,-1684.45938800
2016.01.30,-1659.54753367
2016.01.31,-1634.63567933
2016.02.01,-1609.72382500
2016.02.02,-1626.17630000
2016.02.03,-1586.46228500
2016.02.04,-1499.12449000
2016.02.05,-1493.80505300
2016.02.06,-1519.29933867
2016.02.07,-1544.79362433
2016.02.08,-1570.28791000
2016.02.09,-1684.92931200
2016.02.10,-1767.47306500
2016.02.11,-1925.21060800
2016.02.12,-1953.25015400
2016.02.13,-1931.58954450
2016.02.14,-1909.92893500
2016.02.15,-1888.26832550
2016.02.16,-1866.60771600
2016.02.17,-1676.84539200
2016.02.18,-1499.16437800
2016.02.19,-1336.50129000
2016.02.20,-1257.98147433
2016.02.21,-1179.46165867
2016.02.22,-1100.94184300
2016.02.23,-943.13380620
2016.02.24,-754.49226590
2016.02.25,-515.28128760
2016.02.26,-270.92949480
2016.02.27,-196.65435133
2016.02.28,-122.37920787
2016.02.29,-48.10406440
2016.03.01,248.30219890
2016.03.02,556.48804300
2016.03.03,901.55449950
2016.03.04,1243.07854700
2016.03.05,1356.84110300
2016.03.06,1470.60365900
2016.03.07,1584.36621500
2016.03.08,1793.39534100
2016.03.09,2026.39826600
2016.03.10,2195.38377600
2016.03.11,2428.18946800
2016.03.12,2484.90877433
2016.03.13,2541.62808067
2016.03.14,2598.34738700
2016.03.15,2660.79067100
2016.03.16,2799.17572600
2016.03.17,2999.19906900
2016.03.18,3194.32303200
2016.03.19,3246.10948967
2016.03.20,3297.89594733
2016.03.21,3349.68240500
2016.03.22,3459.81625700
2016.03.23,3467.28161900
2016.03.24,3464.47809600
2016.03.25,3466.32324525
2016.03.26,3468.16839450
2016.03.27,3470.01354375
2016.03.28,3471.85869300
2016.03.29,3551.35981000
2016.03.30,3641.67646600
2016.03.31,3720.58882400
2016.04.01,3767.80594700
2016.04.02,3752.21648333
2016.04.03,3736.62701967
2016.04.04,3721.03755600
2016.04.05,3605.89539500
2016.04.06,3570.81937000
2016.04.07,3443.07527200
2016.04.08,3399.98869200
2016.04.09,3393.37570200
2016.04.10,3386.76271200
2016.04.11,3380.14972200
2016.04.12,3441.18665500
2016.04.13,3556.91729900
2016.04.14,3624.03241300
2016.04.15,3678.74567300
2016.04.16,3713.35770933
2016.04.17,3747.96974567
2016.04.18,3782.58178200
2016.04.19,3917.14874700
2016.04.20,4035.21775800
2016.04.21,4078.69067400
2016.04.22,4162.91656300
2016.04.23,4164.24941400
2016.04.24,4165.58226500
2016.04.25,4166.91511600
2016.04.26,4237.24930300
2016.04.27,4338.14878600
2016.04.28,4358.82710000
2016.04.29,4337.26292400
2016.04.30,4338.80502867
2016.05.01,4340.34713333
2016.05.02,4341.88923800
2016.05.03,4250.73529000
2016.05.04,4123.69498900
2016.05.05,3989.85705600
2016.05.06,3904.02633800
2016.05.07,3871.22453967
2016.05.08,3838.42274133
2016.05.09,3805.62094300
2016.05.10,3787.15622500
2016.05.11,3709.53311000
2016.05.12,3617.91768100
2016.05.13,3474.39690100
2016.05.14,3455.66948400
2016.05.15,3436.94206700
2016.05.16,3418.21465000
2016.05.17,3313.73775200
2016.05.18,3161.74131500
2016.05.19,2956.52565500
2016.05.20,2862.33363800
2016.05.21,2831.60169000
2016.05.22,2800.86974200
2016.05.23,2770.13779400
2016.05.24,2763.90966000
2016.05.25,2803.61505600
2016.05.26,2830.09509500
2016.05.27,2890.33505200
2016.05.28,2903.52342400
2016.05.29,2916.71179600
2016.05.30,2929.90016800
2016.05.31,2943.08854000
2016.06.01,3026.12733000
2016.06.02,3132.29485900
2016.06.03,3225.25662200
2016.06.04,3268.25863000
2016.06.05,3311.26063800
2016.06.06,3354.26264600
2016.06.07,3491.19148300
2016.06.08,3647.10968200
2016.06.09,3727.13419300
2016.06.10,3687.76947900
2016.06.11,3642.73758667
2016.06.12,3597.70569433
2016.06.13,3552.67380200
2016.06.14,3376.65362800
2016.06.15,3244.72311200
2016.06.16,3113.94890500
2016.06.17,3024.86721300
2016.06.18,3023.42081900
2016.06.19,3021.97442500
2016.06.20,3020.52803100
2016.06.21,3024.71539000
2016.06.22,2991.62200500
2016.06.23,3054.96905000
2016.06.24,2992.00592900
2016.06.25,2938.37476300
2016.06.26,2884.74359700
2016.06.27,2831.11243100
2016.06.28,2787.29292800
2016.06.29,2847.19078800
2016.06.30,2978.81750400
2016.07.01,3121.76426000
2016.07.02,3131.66692350
2016.07.03,3141.56958700
2016.07.04,3151.47225050
2016.07.05,3161.37491400
2016.07.06,3226.38514900
2016.07.07,3281.43697400
2016.07.08,3434.04909900
2016.07.09,3492.07013967
2016.07.10,3550.09118033
2016.07.11,3608.11222100
2016.07.12,3805.94562900
2016.07.13,3945.01346500
2016.07.14,4069.69139700
2016.07.15,4174.29257200
2016.07.16,4212.48008600
2016.07.17,4250.66760000
2016.07.18,4288.85511400
2016.07.19,4346.41181200
2016.07.20,4426.34072900
2016.07.21,4453.79825000
2016.07.22,4508.70543900
2016.07.23,4505.55614567
2016.07.24,4502.40685233
2016.07.25,4499.25755900
2016.07.26,4506.68333300
2016.07.27,4482.54895300
2016.07.28,4448.30131400
2016.07.29,4439.32807600
2016.07.30,4421.68848967
2016.07.31,4404.04890333
2016.08.01,4386.40931700
2016.08.02,4242.38173100
2016.08.03,4154.12623700
2016.08.04,4081.49715800
2016.08.05,4069.64181000
2016.08.06,4067.84696600
2016.08.07,4066.05212200
2016.08.08,4064.25727800
2016.08.09,4053.88221700
2016.08.10,4011.09212900
2016.08.11,3987.95114300
2016.08.12,3946.97584400
2016.08.13,3944.85292400
2016.08.14,3942.73000400
2016.08.15,3940.60708400
2016.08.16,3861.85875900
2016.08.17,3784.56964700
2016.08.18,3766.06460900
2016.08.19,3707.26247800
2016.08.20,3685.70843300
2016.08.21,3664.15438800
2016.08.22,3642.60034300
2016.08.23,3626.90121600
2016.08.24,3540.34395700
2016.08.25,3470.43578000
2016.08.26,3367.96211000
2016.08.27,3355.94384400
2016.08.28,3343.92557800
2016.08.29,3331.90731200
2016.08.30,3279.52092300
2016.08.31,3186.43295600
2016.09.01,3097.96057900
2016.09.02,3102.82689400
2016.09.03,3107.97603525
2016.09.04,3113.12517650
2016.09.05,3118.27431775
2016.09.06,3123.42345900
2016.09.07,3165.36640400
2016.09.08,3173.15079100
2016.09.09,3029.84068700
2016.09.10,3007.64757300
2016.09.11,2985.45445900
2016.09.12,2963.26134500
2016.09.13,2771.81970100
2016.09.14,2591.37799700
2016.09.15,2501.89345000
2016.09.16,2374.47469500
2016.09.17,2353.76955867
2016.09.18,2333.06442233
2016.09.19,2312.35928600
2016.09.20,2234.13881500
2016.09.21,2268.28961800
2016.09.22,2390.14710600
2016.09.23,2433.33452400
2016.09.24,2420.72071367
2016.09.25,2408.10690333
2016.09.26,2395.49309300
2016.09.27,2382.66120400
2016.09.28,2431.67663300
2016.09.29,2376.67644100
2016.09.30,2385.21789500
2016.10.01,2377.42684633
2016.10.02,2369.63579767
2016.10.03,2361.84474900
2016.10.04,2267.30148600
2016.10.05,2212.23048800
2016.10.06,2141.93363200
2016.10.07,2017.97015200
2016.10.08,2002.77727667
2016.10.09,1987.58440133
2016.10.10,1972.39152600
2016.10.11,1815.85984400
2016.10.12,1679.44595600
2016.10.13,1508.01485100
2016.10.14,1359.75118300
2016.10.15,1307.29645233
2016.10.16,1254.84172167
2016.10.17,1202.38699100
2016.10.18,1145.52867200
2016.10.19,1155.88716500
2016.10.20,1139.56424200
2016.10.21,1128.26032100
2016.10.22,1134.57493600
2016.10.23,1140.88955100
2016.10.24,1147.20416600
2016.10.25,1130.96513400
2016.10.26,1073.27593500
2016.10.27,954.53529090
2016.10.28,822.93936350
2016.10.29,786.66295857
2016.10.30,750.38655363
2016.10.31,714.11014870
2016.11.01,544.34061940
2016.11.02,320.86596860
2016.11.03,101.44081240
2016.11.04,-77.97490017
2016.11.05,-94.92842011
2016.11.06,-111.88194006
2016.11.07,-128.83546000
2016.11.08,-147.82706130
2016.11.09,-143.97574510
2016.11.10,-148.36299100
2016.11.11,-133.32227130
2016.11.12,-125.48012910
2016.11.13,-117.63798690
2016.11.14,-109.79584470
2016.11.15,-16.83177063
2016.11.16,71.73667152
2016.11.17,158.20400620
2016.11.18,226.94255730
2016.11.19,272.12147347
2016.11.20,317.30038963
2016.11.21,362.47930580
2016.11.22,542.25082910
2016.11.23,699.74422750
2016.11.24,789.29829470
2016.11.25,878.85236190
2016.11.26,912.46675960
2016.11.27,946.08115730
2016.11.28,979.69555500
2016.11.29,1056.51800700
2016.11.30,1089.61861400
2016.12.01,1080.82154000
2016.12.02,1087.49593400
2016.12.03,1110.66897633
2016.12.04,1133.84201867
2016.12.05,1157.01506100
2016.12.06,1278.46883900
2016.12.07,1458.86947500
2016.12.08,1645.06767200
2016.12.09,1798.89179100
2016.12.10,1826.80017900
2016.12.11,1854.70856700
2016.12.12,1882.61695500
2016.12.13,1970.73888500
2016.12.14,1949.17944000
2016.12.15,1942.05021800
2016.12.16,1950.24448200
2016.12.17,1962.89610667
2016.12.18,1975.54773133
2016.12.19,1988.19935600
2016.12.20,2058.60977600
2016.12.21,2104.31763600
2016.12.22,2113.52626800
2016.12.23,2143.58201700
2016.12.24,2157.46445600
2016.12.25,2171.34689500
2016.12.26,2185.22933400
2016.12.27,2199.11177300
2016.12.28,2171.44415500
2016.12.29,2170.08112100
2016.12.30,2148.86532100
2016.12.31,2162.49436225
2017.01.01,2176.12340350
2017.01.02,2189.75244475
2017.01.03,2203.38148600
2017.01.04,2350.97589900
2017.01.05,2454.66424300
2017.01.06,2528.24445600
2017.01.07,2532.36774233
2017.01.08,2536.49102867
2017.01.09,2540.61431500
2017.01.10,2585.98747400
2017.01.11,2672.75158700
2017.01.12,2708.87114600
2017.01.13,2768.45901300
2017.01.14,2775.19784575
2017.01.15,2781.93667850
2017.01.16,2788.67551125
2017.01.17,2795.41434400
2017.01.18,2821.18408000
2017.01.19,2761.56128500
2017.01.20,2743.12598800
2017.01.21,2739.51671833
2017.01.22,2735.90744867
2017.01.23,2732.29817900
2017.01.24,2786.47891200
2017.01.25,2867.37104400
2017.01.26,2921.54696100
2017.01.27,2937.40963600
2017.01.28,2918.68481567
2017.01.29,2899.95999533
2017.01.30,2881.23517500
2017.01.31,2863.54983500
2017.02.01,2834.21111900
2017.02.02,2815.40546200
2017.02.03,2876.94959800
2017.02.04,2880.04476100
2017.02.05,2883.13992400
2017.02.06,2886.23508700
2017.02.07,2872.84300400
2017.02.08,2870.87855800
2017.02.09,2906.94456300
2017.02.10,2992.59627600
2017.02.11,3023.41935333
2017.02.12,3054.24243067
2017.02.13,3085.06550800
2017.02.14,3161.20137500
2017.02.15,3241.34153300
2017.02.16,3277.60466200
2017.02.17,3287.07161300
2017.02.18,3302.13633425
2017.02.19,3317.20105550
2017.02.20,3332.26577675
2017.02.21,3347.33049800
2017.02.22,3370.26519200
2017.02.23,3389.52303000
2017.02.24,3399.59086600
2017.02.25,3409.12754800
2017.02.26,3418.66423000
2017.02.27,3428.20091200
2017.02.28,3398.87149600
2017.03.01,3414.95048800
2017.03.02,3346.97327400
2017.03.03,3282.46789000
2017.03.04,3240.64640900
2017.03.05,3198.82492800
2017.03.06,3157.00344700
2017.03.07,2980.44633000
2017.03.08,2751.03776500
2017.03.09,2486.38825200
2017.03.10,2303.73097700
2017.03.11,2259.35076900
2017.03.12,2214.97056100
2017.03.13,2170.59035300
2017.03.14,2002.15216700
2017.03.15,1965.37675700
2017.03.16,1946.55689800
2017.03.17,1955.28313400
2017.03.18,1947.84463933
2017.03.19,1940.40614467
2017.03.20,1932.96765000
2017.03.21,1821.37307300
2017.03.22,1731.60284400
2017.03.23,1696.49128400
2017.03.24,1668.88844400
2017.03.25,1660.14015400
2017.03.26,1651.39186400
2017.03.27,1642.64357400
2017.03.28,1689.04099200
2017.03.29,1770.81557900
2017.03.30,1869.22877300
2017.03.31,1977.12591100
2017.04.01,2000.48138500
2017.04.02,2023.83685900
2017.04.03,2047.19233300
2017.04.04,2103.71316300
2017.04.05,2099.21990700
2017.04.06,2166.53207300
2017.04.07,2210.25131500
2017.04.08,2237.94421333
2017.04.09,2265.63711167
2017.04.10,2293.33001000
2017.04.11,2393.49564500
2017.04.12,2417.56978400
2017.04.13,2369.36532400
2017.04.14,2375.58741400
2017.04.15,2381.80950400
2017.04.16,2388.03159400
2017.04.17,2394.25368400
2017.04.18,2402.51196300
2017.04.19,2392.26023300
2017.04.20,2440.23370200
2017.04.21,2462.09984900
2017.04.22,2486.46153467
2017.04.23,2510.82322033
2017.04.24,2535.18490600
2017.04.25,2642.39670500
2017.04.26,2748.20081000
2017.04.27,2829.87231500
2017.04.28,2856.30209100
2017.04.29,2867.74074000
2017.04.30,2879.17938900
2017.05.01,2890.61803800
2017.05.02,2912.30508300
2017.05.03,2893.33598100
2017.05.04,2826.10071900
2017.05.05,2825.98406700
2017.05.06,2818.35751400
2017.05.07,2810.73096100
2017.05.08,2803.10440800
2017.05.09,2754.77677800
2017.05.10,2749.88277100
2017.05.11,2702.29898100
2017.05.12,2634.65334500
2017.05.13,2637.34991667
2017.05.14,2640.04648833
2017.05.15,2642.74306000
2017.05.16,2626.99605100
2017.05.17,2516.99737800
2017.05.18,2418.61352600
2017.05.19,2401.75226400
2017.05.20,2412.19388433
2017.05.21,2422.63550467
2017.05.22,2433.07712500
2017.05.23,2480.19449400
2017.05.24,2533.22887300
2017.05.25,2578.35712300
2017.05.26,2616.94999000
2017.05.27,2614.52802800
2017.05.28,2612.10606600
2017.05.29,2609.68410400
2017.05.30,2607.26214200
2017.05.31,2590.79272100
2017.06.01,2665.10740300
2017.06.02,2745.32091900
2017.06.03,2753.08956933
2017.06.04,2760.85821967
2017.06.05,2768.62687000
2017.06.06,2766.21032400
2017.06.07,2749.91312600
2017.06.08,2751.87945600
2017.06.09,2780.00127000
2017.06.10,2786.41598500
2017.06.11,2792.83070000
2017.06.12,2799.24541500
2017.06.13,2868.10293200
2017.06.14,2908.28559500
2017.06.15,2898.50034300
2017.06.16,2902.94145100
2017.06.17,2914.10226467
2017.06.18,2925.26307833
2017.06.19,2936.42389200
2017.06.20,2892.61925900
2017.06.21,2801.95320100
2017.06.22,2740.12395600
2017.06.23,2733.10933100
2017.06.24,2742.92164767
2017.06.25,2752.73396433
2017.06.26,2762.54628100
2017.06.27,2732.10214100
2017.06.28,2776.51189100
2017.06.29,2745.49966800
2017.06.30,2743.80671800
2017.07.01,2761.78454967
2017.07.02,2779.76238133
2017.07.03,2797.74021300
2017.07.04,2799.55243150
2017.07.05,2801.36465000
2017.07.06,2703.35672100
2017.07.07,2667.39315700
2017.07.08,2655.16455300
2017.07.09,2642.93594900
2017.07.10,2630.70734500
2017.07.11,2599.88743800
2017.07.12,2643.98698100
2017.07.13,2679.97215500
2017.07.14,2765.63961800
2017.07.15,2792.96211233
2017.07.16,2820.28460667
2017.07.17,2847.60710100
2017.07.18,2903.40126400
2017.07.19,3012.98826600
2017.07.20,3098.57021200
2017.07.21,3153.89992500
2017.07.22,3160.07905967
2017.07.23,3166.25819433
2017.07.24,3172.43732900
2017.07.25,3211.52462400
2017.07.26,3236.23663700
2017.07.27,3231.33422600
2017.07.28,3227.98599300
2017.07.29,3226.40176967
2017.07.30,3224.81754633
2017.07.31,3223.23332300
2017.08.01,3238.20362500
2017.08.02,3210.36221400
2017.08.03,3154.20599700
2017.08.04,3114.57140100
2017.08.05,3097.73458900
2017.08.06,3080.89777700
2017.08.07,3064.06096500
2017.08.08,2971.15423700
2017.08.09,2824.11321400
2017.08.10,2578.82257200
2017.08.11,2371.45496100
2017.08.12,2336.28610033
2017.08.13,2301.11723967
2017.08.14,2265.94837900
2017.08.15,2129.11050900
2017.08.16,2037.36857800
2017.08.17,1859.44238400
2017.08.18,1713.16827600
2017.08.19,1671.02487500
2017.08.20,1628.88147400
2017.08.21,1586.73807300
2017.08.22,1539.65655800
2017.08.23,1505.05358100
2017.08.24,1475.29276700
2017.08.25,1498.67080700
2017.08.26,1501.13576400
2017.08.27,1503.60072100
2017.08.28,1506.06567800
2017.08.29,1507.30796400
2017.08.30,1541.13357800
2017.08.31,1636.34881100
2017.09.01,1773.07609100
2017.09.02,1786.58520200
2017.09.03,1800.09431300
2017.09.04,1813.60342400
2017.09.05,1827.11253500
2017.09.06,1904.77813100
2017.09.07,1970.10832600
2017.09.08,2008.51510100
2017.09.09,2046.13017333
2017.09.10,2083.74524567
2017.09.11,2121.36031800
2017.09.12,2249.13617700
2017.09.13,2359.53885500
2017.09.14,2454.38545100
2017.09.15,2528.30736300
2017.09.16,2553.59459567
2017.09.17,2578.88182833
2017.09.18,2604.16906100
2017.09.19,2670.05996800
2017.09.20,2735.84639300
2017.09.21,2763.21455400
2017.09.22,2819.69826000
2017.09.23,2839.01328567
2017.09.24,2858.32831133
2017.09.25,2877.64333700
2017.09.26,2937.29816100
2017.09.27,2998.51654400
2017.09.28,3068.01568000
2017.09.29,3147.79736200
2017.09.30,3180.58881267
2017.10.01,3213.38026333
2017.10.02,3246.17171400
2017.10.03,3337.60092600
2017.10.04,3400.93489700
2017.10.05,3476.43076900
2017.10.06,3488.74758500
2017.10.07,3482.35996500
2017.10.08,3475.97234500
2017.10.09,3469.58472500
2017.10.10,3485.50255600
2017.10.11,3514.13478800
2017.10.12,3534.44467300
2017.10.13,3566.83740200
2017.10.14,3571.02460033
2017.10.15,3575.21179867
2017.10.16,3579.39899700
2017.10.17,3557.04216700
2017.10.18,3530.34186600
2017.10.19,3497.71139900
2017.10.20,3489.17379300
2017.10.21,3467.25861900
2017.10.22,3445.34344500
2017.10.23,3423.42827100
2017.10.24,3367.74870800
2017.10.25,3235.75393800
2017.10.26,3118.91964000
2017.10.27,3043.98171800
2017.10.28,3008.56777367
2017.10.29,2973.15382933
2017.10.30,2937.73988500
2017.10.31,2875.06441900
2017.11.01,2820.95157300
2017.11.02,2764.18033200
2017.11.03,2701.37001900
2017.11.04,2689.03346333
2017.11.05,2676.69690767
2017.11.06,2664.36035200
2017.11.07,2602.09528400
2017.11.08,2543.39817500
2017.11.09,2450.29515600
2017.11.10,2343.24059900
2017.11.11,2305.65798267
2017.11.12,2268.07536633
2017.11.13,2230.49275000
2017.11.14,2100.29087500
2017.11.15,1941.26681700
2017.11.16,1873.94491400
2017.11.17,1855.36496200
2017.11.18,1858.07740067
2017.11.19,1860.78983933
2017.11.20,1863.50227800
2017.11.21,1918.54217300
2017.11.22,1979.00857100
2017.11.23,2018.63543500
2017.11.24,2058.26229900
2017.11.25,2067.21917433
2017.11.26,2076.17604967
2017.11.27,2085.13292500
2017.11.28,2156.43164600
2017.11.29,2212.80989300
2017.11.30,2278.39924600
2017.12.01,2332.53614600
2017.12.02,2346.54426900
2017.12.03,2360.55239200
2017.12.04,2374.56051500
2017.12.05,2362.21854800
2017.12.06,2321.95507300
2017.12.07,2318.47002700
2017.12.08,2339.14796200
2017.12.09,2346.52592700
2017.12.10,2353.90389200
2017.12.11,2361.28185700
2017.12.12,2359.99992800
2017.12.13,2369.40387900
2017.12.14,2326.49723700
2017.12.15,2339.92957300
2017.12.16,2362.37457267
2017.12.17,2384.81957233
2017.12.18,2407.26457200
2017.12.19,2414.94967300
2017.12.20,2414.99568600
2017.12.21,2439.46004900
2017.12.22,2454.42977900
2017.12.23,2460.69902150
2017.12.24,2466.96826400
2017.12.25,2473.23750650
2017.12.26,2479.50674900
2017.12.27,2510.10002500
2017.12.28,2575.00677600
2017.12.29,2595.92701400
2017.12.30,2607.09130600
2017.12.31,2618.25559800
2018.01.01,2629.41989000
2018.01.02,2640.58418200
2018.01.03,2698.01314000
2018.01.04,2766.22483400
2018.01.05,2847.01470700
2018.01.06,2874.91146333
2018.01.07,2902.80821967
2018.01.08,2930.70497600
2018.01.09,2967.55663100
2018.01.10,2956.27701200
2018.01.11,3017.50155300
2018.01.12,3070.76102800
2018.01.13,3066.69428950
2018.01.14,3062.62755100
2018.01.15,3058.56081250
2018.01.16,3054.49407400
2018.01.17,3074.26335800
2018.01.18,3082.44477900
2018.01.19,3127.92767000
2018.01.20,3150.52708133
2018.01.21,3173.12649267
2018.01.22,3195.72590400
2018.01.23,3277.86476400
2018.01.24,3318.70416500
2018.01.25,3329.17833300
2018.01.26,3340.93785500
2018.01.27,3308.60442200
2018.01.28,3276.27098900
2018.01.29,3243.93755600
2018.01.30,3057.98261300
2018.01.31,2899.70122400
2018.02.01,2738.02213000
2018.02.02,2470.59639400
2018.02.03,2351.57906533
2018.02.04,2232.56173667
2018.02.05,2113.54440800
2018.02.06,1869.09723800
2018.02.07,1661.84942100
2018.02.08,1363.64329100
2018.02.09,1135.25883300
2018.02.10,1093.12716433
2018.02.11,1050.99549567
2018.02.12,1008.86382700
2018.02.13,921.65177800
2018.02.14,904.92721720
2018.02.15,948.35308160
2018.02.16,1011.69043000
2018.02.17,1012.83917525
2018.02.18,1013.98792050
2018.02.19,1015.13666575
2018.02.20,1016.28541100
2018.02.21,1008.83269300
2018.02.22,1009.96645500
2018.02.23,1105.18599000
2018.02.24,1148.51491400
2018.02.25,1191.84383800
2018.02.26,1235.17276200
2018.02.27,1264.23558800
2018.02.28,1225.26312700
2018.03.01,1161.21535700
2018.03.02,1144.19843600
2018.03.03,1162.40828300
2018.03.04,1180.61813000
2018.03.05,1198.82797700
2018.03.06,1300.14209500
2018.03.07,1391.86495500
2018.03.08,1491.17867600
2018.03.09,1643.18601400
2018.03.10,1690.50279500
2018.03.11,1737.81957600
2018.03.12,1785.13635700
2018.03.13,1874.02821900
2018.03.14,1923.16062000
2018.03.15,1922.30302000
2018.03.16,1966.65825700
2018.03.17,1949.40506900
2018.03.18,1932.15188100
2018.03.19,1914.89869300
2018.03.20,1848.61977200
2018.03.21,1810.65819600
2018.03.22,1681.64775800
2018.03.23,1479.13559400
2018.03.24,1447.82106800
2018.03.25,1416.50654200
2018.03.26,1385.19201600
2018.03.27,1249.69429700
2018.03.28,1137.99527600
2018.03.29,1126.00263600
2018.03.30,1100.21920600
2018.03.31,1074.43577600
2018.04.01,1048.65234600
2018.04.02,1022.86891600
2018.04.03,1005.57524100
2018.04.04,1046.76127200
2018.04.05,1149.64152300
2018.04.06,1152.45592900
2018.04.07,1167.70394167
2018.04.08,1182.95195433
2018.04.09,1198.19996700
2018.04.10,1312.02012000
2018.04.11,1409.97625000
2018.04.12,1504.37886000
2018.04.13,1563.82119700
2018.04.14,1602.12256100
2018.04.15,1640.42392500
2018.04.16,1678.72528900
2018.04.17,1841.97466100
2018.04.18,1993.34300100
2018.04.19,2062.74621700
2018.04.20,2067.67223600
2018.04.21,2062.99669733
2018.04.22,2058.32115867
2018.04.23,2053.64562000
2018.04.24,1993.78463600
2018.04.25,1918.18457100
2018.04.26,1900.15559300
2018.04.27,1902.39003900
2018.04.28,1889.10620567
2018.04.29,1875.82237233
2018.04.30,1862.53853900
2018.05.01,1833.05281500
2018.05.02,1798.02725600
2018.05.03,1739.49026800
2018.05.04,1760.59369100
2018.05.05,1778.44051033
2018.05.06,1796.28732967
2018.05.07,1814.13414900
2018.05.08,1858.54057000
2018.05.09,1928.86535800
2018.05.10,2048.99872400
2018.05.11,2162.26775900
2018.05.12,2190.09565400
2018.05.13,2217.92354900
2018.05.14,2245.75144400
2018.05.15,2270.10123900
2018.05.16,2329.66980600
2018.05.17,2386.00258300
2018.05.18,2431.43709400
2018.05.19,2461.71686767
2018.05.20,2491.99664133
2018.05.21,2522.27641500
2018.05.22,2563.33265300
2018.05.23,2596.86907300
2018.05.24,2616.80836600
2018.05.25,2614.17242100
2018.05.26,2605.34127200
2018.05.27,2596.51012300
2018.05.28,2587.67897400
2018.05.29,2578.84782500
2018.05.30,2632.75105700
2018.05.31,2630.97456400
2018.06.01,2681.55079100
2018.06.02,2708.17909733
2018.06.03,2734.80740367
2018.06.04,2761.43571000
2018.06.05,2849.33013800
2018.06.06,2957.98322300
2018.06.07,3054.59169400
2018.06.08,3153.06897900
2018.06.09,3182.61322333
2018.06.10,3212.15746767
2018.06.11,3241.70171200
2018.06.12,3305.07419100
2018.06.13,3299.48228900
2018.06.14,3303.90380200
2018.06.15,3288.81467600
2018.06.16,3286.59958400
2018.06.17,3284.38449200
2018.06.18,3282.16940000
2018.06.19,3243.82684200
2018.06.20,3232.57482100
2018.06.21,3158.04146900
2018.06.22,3132.47524500
2018.06.23,3095.93474600
2018.06.24,3059.39424700
2018.06.25,3022.85374800
2018.06.26,2950.81309900
2018.06.27,2816.06427800
2018.06.28,2721.52371600
2018.06.29,2656.23391600
2018.06.30,2639.26593300
2018.07.01,2622.29795000
2018.07.02,2605.32996700
2018.07.03,2593.33044200
2018.07.04,2619.81731850
2018.07.05,2646.30419500
2018.07.06,2755.01523300
2018.07.07,2796.57285367
2018.07.08,2838.13047433
2018.07.09,2879.68809500
2018.07.10,2979.83495100
2018.07.11,2992.36133800
2018.07.12,3027.70959200
2018.07.13,3045.49380200
2018.07.14,3031.28647867
2018.07.15,3017.07915533
2018.07.16,3002.87183200
2018.07.17,2978.36568800
2018.07.18,2959.97110700
2018.07.19,2963.74388500
2018.07.20,2948.65089000
2018.07.21,2934.00163533
2018.07.22,2919.35238067
2018.07.23,2904.70312600
2018.07.24,2844.40427100
2018.07.25,2820.42672900
2018.07.26,2816.92379700
2018.07.27,2752.84417100
2018.07.28,2728.19340400
2018.07.29,2703.54263700
2018.07.30,2678.89187000
2018.07.31,2659.01819400
2018.08.01,2596.48110900
2018.08.02,2562.67949600
2018.08.03,2552.11572000
2018.08.04,2556.11818400
2018.08.05,2560.12064800
2018.08.06,2564.12311200
2018.08.07,2575.71881700
2018.08.08,2567.40455100
2018.08.09,2553.60883100
2018.08.10,2485.89544600
2018.08.11,2449.27063867
2018.08.12,2412.64583133
2018.08.13,2376.02102400
2018.08.14,2341.39828900
2018.08.15,2253.93885800
2018.08.16,2245.49135100
2018.08.17,2290.09127600
2018.08.18,2319.15210233
2018.08.19,2348.21292867
2018.08.20,2377.27375500
2018.08.21,2487.52840600
2018.08.22,2579.45849000
2018.08.23,2605.41142000
2018.08.24,2676.37411800
2018.08.25,2705.40453000
2018.08.26,2734.43494200
2018.08.27,2763.46535400
2018.08.28,2821.31103400
2018.08.29,2889.26253500
2018.08.30,2896.51475600
2018.08.31,2904.58283100
2018.09.01,2893.13915375
2018.09.02,2881.69547650
2018.09.03,2870.25179925
2018.09.04,2858.80812200
2018.09.05,2795.12670400
2018.09.06,2705.10345800
2018.09.07,2568.35806600
2018.09.08,2538.13836567
2018.09.09,2507.91866533
2018.09.10,2477.69896500
2018.09.11,2397.39694000
2018.09.12,2338.25172300
2018.09.13,2300.89130400
2018.09.14,2266.89368900
2018.09.15,2244.47621267
2018.09.16,2222.05873633
2018.09.17,2199.64126000
2018.09.18,2153.04222700
2018.09.19,2090.38484200
2018.09.20,2082.76085400
2018.09.21,2072.12854000
2018.09.22,2050.02811633
2018.09.23,2027.92769267
2018.09.24,2005.82726900
2018.09.25,1926.86054600
2018.09.26,1816.40969500
2018.09.27,1734.34216900
2018.09.28,1678.10272300
2018.09.29,1651.34430967
2018.09.30,1624.58589633
2018.10.01,1597.82748300
2018.10.02,1495.00301600
2018.10.03,1401.96308100
2018.10.04,1230.85412200
2018.10.05,1032.35169100
2018.10.06,976.19124527
2018.10.07,920.03079953
2018.10.08,863.87035380
2018.10.09,713.19945900
2018.10.10,468.60984650
2018.10.11,259.59267870
2018.10.12,107.08503680
2018.10.13,74.29188380
2018.10.14,41.49873079
2018.10.15,8.70557779
2018.10.16,34.39761244
2018.10.17,23.44231401
2018.10.18,-59.84167771
2018.10.19,-129.00028230
2018.10.20,-155.41215077
2018.10.21,-181.82401923
2018.10.22,-208.23588770
2018.10.23,-327.79115100
2018.10.24,-506.32194530
2018.10.25,-583.78416470
2018.10.26,-708.54544150
2018.10.27,-748.68816297
2018.10.28,-788.83088443
2018.10.29,-828.97360590
2018.10.30,-862.79481850
2018.10.31,-852.34798110
2018.11.01,-758.45419530
2018.11.02,-690.23273740
2018.11.03,-653.53923400
2018.11.04,-616.84573060
2018.11.05,-580.15222720
2018.11.06,-440.83262990
2018.11.07,-237.16021100
2018.11.08,-65.53449184
2018.11.09,34.03317052
2018.11.10,40.68656568
2018.11.11,47.33996083
2018.11.12,53.99335599
2018.11.13,70.48934778
2018.11.14,58.99097403
2018.11.15,75.21490960
2018.11.16,101.76030000
2018.11.17,87.38946907
2018.11.18,73.01863815
2018.11.19,58.64780722
2018.11.20,-77.75661310
2018.11.21,-117.59360940
2018.11.22,-139.65494130
2018.11.23,-161.71627320
2018.11.24,-158.85503860
2018.11.25,-155.99380400
2018.11.26,-153.13256940
2018.11.27,-173.32783980
2018.11.28,-93.87815678
2018.11.29,-29.32928702
2018.11.30,43.50664306
2018.12.01,89.40903874
2018.12.02,135.31143442
2018.12.03,181.21383010
2018.12.04,200.99740580
2018.12.05,194.50239090
2018.12.06,188.00737600
2018.12.07,125.36086370
2018.12.08,91.49767291
2018.12.09,57.63448212
2018.12.10,23.77129133
2018.12.11,-73.35664950
2018.12.12,-104.73425570
2018.12.13,-168.13843770
2018.12.14,-299.25832110
2018.12.15,-371.46205733
2018.12.16,-443.66579357
2018.12.17,-515.86952980
2018.12.18,-706.94276560
2018.12.19,-928.92566840
2018.12.20,-1202.72642200
2018.12.21,-1509.61243400
2018.12.22,-1621.62559333
2018.12.23,-1733.63875267
2018.12.24,-1845.65191200
2018.12.25,-1925.61965950
2018.12.26,-2005.58740700
2018.12.27,-2115.10431700
2018.12.28,-2149.91575400
2018.12.29,-2133.15382067
2018.12.30,-2116.39188733
2018.12.31,-2099.62995400
2019.01.01,-2040.20869950
2019.01.02,-1980.78744500
2019.01.03,-1889.37316300
2019.01.04,-1673.91708600
2019.01.05,-1579.30557533
2019.01.06,-1484.69406467
2019.01.07,-1390.08255400
2019.01.08,-1053.30361700
2019.01.09,-702.94110770
2019.01.10,-361.76645670
2019.01.11,-43.45329775
2019.01.12,36.17170803
2019.01.13,115.79671382
2019.01.14,195.42171960
2019.01.15,444.73275090
2019.01.16,695.87001880
2019.01.17,974.11303280
2019.01.18,1284.39024500
2019.01.19,1330.11901125
2019.01.20,1375.84777750
2019.01.21,1421.57654375
2019.01.22,1467.30531000
2019.01.23,1618.91116300
2019.01.24,1797.53961300
2019.01.25,2025.52923900
2019.01.26,2084.13040033
2019.01.27,2142.73156167
2019.01.28,2201.33272300
2019.01.29,2363.88803800
2019.01.30,2584.55339300
2019.01.31,2820.69950400
2019.02.01,3034.75093100
2019.02.02,3109.51433633
2019.02.03,3184.27774167
2019.02.04,3259.04114700
2019.02.05,3478.01407600
2019.02.06,3623.34585900
2019.02.07,3679.33780500
2019.02.08,3708.41423000
2019.02.09,3727.50365400
2019.02.10,3746.59307800
2019.02.11,3765.68250200
2019.02.12,3875.11846200
2019.02.13,3998.16061500
2019.02.14,4099.42085300
2019.02.15,4252.60125300
2019.02.16,4291.39031175
2019.02.17,4330.17937050
2019.02.18,4368.96842925
2019.02.19,4407.75748800
2019.02.20,4554.62728100
2019.02.21,4629.32781800
2019.02.22,4741.90013900
2019.02.23,4767.14675000
2019.02.24,4792.39336100
2019.02.25,4817.63997200
2019.02.26,4837.70932900
2019.02.27,4843.18008300
2019.02.28,4816.39167700
2019.03.01,4816.65563200
2019.03.02,4812.26976633
2019.03.03,4807.88390067
2019.03.04,4803.49803500
2019.03.05,4766.03079900
2019.03.06,4643.91615900
2019.03.07,4463.68856100
2019.03.08,4278.07552100
2019.03.09,4248.57901233
2019.03.10,4219.08250367
2019.03.11,4189.58599500
2019.03.12,4124.17952000
2019.03.13,4106.68608600
2019.03.14,4066.99577000
2019.03.15,4043.22557100
2019.03.16,4048.66235500
2019.03.17,4054.09913900
2019.03.18,4059.53592300
2019.03.19,4028.53359400
2019.03.20,3970.93393500
2019.03.21,3970.68155700
2019.03.22,3864.81236500
2019.03.23,3831.81495833
2019.03.24,3798.81755167
2019.03.25,3765.82014500
2019.03.26,3737.05269600
2019.03.27,3686.62126400
2019.03.28,3683.81928300
2019.03.29,3671.45449300
2019.03.30,3689.32810333
2019.03.31,3707.20171367
2019.04.01,3725.07532400
2019.04.02,3743.44575900
2019.04.03,3770.78525200
2019.04.04,3825.10659200
2019.04.05,3921.37580500
2019.04.06,3945.12690433
2019.04.07,3968.87800367
2019.04.08,3992.62910300
2019.04.09,3965.38752700
2019.04.10,3995.91904200
2019.04.11,4019.89389200
2019.04.12,4065.39292000
2019.04.13,4069.50115467
2019.04.14,4073.60938933
2019.04.15,4077.71762400
2019.04.16,4083.76665700
2019.04.17,4046.36974800
2019.04.18,3995.96354200
2019.04.19,3975.03176075
2019.04.20,3954.09997950
2019.04.21,3933.16819825
2019.04.22,3912.23641700
2019.04.23,3898.98854400
2019.04.24,3873.51667000
2019.04.25,3796.52063400
2019.04.26,3767.75642000
2019.04.27,3765.02902500
2019.04.28,3762.30163000
2019.04.29,3759.57423500
2019.04.30,3752.78059600
2019.05.01,3694.15813100
2019.05.02,3617.81513300
2019.05.03,3621.10279500
2019.05.04,3609.93794033
2019.05.05,3598.77308567
2019.05.06,3587.60823100
2019.05.07,3452.48233800
2019.05.08,3314.98728700
2019.05.09,3163.45408300
2019.05.10,3068.37592300
2019.05.11,3004.41468733
2019.05.12,2940.45345167
2019.05.13,2876.49221600
2019.05.14,2779.69918600
2019.05.15,2736.34264900
2019.05.16,2747.64109700
2019.05.17,2678.31306400
2019.05.18,2639.90738633
2019.05.19,2601.50170867
2019.05.20,2563.09603100
2019.05.21,2542.61998800
2019.05.22,2481.49987100
2019.05.23,2341.73467100
2019.05.24,2267.32675200
2019.05.25,2237.01290100
2019.05.26,2206.69905000
2019.05.27,2176.38519900
2019.05.28,2146.07134800
2019.05.29,1986.01762000
2019.05.30,1852.64159500
2019.05.31,1677.44188500
2019.06.01,1641.13089800
2019.06.02,1604.81991100
2019.06.03,1568.50892400
2019.06.04,1566.52869800
2019.06.05,1563.40296100
2019.06.06,1581.31344100
2019.06.07,1664.57033400
2019.06.08,1697.50759800
2019.06.09,1730.44486200
2019.06.10,1763.38212600
2019.06.11,1845.19929800
2019.06.12,1902.27698300
2019.06.13,2010.71701900
2019.06.14,2071.57966500
2019.06.15,2091.98955267
2019.06.16,2112.39944033
2019.06.17,2132.80932800
2019.06.18,2243.84664400
2019.06.19,2362.26431600
2019.06.20,2523.50010400
2019.06.21,2616.23920200
2019.06.22,2629.14277967
2019.06.23,2642.04635733
2019.06.24,2654.94993500
2019.06.25,2630.77286200
2019.06.26,2611.34760000
2019.06.27,2651.68226300
2019.06.28,2746.60998900
2019.06.29,2779.33670733
2019.06.30,2812.06342567
2019.07.01,2844.79014400
2019.07.02,2932.66022600
2019.07.03,3063.47584600
2019.07.04,3112.16583350
2019.07.05,3160.85582100
2019.07.06,3171.74102067
2019.07.07,3182.62622033
2019.07.08,3193.51142000
2019.07.09,3216.66440100
2019.07.10,3261.92687800
2019.07.11,3290.31666000
2019.07.12,3348.98834200
2019.07.13,3360.69479033
2019.07.14,3372.40123867
2019.07.15,3384.10768700
2019.07.16,3407.36418900
2019.07.17,3377.91167800
2019.07.18,3355.94022200
2019.07.19,3305.07492600
2019.07.20,3284.23652500
2019.07.21,3263.39812400
2019.07.22,3242.55972300
2019.07.23,3227.49642700
2019.07.24,3270.62982600
2019.07.25,3229.15573300
2019.07.26,3236.39960500
2019.07.27,3235.52010900
2019.07.28,3234.64061300
2019.07.29,3233.76111700
2019.07.30,3246.78640500
2019.07.31,3206.63909300
2019.08.01,3114.27994700
2019.08.02,2991.39147700
2019.08.03,2912.41594400
2019.08.04,2833.44041100
2019.08.05,2754.46487800
2019.08.06,2599.87031100
2019.08.07,2448.19260500
2019.08.08,2408.51720300
2019.08.09,2319.55214900
2019.08.10,2273.06452133
2019.08.11,2226.57689367
2019.08.12,2180.08926600
2019.08.13,2120.24805500
2019.08.14,1962.38258000
2019.08.15,1831.84568600
2019.08.16,1802.07741200
2019.08.17,1817.40665867
2019.08.18,1832.73590533
2019.08.19,1848.06515200
2019.08.20,1849.09434300
2019.08.21,1908.07883000
2019.08.22,1944.67017200
2019.08.23,1865.68241900
2019.08.24,1858.39477200
2019.08.25,1851.10712500
2019.08.26,1843.81947800
2019.08.27,1774.15756600
2019.08.28,1773.62584300
2019.08.29,1851.05309100
2019.08.30,1933.69812300
2019.08.31,1941.58387575
2019.09.01,1949.46962850
2019.09.02,1957.35538125
2019.09.03,1965.24113400
2019.09.04,2078.38420300
2019.09.05,2218.82960600
2019.09.06,2353.86627700
2019.09.07,2401.27861800
2019.09.08,2448.69095900
2019.09.09,2496.10330000
2019.09.10,2635.73543800
2019.09.11,2810.69223900
2019.09.12,2954.22684200
2019.09.13,3054.97779400
2019.09.14,3084.45018567
2019.09.15,3113.92257733
2019.09.16,3143.39496900
2019.09.17,3217.67467900
2019.09.18,3259.39545700
2019.09.19,3289.56974500
2019.09.20,3308.77091300
2019.09.21,3315.69529400
2019.09.22,3322.61967500
2019.09.23,3329.54405600
2019.09.24,3280.00737400
2019.09.25,3268.50347400
2019.09.26,3227.92512200
2019.09.27,3170.19100500
2019.09.28,3157.30313000
2019.09.29,3144.41525500
2019.09.30,3131.52738000
2019.10.01,3016.16234400
2019.10.02,2823.59442700
2019.10.03,2689.53088500
2019.10.04,2640.20890200
2019.10.05,2611.25178900
2019.10.06,2582.29467600
2019.10.07,2553.33756300
2019.10.08,2397.19588000
2019.10.09,2302.25876100
2019.10.10,2250.02623100
2019.10.11,2277.21728700
2019.10.12,2278.17137567
2019.10.13,2279.12546433
2019.10.14,2280.07955300
2019.10.15,2318.57639300
2019.10.16,2351.84830900
2019.10.17,2420.48655500
2019.10.18,2468.31982300
2019.10.19,2495.37177133
2019.10.20,2522.42371967
2019.10.21,2549.47566800
2019.10.22,2635.51653800
2019.10.23,2739.15389800
2019.10.24,2806.91807200
2019.10.25,2874.62185000
2019.10.26,2894.72639033
2019.10.27,2914.83093067
2019.10.28,2934.93547100
2019.10.29,2984.87894000
2019.10.30,3026.35621100
2019.10.31,3016.18749700
2019.11.01,3065.66230800
2019.11.02,3087.43652567
2019.11.03,3109.21074333
2019.11.04,3130.98496100
2019.11.05,3166.58090400
2019.11.06,3171.53253100
2019.11.07,3153.75850900
2019.11.08,3135.94292800
2019.11.09,3121.70558267
2019.11.10,3107.46823733
2019.11.11,3093.23089200
2019.11.12,3039.59594600
2019.11.13,2973.09008800
2019.11.14,2927.51212800
2019.11.15,2914.95541300
2019.11.16,2901.46848967
2019.11.17,2887.98156633
2019.11.18,2874.49464300
2019.11.19,2824.22821300
2019.11.20,2753.22927300
2019.11.21,2654.85903400
2019.11.22,2591.52818400
2019.11.23,2593.10967800
2019.11.24,2594.69117200
2019.11.25,2596.27266600
2019.11.26,2604.29783500
2019.11.27,2640.83786600
2019.11.28,2631.00663400
2019.11.29,2621.17540200
2019.11.30,2590.83630767
2019.12.01,2560.49721333
2019.12.02,2530.15811900
2019.12.03,2411.28755100
2019.12.04,2359.09677800
2019.12.05,2318.72818300
2019.12.06,2349.96939400
2019.12.07,2357.02319000
2019.12.08,2364.07698600
2019.12.09,2371.13078200
2019.12.10,2384.91811400
2019.12.11,2430.58169300
2019.12.12,2502.02114500
2019.12.13,2560.79177000
2019.12.14,2593.74007867
2019.12.15,2626.68838733
2019.12.16,2659.63669600
2019.12.17,2772.95092400
2019.12.18,2894.71983500
2019.12.19,3018.25865400
2019.12.20,3140.84305100
2019.12.21,3177.01153233
2019.12.22,3213.18001367
2019.12.23,3249.34849500
2019.12.24,3351.57390800
2019.12.25,3406.04633700
2019.12.26,3460.51876600
2019.12.27,3529.81402600
2019.12.28,3538.49681833
2019.12.29,3547.17961067
2019.12.30,3555.86240300
2019.12.31,3608.35445300
2020.01.01,3640.87391850
2020.01.02,3673.39338400
2020.01.03,3707.73470300
2020.01.04,3716.60908767
2020.01.05,3725.48347233
2020.01.06,3734.35785700
2020.01.07,3725.39886400
2020.01.08,3731.46193100
2020.01.09,3740.58854400
2020.01.10,3724.78885500
2020.01.11,3735.54462900
2020.01.12,3746.30040300
2020.01.13,3757.05617700
2020.01.14,3792.45945600
2020.01.15,3824.86696300
2020.01.16,3898.10104600
2020.01.17,3948.67568200
2020.01.18,3947.98766575
2020.01.19,3947.29964950
2020.01.20,3946.61163325
2020.01.21,3945.92361700
2020.01.22,3928.54098400
2020.01.23,3900.83612700
2020.01.24,3801.09429400
2020.01.25,3739.44938133
2020.01.26,3677.80446867
2020.01.27,3616.15955600
2020.01.28,3501.20955600
2020.01.29,3390.92125900
2020.01.30,3291.47015900
2020.01.31,3109.13211700
2020.02.01,3068.40055500
2020.02.02,3027.66899300
2020.02.03,2986.93743100
2020.02.04,2936.07628700
2020.02.05,2959.60962800
2020.02.06,2964.73258600
2020.02.07,2918.88905200
2020.02.08,2911.12549633
2020.02.09,2903.36194067
2020.02.10,2895.59838500
2020.02.11,2921.40687300
2020.02.12,2964.36609600
2020.02.13,2988.97440100
2020.02.14,3005.01963000
2020.02.15,2999.98052325
2020.02.16,2994.94141650
2020.02.17,2989.90230975
2020.02.18,2984.86320300
2020.02.19,2966.55514100
2020.02.20,2974.81897300
2020.02.21,2913.46045400
2020.02.22,2852.76750900
2020.02.23,2792.07456400
2020.02.24,2731.38161900
2020.02.25,2445.94730600
2020.02.26,2147.92123200
2020.02.27,1768.61933300
2020.02.28,1360.52311200
2020.02.29,1275.96481733
2020.03.01,1191.40652267
2020.03.02,1106.84822800
2020.03.03,842.97196080
2020.03.04,724.74289270
2020.03.05,507.93332490
2020.03.06,229.22147780
2020.03.07,102.85656560
2020.03.08,-23.50834660
2020.03.09,-149.87325880
2020.03.10,-388.19989230
2020.03.11,-719.62816450
2020.03.12,-1141.05119600
2020.03.13,-1377.16263300
2020.03.14,-1487.50912133
2020.03.15,-1597.85560967
2020.03.16,-1708.20209800
2020.03.17,-1946.74983000
2020.03.18,-2269.77439100
2020.03.19,-2449.91152000
2020.03.20,-2606.27920700
2020.03.21,-2672.78353233
2020.03.22,-2739.28785767
2020.03.23,-2805.79218300
2020.03.24,-2829.54681700
2020.03.25,-2739.20929500
2020.03.26,-2529.27466700
2020.03.27,-2417.63418700
2020.03.28,-2370.08725967
2020.03.29,-2322.54033233
2020.03.30,-2274.99340500
2020.03.31,-2153.51057000
2020.04.01,-2163.17519300
2020.04.02,-2127.87257000
2020.04.03,-2167.19946400
2020.04.04,-2132.11229667
2020.04.05,-2097.02512933
2020.04.06,-2061.93796200
2020.04.07,-1888.67968700
2020.04.08,-1608.10046400
2020.04.09,-1247.26472600
2020.04.10,-1185.57700600
2020.04.11,-1123.88928600
2020.04.12,-1062.20156600
2020.04.13,-1000.51384600
2020.04.14,-705.43927440
2020.04.15,-545.02331950
2020.04.16,-438.14256140
2020.04.17,-234.76880040
2020.04.18,-201.84933053
2020.04.19,-168.92986067
2020.04.20,-136.01039080
2020.04.21,-134.64189860
2020.04.22,-66.44862827
2020.04.23,31.38886099
2020.04.24,156.23297000
2020.04.25,221.30315280
2020.04.26,286.37333560
2020.04.27,351.44351840
2020.04.28,587.64131960
2020.04.29,904.10223310
2020.04.30,1106.50580300
2020.05.01,1174.07832600
2020.05.02,1189.77969800
2020.05.03,1205.48107000
2020.05.04,1221.18244200
2020.05.05,1277.35054900
2020.05.06,1267.83752700
2020.05.07,1327.06470600
2020.05.08,1475.46862100
2020.05.09,1501.85462200
2020.05.10,1528.24062300
2020.05.11,1554.62662400
2020.05.12,1540.43358500
2020.05.13,1409.39636700
2020.05.14,1308.36256500
2020.05.15,1239.83685100
2020.05.16,1258.54062800
2020.05.17,1277.24440500
2020.05.18,1295.94818200
2020.05.19,1310.04362800
2020.05.20,1409.19501700
2020.05.21,1499.47347900
2020.05.22,1592.76419700
2020.05.23,1637.27663275
2020.05.24,1681.78906850
2020.05.25,1726.30150425
2020.05.26,1770.81394000
2020.05.27,2012.74240000
2020.05.28,2189.72752200
2020.05.29,2329.40116300
2020.05.30,2391.94248233
2020.05.31,2454.48380167
2020.06.01,2517.02512100
2020.06.02,2740.20847900
2020.06.03,3012.22920700
2020.06.04,3247.14578500
2020.06.05,3540.81372900
2020.06.06,3651.77440367
2020.06.07,3762.73507833
2020.06.08,3873.69575300
2020.06.09,4057.19140500
2020.06.10,4130.64423000
2020.06.11,4036.24317400
2020.06.12,4024.44905600
2020.06.13,4031.43031700
2020.06.14,4038.41157800
2020.06.15,4045.39283900
2020.06.16,4145.77281000
2020.06.17,4165.31882100
2020.06.18,4148.15406600
2020.06.19,4072.38743000
2020.06.20,4048.32329300
2020.06.21,4024.25915600
2020.06.22,4000.19501900
2020.06.23,3945.71953300
2020.06.24,3770.11439500
2020.06.25,3649.27142900
2020.06.26,3438.20433700
2020.06.27,3399.90320833
2020.06.28,3361.60207967
2020.06.29,3323.30095100
2020.06.30,3259.09205200
2020.07.01,3197.74798200
2020.07.02,3171.41006300
2020.07.03,3177.71607025
2020.07.04,3184.02207750
2020.07.05,3190.32808475
2020.07.06,3196.63409200
2020.07.07,3129.16746600
2020.07.08,3087.18766300
2020.07.09,2970.40899400
2020.07.10,2939.81118700
2020.07.11,2914.57445967
2020.07.12,2889.33773233
2020.07.13,2864.10100500
2020.07.14,2835.99829500
2020.07.15,2905.99048700
2020.07.16,2944.25385800
2020.07.17,2981.89777100
2020.07.18,2982.48979000
2020.07.19,2983.08180900
2020.07.20,2983.67382800
2020.07.21,3053.92398800
2020.07.22,3129.06825400
2020.07.23,3176.97126100
2020.07.24,3161.69347500
2020.07.25,3163.48648367
2020.07.26,3165.27949233
2020.07.27,3167.07250100
2020.07.28,3148.38620600
2020.07.29,3212.46749200
2020.07.30,3209.59465400
2020.07.31,3172.74040500
2020.08.01,3172.33237667
2020.08.02,3171.92434833
2020.08.03,3171.51632000
2020.08.04,3200.41214500
2020.08.05,3271.11601500
2020.08.06,3318.26224400
2020.08.07,3387.88095900
2020.08.08,3426.17582433
2020.08.09,3464.47068967
2020.08.10,3502.76555500
2020.08.11,3589.57805600
2020.08.12,3688.45485500
2020.08.13,3734.55224400
2020.08.14,3762.34275000
2020.08.15,3766.84247300
2020.08.16,3771.34219600
2020.08.17,3775.84191900
2020.08.18,3741.50449900
2020.08.19,3668.43848200
2020.08.20,3562.22484600
2020.08.21,3411.30106200
2020.08.22,3386.38561533
2020.08.23,3361.47016867
2020.08.24,3336.55472200
2020.08.25,3257.96382700
2020.08.26,3147.42879300
2020.08.27,3060.08419500
2020.08.28,3033.10414300
2020.08.29,3001.97632100
2020.08.30,2970.84849900
2020.08.31,2939.72067700
2020.09.01,2888.12921100
2020.09.02,2880.07786100
2020.09.03,2772.59356800
2020.09.04,2643.48152900
2020.09.05,2592.15447900
2020.09.06,2540.82742900
2020.09.07,2489.50037900
2020.09.08,2438.17332900
2020.09.09,2329.59395000
2020.09.10,2178.06061200
2020.09.11,2037.20930500
2020.09.12,2026.32133367
2020.09.13,2015.43336233
2020.09.14,2004.54539100
2020.09.15,1985.99501700
2020.09.16,2000.25447300
2020.09.17,1973.74503500
2020.09.18,1899.36074000
2020.09.19,1840.34561500
2020.09.20,1781.33049000
2020.09.21,1722.31536500
2020.09.22,1587.17999200
2020.09.23,1346.45334800
2020.09.24,1137.39980100
2020.09.25,1023.72201900
2020.09.26,1026.51764767
2020.09.27,1029.31327633
2020.09.28,1032.10890500
2020.09.29,999.76914880
2020.09.30,981.91981110
2020.10.01,1022.94902800
2020.10.02,1097.41426400
2020.10.03,1143.84116567
2020.10.04,1190.26806733
2020.10.05,1236.69496900
2020.10.06,1319.94649700
2020.10.07,1459.87682100
2020.10.08,1656.61786400
2020.10.09,1825.14836600
2020.10.10,1883.27097867
2020.10.11,1941.39359133
2020.10.12,1999.51620400
2020.10.13,2091.10312400
2020.10.14,2130.45442500
2020.10.15,2177.64751600
2020.10.16,2185.35937000
2020.10.17,2162.43164967
2020.10.18,2139.50392933
2020.10.19,2116.57620900
2020.10.20,2107.83372500
2020.10.21,2047.01973300
2020.10.22,2048.63867100
2020.10.23,2084.57967000
2020.10.24,2054.54855500
2020.10.25,2024.51744000
2020.10.26,1994.48632500
2020.10.27,1855.48408400
2020.10.28,1604.00974700
2020.10.29,1435.57914100
2020.10.30,1255.59307600
2020.10.31,1228.55439267
2020.11.01,1201.51570933
2020.11.02,1174.47702600
2020.11.03,1199.10041800
2020.11.04,1234.75791600
2020.11.05,1356.82128700
2020.11.06,1424.65136300
2020.11.07,1472.62518233
2020.11.08,1520.59900167
2020.11.09,1568.57282100
2020.11.10,1740.43280300
2020.11.11,1884.92092400
2020.11.12,1924.18366300
2020.11.13,2055.48238700
2020.11.14,2125.01005233
2020.11.15,2194.53771767
2020.11.16,2264.06538300
2020.11.17,2455.53351800
2020.11.18,2577.11110600
2020.11.19,2714.62438900
2020.11.20,2811.32512300
2020.11.21,2863.34929033
2020.11.22,2915.37345767
2020.11.23,2967.39762500
2020.11.24,3171.45262600
2020.11.25,3313.11238900
2020.11.26,3376.33915700
2020.11.27,3439.56592500
2020.11.28,3450.97257267
2020.11.29,3462.37922033
2020.11.30,3473.78586800
2020.12.01,3553.27499000
2020.12.02,3639.77181400
2020.12.03,3748.77774000
2020.12.04,3917.68391800
2020.12.05,3952.59270533
2020.12.06,3987.50149267
2020.12.07,4022.41028000
2020.12.08,4139.48926900
2020.12.09,4227.79435800
2020.12.10,4298.60623700
2020.12.11,4317.65736200
2020.12.12,4305.80750400
2020.12.13,4293.95764600
2020.12.14,4282.10778800
2020.12.15,4314.10236300
2020.12.16,4314.73721200
2020.12.17,4351.75632300
2020.12.18,4343.99888100
2020.12.19,4322.21467833
2020.12.20,4300.43047567
2020.12.21,4278.64627300
2020.12.22,4182.42656200
2020.12.23,4142.99657700
2020.12.24,4127.46895600
2020.12.25,4121.91559100
2020.12.26,4116.36222600
2020.12.27,4110.80886100
2020.12.28,4105.25549600
2020.12.29,4023.38671000
2020.12.30,3997.37196400
2020.12.31,3990.94249700
2021.01.01,3969.16702025
2021.01.02,3947.39154350
2021.01.03,3925.61606675
2021.01.04,3903.84059000
2021.01.05,3885.34925700
2021.01.06,3899.11242000
2021.01.07,3931.93436300
2021.01.08,3949.63745200
2021.01.09,3939.16677000
2021.01.10,3928.69608800
2021.01.11,3918.22540600
2021.01.12,3929.17698000
2021.01.13,3932.44469100
2021.01.14,3977.77636000
2021.01.15,3946.44605500
2021.01.16,3945.87864475
2021.01.17,3945.31123450
2021.01.18,3944.74382425
2021.01.19,3944.17641400
2021.01.20,3970.96498900
2021.01.21,3944.06439600
2021.01.22,3917.19406700
2021.01.23,3895.30736633
2021.01.24,3873.42066567
2021.01.25,3851.53396500
2021.01.26,3754.08690800
2021.01.27,3551.39924000
2021.01.28,3428.04428700
2021.01.29,3231.88558100
2021.01.30,3202.84387400
2021.01.31,3173.80216700
2021.02.01,3144.76046000
2021.02.02,3143.59467900
2021.02.03,3157.62996300
2021.02.04,3232.24198100
2021.02.05,3339.22404600
2021.02.06,3390.96522800
2021.02.07,3442.70641000
2021.02.08,3494.44759200
2021.02.09,3639.69148500
2021.02.10,3754.02655700
2021.02.11,3823.11291000
2021.02.12,3884.46617800
2021.02.13,3891.18735625
2021.02.14,3897.90853450
2021.02.15,3904.62971275
2021.02.16,3911.35089100
2021.02.17,3898.53056600
2021.02.18,3817.17653500
2021.02.19,3785.68295600
2021.02.20,3769.41448100
2021.02.21,3753.14600600
2021.02.22,3736.87753100
2021.02.23,3645.46450600
2021.02.24,3609.97904600
2021.02.25,3446.38908300
2021.02.26,3269.08771900
2021.02.27,3247.47501733
2021.02.28,3225.86231567
2021.03.01,3204.24961400
2021.03.02,3114.79178700
2021.03.03,3018.03138500
2021.03.04,2835.26108500
2021.03.05,2760.31617300
2021.03.06,2747.83967933
2021.03.07,2735.36318567
2021.03.08,2722.88669200
2021.03.09,2718.82005200
2021.03.10,2786.64897500
2021.03.11,2914.80946000
2021.03.12,3034.16262600
2021.03.13,3078.00467433
2021.03.14,3121.84672267
2021.03.15,3165.68877100
2021.03.16,3215.86518100
2021.03.17,3265.43668500
2021.03.18,3199.94313800
2021.03.19,3151.29643900
2021.03.20,3127.66330267
2021.03.21,3104.03016633
2021.03.22,3080.39703000
2021.03.23,2918.72604900
2021.03.24,2750.00373100
2021.03.25,2647.29613000
2021.03.26,2641.84465100
2021.03.27,2618.72123833
2021.03.28,2595.59782567
2021.03.29,2572.47441300
2021.03.30,2546.55048700
2021.03.31,2532.60277800
2021.04.01,2612.91447300
2021.04.02,2638.61495475
2021.04.03,2664.31543650
2021.04.04,2690.01591825
2021.04.05,2715.71640000
2021.04.06,2831.88346600
2021.04.07,2897.94688900
2021.04.08,2982.59138200
2021.04.09,3061.84946600
2021.04.10,3080.55160433
2021.04.11,3099.25374267
2021.04.12,3117.95588100
2021.04.13,3149.93708700
2021.04.14,3194.73133200
2021.04.15,3265.10675500
2021.04.16,3334.15220700
2021.04.17,3331.63990733
2021.04.18,3329.12760767
2021.04.19,3326.61530800
2021.04.20,3230.13818300
2021.04.21,3231.19955000
2021.04.22,3184.50102200
2021.04.23,3225.15127400
2021.04.24,3246.67801067
2021.04.25,3268.20474733
2021.04.26,3289.73148400
2021.04.27,3333.34890600
2021.04.28,3387.07505700
2021.04.29,3429.97554100
2021.04.30,3394.50557700
2021.05.01,3401.12246133
2021.05.02,3407.73934567
2021.05.03,3414.35623000
2021.05.04,3396.10675700
2021.05.05,3377.67292400
2021.05.06,3366.67363200
2021.05.07,3427.13587000
2021.05.08,3421.50571433
2021.05.09,3415.87555867
2021.05.10,3410.24540300
2021.05.11,3304.45282700
2021.05.12,3081.87791100
2021.05.13,2939.41696700
2021.05.14,2912.41577600
2021.05.15,2904.41641033
2021.05.16,2896.41704467
2021.05.17,2888.41767900
2021.05.18,2844.75721700
2021.05.19,2748.90373600
2021.05.20,2714.80449200
2021.05.21,2707.72561500
2021.05.22,2719.76192567
2021.05.23,2731.79823633
2021.05.24,2743.83454700
2021.05.25,2724.08851200
2021.05.26,2757.38520900
2021.05.27,2820.96695800
2021.05.28,2899.32452000
2021.05.29,2932.33679300
2021.05.30,2965.34906600
2021.05.31,2998.36133900
2021.06.01,3031.37361200
2021.06.02,3150.66871800
2021.06.03,3220.06269000
2021.06.04,3314.04422300
2021.06.05,3343.95555267
2021.06.06,3373.86688233
2021.06.07,3403.77821200
2021.06.08,3515.83188200
2021.06.09,3588.90861000
2021.06.10,3649.04466900
2021.06.11,3740.11577700
2021.06.12,3756.88751633
2021.06.13,3773.65925567
2021.06.14,3790.43099500
2021.06.15,3810.04835200
2021.06.16,3774.77095000
2021.06.17,3682.53491600
2021.06.18,3506.81043300
2021.06.19,3479.40093800
2021.06.20,3451.99144300
2021.06.21,3424.58194800
2021.06.22,3355.90368300
2021.06.23,3292.75424900
2021.06.24,3289.89771100
2021.06.25,3287.45588200
2021.06.26,3272.71420100
2021.06.27,3257.97252000
2021.06.28,3243.23083900
2021.06.29,3179.75227400
2021.06.30,3139.12933900
2021.07.01,3142.65108200
2021.07.02,3137.24891800
2021.07.03,3121.13514425
2021.07.04,3105.02137050
2021.07.05,3088.90759675
2021.07.06,3072.79382300
2021.07.07,3000.82074700
2021.07.08,2844.52966400
2021.07.09,2795.72814000
2021.07.10,2787.26015833
2021.07.11,2778.79217667
2021.07.12,2770.32419500
2021.07.13,2657.20220200
2021.07.14,2526.74688700
2021.07.15,2370.62385800
2021.07.16,2163.48554900
2021.07.17,2063.06198833
2021.07.18,1962.63842767
2021.07.19,1862.21486700
2021.07.20,1708.51735900
2021.07.21,1650.61340400
2021.07.22,1536.40245500
2021.07.23,1475.72008100
2021.07.24,1464.49940433
2021.07.25,1453.27872767
2021.07.26,1442.05805100
2021.07.27,1365.11672500
2021.07.28,1336.70630800
2021.07.29,1372.88187000
2021.07.30,1372.99756500
2021.07.31,1368.47554267
2021.08.01,1363.95352033
2021.08.02,1359.43149800
2021.08.03,1378.98535200
2021.08.04,1337.95897100
2021.08.05,1356.69162000
2021.08.06,1401.27457700
2021.08.07,1400.22859567
2021.08.08,1399.18261433
2021.08.09,1398.13663300
2021.08.10,1406.16300700
2021.08.11,1465.04474200
2021.08.12,1499.11340100
2021.08.13,1516.99653800
2021.08.14,1505.23157133
2021.08.15,1493.46660467
2021.08.16,1481.70163800
2021.08.17,1372.41599000
2021.08.18,1204.31468000
2021.08.19,990.51648770
2021.08.20,877.81645050
2021.08.21,866.26724580
2021.08.22,854.71804110
2021.08.23,843.16883640
2021.08.24,872.67928220
2021.08.25,926.94731690
2021.08.26,893.76175010
2021.08.27,974.91928160
2021.08.28,990.42431273
2021.08.29,1005.92934387
2021.08.30,1021.43437500
2021.08.31,1076.89760700
2021.09.01,1163.93418300
2021.09.02,1288.13078500
2021.09.03,1360.22822500
2021.09.04,1359.42626775
2021.09.05,1358.62431050
2021.09.06,1357.82235325
2021.09.07,1357.02039600
2021.09.08,1314.84259900
2021.09.09,1276.65637000
2021.09.10,1194.07386300
2021.09.11,1183.49772533
2021.09.12,1172.92158767
2021.09.13,1162.34545000
2021.09.14,1071.55592900
2021.09.15,1058.62310900
2021.09.16,1034.52243300
2021.09.17,968.74374250
2021.09.18,912.26557613
2021.09.19,855.78740977
2021.09.20,799.30924340
2021.09.21,670.99620050
2021.09.22,663.78356780
2021.09.23,709.74784900
2021.09.24,720.94857010
2021.09.25,734.85586137
2021.09.26,748.76315263
2021.09.27,762.67044390
2021.09.28,699.17929370
2021.09.29,675.19846390
2021.09.30,609.76886200
2021.10.01,623.57770810
2021.10.02,611.89059973
2021.10.03,600.20349137
2021.10.04,588.51638300
2021.10.05,586.49636810
2021.10.06,573.23677360
2021.10.07,631.53363630
2021.10.08,667.36978580
2021.10.09,671.80413877
2021.10.10,676.23849173
2021.10.11,680.67284470
2021.10.12,728.09359580
2021.10.13,809.69787010
2021.10.14,968.92103520
2021.10.15,1101.01223600
2021.10.16,1136.82320800
2021.10.17,1172.63418000
2021.10.18,1208.44515200
2021.10.19,1323.05806900
2021.10.20,1480.43682300
2021.10.21,1602.54347300
2021.10.22,1706.28194200
2021.10.23,1749.18693567
2021.10.24,1792.09192933
2021.10.25,1834.99692300
2021.10.26,1922.57324700
2021.10.27,1921.33813800
2021.10.28,1980.52542900
2021.10.29,2020.57793600
2021.10.30,2057.84193700
2021.10.31,2095.10593800
2021.11.01,2132.36993900
2021.11.02,2206.89025300
2021.11.03,2316.42066900
2021.11.04,2386.28707200
2021.11.05,2493.24141100
2021.11.06,2526.40132867
2021.11.07,2559.56124633
2021.11.08,2592.72116400
2021.11.09,2659.71274700
2021.11.10,2647.39198700
2021.11.11,2650.82077700
2021.11.12,2659.94828800
2021.11.13,2655.06638167
2021.11.14,2650.18447533
2021.11.15,2645.30256900
2021.11.16,2610.00396700
2021.11.17,2515.62364100
2021.11.18,2375.60034500
2021.11.19,2197.45242500
2021.11.20,2139.75118067
2021.11.21,2082.04993633
2021.11.22,2024.34869200
2021.11.23,1861.22325600
2021.11.24,1733.89489200
2021.11.25,1617.92727900
2021.11.26,1501.95966600
2021.11.27,1440.43819400
2021.11.28,1378.91672200
2021.11.29,1317.39525000
2021.11.30,1056.40569800
2021.12.01,763.57760260
2021.12.02,597.79169290
2021.12.03,381.75578170
2021.12.04,348.71595403
2021.12.05,315.67612637
2021.12.06,282.63629870
2021.12.07,300.42595920
2021.12.08,357.63398910
2021.12.09,328.95868480
2021.12.10,298.99650620
2021.12.11,269.67562443
2021.12.12,240.35474267
2021.12.13,211.03386090
2021.12.14,70.82062989
2021.12.15,7.38421424
2021.12.16,-54.69084222
2021.12.17,-129.94156130
2021.12.18,-183.67144697
2021.12.19,-237.40133263
2021.12.20,-291.13121830
2021.12.21,-316.39271890
2021.12.22,-250.25933840
2021.12.23,-125.66400130
2021.12.24,-82.71216800
2021.12.25,-39.76033470
2021.12.26,3.19149860
2021.12.27,46.14333190
2021.12.28,191.55788510
2021.12.29,339.92953870
2021.12.30,489.03765480
2021.12.31,654.42990580
2022.01.01,710.17598083
2022.01.02,765.92205587
2022.01.03,821.66813090
2022.01.04,970.89847270
2022.01.05,992.38592260
2022.01.06,1031.34576300
2022.01.07,1070.69969700
2022.01.08,1065.48106867
2022.01.09,1060.26244033
2022.01.10,1055.04381200
2022.01.11,1119.58281200
2022.01.12,1178.56574300
2022.01.13,1217.65332000
2022.01.14,1217.63493100
2022.01.15,1187.64645700
2022.01.16,1157.65798300
2022.01.17,1127.66950900
2022.01.18,1097.68103500
2022.01.19,931.98204790
2022.01.20,709.89950400
2022.01.21,418.56943140
2022.01.22,328.55941163
2022.01.23,238.54939187
2022.01.24,148.53937210
2022.01.25,-103.92902540
2022.01.26,-372.01986010
2022.01.27,-670.32742450
2022.01.28,-859.17875500
2022.01.29,-875.28608623
2022.01.30,-891.39341747
2022.01.31,-907.50074870
2022.02.01,-860.82854960
2022.02.02,-830.96967670
2022.02.03,-903.28549190
2022.02.04,-971.14908640
2022.02.05,-984.02162893
2022.02.06,-996.89417147
2022.02.07,-1009.76671400
2022.02.08,-996.53595270
2022.02.09,-901.04097160
2022.02.10,-894.98755800
2022.02.11,-949.83695160
2022.02.12,-986.78596707
2022.02.13,-1023.73498253
2022.02.14,-1060.68399800
2022.02.15,-1055.95480300
2022.02.16,-998.08156750
2022.02.17,-1019.30954300
2022.02.18,-1066.01291400
2022.02.19,-1096.45074350
2022.02.20,-1126.88857300
2022.02.21,-1157.32640250
2022.02.22,-1187.76423200
2022.02.23,-1361.02278800
2022.02.24,-1475.10373900
2022.02.25,-1451.11743400
2022.02.26,-1444.62947467
2022.02.27,-1438.14151533
2022.02.28,-1431.65355600
2022.03.01,-1438.00367200
2022.03.02,-1355.49300300
2022.03.03,-1300.01891600
2022.03.04,-1302.13847700
2022.03.05,-1331.23898767
2022.03.06,-1360.33949833
2022.03.07,-1389.44000900
2022.03.08,-1448.68561900
2022.03.09,-1404.64718800
2022.03.10,-1385.92109300
2022.03.11,-1433.48067700
2022.03.12,-1469.62935700
2022.03.13,-1505.77803700
2022.03.14,-1541.92671700
2022.03.15,-1560.28844800
2022.03.16,-1466.73628600
2022.03.17,-1280.06550600
2022.03.18,-1052.71166100
2022.03.19,-996.21129590
2022.03.20,-939.71093080
2022.03.21,-883.21056570
2022.03.22,-693.42107630
2022.03.23,-570.68395750
2022.03.24,-406.74030120
2022.03.25,-255.73477350
2022.03.26,-211.07197347
2022.03.27,-166.40917343
2022.03.28,-121.74637340
2022.03.29,103.02244050
2022.03.30,275.13466420
2022.03.31,391.66494210
2022.04.01,544.59000510
2022.04.02,593.71599800
2022.04.03,642.84199090
2022.04.04,691.96798380
2022.04.05,715.36631580
2022.04.06,665.64505800
2022.04.07,618.00515730
2022.04.08,562.23301640
2022.04.09,525.50090123
2022.04.10,488.76878607
2022.04.11,452.03667090
2022.04.12,361.10861210
2022.04.13,363.15957880
2022.04.14,323.39735740
2022.04.15,305.64393588
2022.04.16,287.89051435
2022.04.17,270.13709282
2022.04.18,252.38367130
2022.04.19,254.90505140
2022.04.20,306.78630610
2022.04.21,255.81084730
2022.04.22,103.19777580
2022.04.23,58.91438748
2022.04.24,14.63099915
2022.04.25,-29.65238917
2022.04.26,-246.69101830
2022.04.27,-445.62559110
2022.04.28,-516.03652290
2022.04.29,-671.35768700
2022.04.30,-721.30528927
2022.05.01,-771.25289153
2022.05.02,-821.20049380
2022.05.03,-895.01009120
2022.05.04,-846.29224650
2022.05.05,-921.40702810
2022.05.06,-1041.57313100
2022.05.07,-1115.45118200
2022.05.08,-1189.32923300
2022.05.09,-1263.20728400
2022.05.10,-1465.58844800
2022.05.11,-1689.44640100
2022.05.12,-1864.79771800
2022.05.13,-1901.39910600
2022.05.14,-1905.69483667
2022.05.15,-1909.99056733
2022.05.16,-1914.28629800
2022.05.17,-1829.63341500
2022.05.18,-1855.05703300
2022.05.19,-1854.16894100
2022.05.20,-1850.28877800
2022.05.21,-1823.34911667
2022.05.22,-1796.40945533
2022.05.23,-1769.46979400
2022.05.24,-1706.42221500
2022.05.25,-1544.53442300
2022.05.26,-1287.09768900
2022.05.27,-935.20379280
2022.05.28,-870.77996777
2022.05.29,-806.35614275
2022.05.30,-741.93231773
2022.05.31,-677.50849270
2022.06.01,-480.19146860
2022.06.02,-220.38445570
2022.06.03,-66.44753735
2022.06.04,-15.18143640
2022.06.05,36.08466455
2022.06.06,87.35076550
2022.06.07,284.51156060
2022.06.08,379.26148260
2022.06.09,352.82635850
2022.06.10,219.86019570
2022.06.11,133.59840560
2022.06.12,47.33661551
2022.06.13,-38.92517459
2022.06.14,-296.59204030
2022.06.15,-433.66425020
2022.06.16,-677.94266850
2022.06.17,-844.16100280
2022.06.18,-858.65997050
2022.06.19,-873.15893820
2022.06.20,-887.65790590
2022.06.21,-902.15687360
2022.06.22,-950.88255870
2022.06.23,-949.53860680
2022.06.24,-834.04183480
2022.06.25,-793.23518507
2022.06.26,-752.42853533
2022.06.27,-711.62188560
2022.06.28,-660.64471960
2022.06.29,-655.05601900
2022.06.30,-676.70240000
2022.07.01,-606.62654370
2022.07.02,-593.71454622
2022.07.03,-580.80254875
2022.07.04,-567.89055128
2022.07.05,-554.97855380
2022.07.06,-540.59462970
2022.07.07,-428.84340150
2022.07.08,-337.40188430
2022.07.09,-329.99538213
2022.07.10,-322.58887997
2022.07.11,-315.18237780
2022.07.12,-306.80878770
2022.07.13,-309.06532430
2022.07.14,-379.09933650
2022.07.15,-328.08292020
2022.07.16,-308.16310337
2022.07.17,-288.24328653
2022.07.18,-268.32346970
2022.07.19,-102.33752210
2022.07.20,102.04215060
2022.07.21,318.57656010
2022.07.22,476.87059740
2022.07.23,533.53961370
2022.07.24,590.20863000
2022.07.25,646.87764630
2022.07.26,758.29928480
2022.07.27,959.72328940
2022.07.28,1214.39219700
2022.07.29,1502.16215200
2022.07.30,1587.83965200
2022.07.31,1673.51715200
2022.08.01,1759.19465200
2022.08.02,1959.86146700
2022.08.03,2190.23228700
2022.08.04,2373.64817600
2022.08.05,2514.45052000
2022.08.06,2569.75510400
2022.08.07,2625.05968800
2022.08.08,2680.36427200
2022.08.09,2766.41870800
2022.08.10,2942.96315800
2022.08.11,3114.29384600
2022.08.12,3347.61011600
2022.08.13,3410.87590267
2022.08.14,3474.14168933
2022.08.15,3537.40747600
2022.08.16,3698.09718100
2022.08.17,3727.59639300
2022.08.18,3764.43023800
2022.08.19,3670.15102300
2022.08.20,3603.86452867
2022.08.21,3537.57803433
2022.08.22,3471.29154000
2022.08.23,3281.81022400
2022.08.24,3151.49464800
2022.08.25,3124.51735700
2022.08.26,2974.97918700
2022.08.27,2912.70250967
2022.08.28,2850.42583233
2022.08.29,2788.14915500
2022.08.30,2527.21873200
2022.08.31,2237.93712700
2022.09.01,1916.61166900
2022.09.02,1611.69534400
2022.09.03,1530.40486025
2022.09.04,1449.11437650
2022.09.05,1367.82389275
2022.09.06,1286.53340900
2022.09.07,1091.03728800
2022.09.08,939.83291780
2022.09.09,919.00401680
2022.09.10,940.95277333
2022.09.11,962.90152987
2022.09.12,984.85028640
2022.09.13,915.27459550
2022.09.14,862.21100680
2022.09.15,750.38058340
2022.09.16,581.91366850
2022.09.17,543.26407497
2022.09.18,504.61448143
2022.09.19,465.96488790
2022.09.20,263.54885610
2022.09.21,25.06540456
2022.09.22,-278.61327350
2022.09.23,-654.96547690
2022.09.24,-794.93424560
2022.09.25,-934.90301430
2022.09.26,-1074.87178300
2022.09.27,-1428.61731700
2022.09.28,-1598.07666100
2022.09.29,-1837.22401700
2022.09.30,-2049.55888600
2022.10.01,-2068.22505900
2022.10.02,-2086.89123200
2022.10.03,-2105.55740500
2022.10.04,-2018.20835200
2022.10.05,-1991.93386900
2022.10.06,-2014.35951700
2022.10.07,-2128.81164900
2022.10.08,-2174.73248700
2022.10.09,-2220.65332500
2022.10.10,-2266.57416300
2022.10.11,-2390.47824200
2022.10.12,-2517.46383800
2022.10.13,-2538.74920400
2022.10.14,-2638.55444500
2022.10.15,-2625.70134833
2022.10.16,-2612.84825167
2022.10.17,-2599.99515500
2022.10.18,-2479.22698500
2022.10.19,-2442.32406600
2022.10.20,-2454.21044900
2022.10.21,-2381.25225500
2022.10.22,-2346.75708233
2022.10.23,-2312.26190967
2022.10.24,-2277.76673700
2022.10.25,-2062.54778600
2022.10.26,-1831.77284400
2022.10.27,-1604.00140400
2022.10.28,-1313.23681600
2022.10.29,-1230.14684700
2022.10.30,-1147.05687800
2022.10.31,-1063.96690900
2022.11.01,-811.47130400
2022.11.02,-674.98020530
2022.11.03,-579.80541490
2022.11.04,-423.83194200
2022.11.05,-362.80644897
2022.11.06,-301.78095593
2022.11.07,-240.75546290
2022.11.08,-41.72129605
2022.11.09,36.06152313
2022.11.10,233.98552590
2022.11.11,455.54062060
2022.11.12,497.49125490
2022.11.13,539.44188920
2022.11.14,581.39252350
2022.11.15,773.73893790
2022.11.16,889.82642750
2022.11.17,942.28209900
2022.11.18,1019.67028800
2022.11.19,1037.90980433
2022.11.20,1056.14932067
2022.11.21,1074.38883700
2022.11.22,1198.60125300
2022.11.23,1340.15986300
2022.11.24,1421.27576850
2022.11.25,1502.39167400
2022.11.26,1518.09042100
2022.11.27,1533.78916800
2022.11.28,1549.48791500
2022.11.29,1611.40776100
2022.11.30,1774.49219100
2022.12.01,1928.15691700
2022.12.02,2068.74947400
2022.12.03,2070.42043667
2022.12.04,2072.09139933
2022.12.05,2073.76236200
2022.12.06,2006.42957000
2022.12.07,1938.67788500
2022.12.08,1894.70680400
2022.12.09,1788.43799700
2022.12.10,1771.42065667
2022.12.11,1754.40331633
2022.12.12,1737.38597600
2022.12.13,1754.84956900
2022.12.14,1741.30669300
2022.12.15,1628.77100000
2022.12.16,1470.85912800
2022.12.17,1403.55281233
2022.12.18,1336.24649667
2022.12.19,1268.94018100
2022.12.20,1102.95478100
2022.12.21,1044.47249000
2022.12.22,906.49776930
2022.12.23,842.64689380
2022.12.24,824.69546055
2022.12.25,806.74402730
2022.12.26,788.79259405
2022.12.27,770.84116080
2022.12.28,624.29305330
2022.12.29,605.97295610
2022.12.30,576.47940820
2022.12.31,578.62956307
2023.01.01,580.77971795
2023.01.02,582.92987282
2023.01.03,585.08002770
2023.01.04,690.50815730
2023.01.05,754.94666720
2023.01.06,925.71685990
2023.01.07,986.32683660
2023.01.08,1046.93681330
2023.01.09,1107.54679000
2023.01.10,1329.67364700
2023.01.11,1601.99374100
2023.01.12,1913.21745300
2023.01.13,2212.79763900
2023.01.14,2278.46690675
2023.01.15,2344.13617450
2023.01.16,2409.80544225
2023.01.17,2475.47471000
2023.01.18,2644.43623300
2023.01.19,2752.17615300
2023.01.20,2928.73290400
2023.01.21,2999.30369000
2023.01.22,3069.87447600
2023.01.23,3140.44526200
2023.01.24,3304.45710100
2023.01.25,3446.06493900
2023.01.26,3612.70931500
2023.01.27,3768.17671000
2023.01.28,3789.35462300
2023.01.29,3810.53253600
2023.01.30,3831.71044900
2023.01.31,3980.07324400
2023.02.01,4160.87306700
2023.02.02,4363.30255100
2023.02.03,4448.36324700
2023.02.04,4440.92493967
2023.02.05,4433.48663233
2023.02.06,4426.04832500
2023.02.07,4427.93882600
2023.02.08,4360.56551000
2023.02.09,4214.15849700
2023.02.10,4080.55970800
2023.02.11,4064.04978733
2023.02.12,4047.53986667
2023.02.13,4031.02994600
2023.02.14,3968.42684900
2023.02.15,3924.85906700
2023.02.16,3799.73431800
2023.02.17,3658.10398600
2023.02.18,3595.42037250
2023.02.19,3532.73675900
2023.02.20,3470.05314550
2023.02.21,3407.36953200
2023.02.22,3195.85472700
2023.02.23,3054.38029400
2023.02.24,2858.04775300
2023.02.25,2808.87956567
2023.02.26,2759.71137833
2023.02.27,2710.54319100
2023.02.28,2570.52407500
2023.03.01,2424.65511100
2023.03.02,2304.21387100
2023.03.03,2290.11554100
2023.03.04,2268.89732433
2023.03.05,2247.67910767
2023.03.06,2226.46089100
2023.03.07,2075.00386100
2023.03.08,1945.68308100
2023.03.09,1717.68539900
2023.03.10,1409.95895400
2023.03.11,1298.27365200
2023.03.12,1186.58835000
2023.03.13,1074.90304800
2023.03.14,864.35573390
2023.03.15,601.51600140
2023.03.16,457.33045010
2023.03.17,233.16515140
2023.03.18,181.73943272
2023.03.19,130.31371404
2023.03.20,78.88799536
2023.03.21,36.93658694
2023.03.22,-68.06655019
2023.03.23,-195.15389970
2023.03.24,-261.08781400
2023.03.25,-253.61049990
2023.03.26,-246.13318580
2023.03.27,-238.65587170
2023.03.28,-183.93328160
2023.03.29,-43.32580074
2023.03.30,141.66022440
2023.03.31,404.36497480
2023.04.01,481.21188703
2023.04.02,558.05879927
2023.04.03,634.90571150
2023.04.04,774.94351290
2023.04.05,858.50111550
2023.04.06,944.50036010
2023.04.07,974.01457307
2023.04.08,1003.52878605
2023.04.09,1033.04299902
2023.04.10,1062.55721200
2023.04.11,1234.38303500
2023.04.12,1368.52219800
2023.04.13,1545.41857200
2023.04.14,1647.78787800
2023.04.15,1687.38348400
2023.04.16,1726.97909000
2023.04.17,1766.57469600
2023.04.18,1852.00455200
2023.04.19,1912.03705600
2023.04.20,1921.35466100
2023.04.21,1911.71444100
2023.04.22,1912.54745400
2023.04.23,1913.38046700
2023.04.24,1914.21348000
2023.04.25,1810.02909100
2023.04.26,1668.65129300
2023.04.27,1629.48001900
2023.04.28,1663.14118000
2023.04.29,1662.32937567
2023.04.30,1661.51757133
2023.05.01,1660.70576700
2023.05.02,1565.06995900
2023.05.03,1445.32599400
2023.05.04,1278.66827400
2023.05.05,1240.43258200
2023.05.06,1226.30135567
2023.05.07,1212.17012933
2023.05.08,1198.03890300
2023.05.09,1133.65211200
2023.05.10,1100.33314600
2023.05.11,1015.69376400
2023.05.12,927.44862320
2023.05.13,919.31967710
2023.05.14,911.19073100
2023.05.15,903.06178490
2023.05.16,794.34572930
2023.05.17,784.27177310
2023.05.18,803.93718170
2023.05.19,791.58142010
2023.05.20,798.25739237
2023.05.21,804.93336463
2023.05.22,811.60933690
2023.05.23,796.67515900
2023.05.24,706.32306120
2023.05.25,585.29040220
2023.05.26,540.93102670
2023.05.27,529.89804642
2023.05.28,518.86506615
2023.05.29,507.83208588
2023.05.30,496.79910560
2023.05.31,441.78231750
2023.06.01,462.98405210
2023.06.02,588.49661490
2023.06.03,610.55353430
2023.06.04,632.61045370
2023.06.05,654.66737310
2023.06.06,798.42003440
2023.06.07,966.93645970
2023.06.08,1106.68332100
2023.06.09,1190.33347100
2023.06.10,1215.30654133
2023.06.11,1240.27961167
2023.06.12,1265.25268200
2023.06.13,1387.98234300
2023.06.14,1459.62629200
2023.06.15,1593.83373700
2023.06.16,1673.21193400
2023.06.17,1675.93750875
2023.06.18,1678.66308350
2023.06.19,1681.38865825
2023.06.20,1684.11423300
2023.06.21,1694.61512700
2023.06.22,1651.77031600
2023.06.23,1555.87915100
2023.06.24,1543.62370367
2023.06.25,1531.36825633
2023.06.26,1519.11280900
2023.06.27,1551.68202200
2023.06.28,1591.52029000
2023.06.29,1676.62440700
2023.06.30,1808.30530500
2023.07.01,1863.57051900
2023.07.02,1918.83573300
2023.07.03,1974.10094700
2023.07.04,2012.56833150
2023.07.05,2051.03571600
2023.07.06,2008.65976400
2023.07.07,2031.48502700
2023.07.08,2055.33775200
2023.07.09,2079.19047700
2023.07.10,2103.04320200
2023.07.11,2238.11022500
2023.07.12,2414.00197900
2023.07.13,2616.76941800
2023.07.14,2707.30173200
2023.07.15,2736.49127200
2023.07.16,2765.68081200
2023.07.17,2794.87035200
2023.07.18,2923.56716900
2023.07.19,3068.93511300
2023.07.20,3159.78002900
2023.07.21,3226.90353200
2023.07.22,3253.73889133
2023.07.23,3280.57425067
2023.07.24,3307.40961000
2023.07.25,3368.05525800
2023.07.26,3448.26701100
2023.07.27,3427.30672500
2023.07.28,3460.09914600
2023.07.29,3487.71148767
2023.07.30,3515.32382933
2023.07.31,3542.93617100
2023.08.01,3554.34714600
2023.08.02,3470.38179500
2023.08.03,3351.68951000
2023.08.04,3252.34915900
2023.08.05,3233.38324367
2023.08.06,3214.41732833
2023.08.07,3195.45141300
2023.08.08,3099.87658300
2023.08.09,2992.11072100
2023.08.10,2873.86035500
2023.08.11,2769.48699000
2023.08.12,2728.57476933
2023.08.13,2687.66254867
2023.08.14,2646.75032800
2023.08.15,2434.77673100
2023.08.16,2176.91542100
2023.08.17,1894.60942500
2023.08.18,1668.16475000
2023.08.19,1591.06441000
2023.08.20,1513.96407000
2023.08.21,1436.86373000
2023.08.22,1215.41703900
2023.08.23,1106.85303300
2023.08.24,941.79654270
2023.08.25,829.96426070
2023.08.26,821.37545327
2023.08.27,812.78664583
2023.08.28,804.19783840
2023.08.29,877.94655810
2023.08.30,973.16198070
2023.08.31,1047.60535700
2023.09.01,1152.76641700
2023.09.02,1154.37863550
2023.09.03,1155.99085400
2023.09.04,1157.60307250
2023.09.05,1159.21529100
2023.09.06,1128.23300200
2023.09.07,1060.35198000
2023.09.08,1009.76194600
2023.09.09,1000.01084993
2023.09.10,990.25975387
2023.09.11,980.50865780
2023.09.12,948.29455280
2023.09.13,890.66002020
2023.09.14,925.07919470
2023.09.15,907.13219300
2023.09.16,897.55541050
2023.09.17,887.97862800
2023.09.18,878.40184550
2023.09.19,831.19538920
2023.09.20,763.02789210
2023.09.21,604.62954270
2023.09.22,464.62580610
2023.09.23,424.01703153
2023.09.24,383.40825697
2023.09.25,342.79948240
2023.09.26,140.87397820
2023.09.27,-17.02669782
2023.09.28,-92.34664230
2023.09.29,-165.53346160
2023.09.30,-214.69914933
2023.10.01,-263.86483707
2023.10.02,-313.03052480
2023.10.03,-532.32536130
2023.10.04,-681.06081960
2023.10.05,-813.87433240
2023.10.06,-876.91051410
2023.10.07,-874.04764173
2023.10.08,-871.18476937
2023.10.09,-868.32189700
2023.10.10,-783.28701980
2023.10.11,-669.31576480
2023.10.12,-659.52376280
2023.10.13,-677.95398240
2023.10.14,-657.37667167
2023.10.15,-636.79936093
2023.10.16,-616.22205020
2023.10.17,-529.61013790
2023.10.18,-544.20890220
2023.10.19,-633.96980120
2023.10.20,-766.84552080
2023.10.21,-819.87035837
2023.10.22,-872.89519593
2023.10.23,-925.92003350
2023.10.24,-995.14914170
2023.10.25,-1121.91428300
2023.10.26,-1211.58890800
2023.10.27,-1346.65276800
2023.10.28,-1362.58488000
2023.10.29,-1378.51699200
2023.10.30,-1394.44910400
2023.10.31,-1361.74272600
2023.11.01,-1272.27005900
2023.11.02,-1072.15957900
2023.11.03,-794.45431990
2023.11.04,-733.61756397
2023.11.05,-672.78080803
2023.11.06,-611.94405210
2023.11.07,-470.78805280
2023.11.08,-365.24573320
2023.11.09,-337.03082130
2023.11.10,-239.22191750
2023.11.11,-210.14767673
2023.11.12,-181.07343597
2023.11.13,-151.99919520
2023.11.14,49.08622842
2023.11.15,242.26883440
2023.11.16,377.07861840
2023.11.17,553.60559060
2023.11.18,616.75976837
2023.11.19,679.91394613
2023.11.20,743.06812390
2023.11.21,859.14324920
2023.11.22,999.59176510
2023.11.23,1092.45952605
2023.11.24,1185.32728700
2023.11.25,1230.43636567
2023.11.26,1275.54544433
2023.11.27,1320.65452300
2023.11.28,1436.60603600
2023.11.29,1578.96155000
2023.11.30,1735.38070600
2023.12.01,1967.89218200
2023.12.02,2031.82813200
2023.12.03,2095.76408200
2023.12.04,2159.70003200
2023.12.05,2261.39724400
2023.12.06,2339.79137400
2023.12.07,2448.21939800
2023.12.08,2552.78426200
2023.12.09,2580.64727433
2023.12.10,2608.51028667
2023.12.11,2636.37329900
2023.12.12,2688.01006000
2023.12.13,2836.86944000
2023.12.14,3041.55986200
2023.12.15,3154.31237400
2023.12.16,3182.00631933
2023.12.17,3209.70026467
2023.12.18,3237.39421000
2023.12.19,3384.99220800
2023.12.20,3422.46353600
2023.12.21,3529.48920400
2023.12.22,3657.24870400
2023.12.23,3698.07323600
2023.12.24,3738.89776800
2023.12.25,3779.72230000
2023.12.26,3820.54683200
2023.12.27,3975.81399800
2023.12.28,4086.88835500
2023.12.29,4102.97248800
2023.12.30,4100.69425600
2023.12.31,4098.41602400
2024.01.01,4096.13779200
2024.01.02,4093.85956000
2024.01.03,4008.34870800
2024.01.04,3918.34518700
2024.01.05,3839.00045000
2024.01.06,3835.83886567
2024.01.07,3832.67728133
2024.01.08,3829.51569700
2024.01.09,3751.30865600
2024.01.10,3689.53509200
2024.01.11,3600.82101900
2024.01.12,3525.96638200
2024.01.13,3487.08374525
2024.01.14,3448.20110850
2024.01.15,3409.31847175
2024.01.16,3370.43583500
2024.01.17,3155.10503900
2024.01.18,2976.52168200
2024.01.19,2868.90030400
2024.01.20,2859.83004400
2024.01.21,2850.75978400
2024.01.22,2841.68952400
2024.01.23,2805.16586000
2024.01.24,2749.16229800
2024.01.25,2771.38344100
2024.01.26,2803.32560000
2024.01.27,2830.80690633
2024.01.28,2858.28821267
2024.01.29,2885.76951900
2024.01.30,2941.58022200
2024.01.31,2903.49047200
2024.02.01,2941.15628300
2024.02.02,2912.40477000
2024.02.03,2870.68991433
2024.02.04,2828.97505867
2024.02.05,2787.26020300
2024.02.06,2733.22529700
2024.02.07,2680.45932600
2024.02.08,2655.89212400
2024.02.09,2674.45770600
2024.02.10,2703.09146700
2024.02.11,2731.72522800
2024.02.12,2760.35898900
2024.02.13,2705.05279200
2024.02.14,2737.19072900
2024.02.15,2849.33271200
2024.02.16,2888.56744400
2024.02.17,2887.78065850
2024.02.18,2886.99387300
2024.02.19,2886.20708750
2024.02.20,2885.42030200
2024.02.21,2874.75239500
2024.02.22,2889.20757200
2024.02.23,2926.37071000
2024.02.24,2924.45158667
2024.02.25,2922.53246333
2024.02.26,2920.61334000
2024.02.27,2925.03772200
2024.02.28,2905.99538000
2024.02.29,2936.93420100
2024.03.01,2989.85222100
2024.03.02,2995.01743667
2024.03.03,3000.18265233
2024.03.04,3005.34786800
2024.03.05,2986.41990600
2024.03.06,3018.95439900
2024.03.07,3096.62661900
2024.03.08,3168.00323400
2024.03.09,3185.09889733
2024.03.10,3202.19456067
2024.03.11,3219.29022400
2024.03.12,3266.24414800
2024.03.13,3321.90853300
2024.03.14,3274.99204000
2024.03.15,3238.35347800
2024.03.16,3224.99756533
2024.03.17,3211.64165267
2024.03.18,3198.28574000
2024.03.19,3207.08639500
2024.03.20,3282.47552400
2024.03.21,3387.32085100
2024.03.22,3419.37700100
2024.03.23,3416.86404233
2024.03.24,3414.35108367
2024.03.25,3411.83812500
2024.03.26,3380.23319500
2024.03.27,3433.30981400
2024.03.28,3503.87377400
2024.03.29,3505.18947825
2024.03.30,3506.50518250
2024.03.31,3507.82088675
2024.04.01,3509.13659100
2024.04.02,3429.79061600
2024.04.03,3376.05085500
2024.04.04,3275.02310500
2024.04.05,3203.66926300
2024.04.06,3188.44396933
2024.04.07,3173.21867567
2024.04.08,3157.99338200
2024.04.09,3129.80053700
2024.04.10,2994.24665200
2024.04.11,2870.22684600
2024.04.12,2657.53877900
2024.04.13,2561.77678167
2024.04.14,2466.01478433
2024.04.15,2370.25278700
2024.04.16,2077.42200000
2024.04.17,1817.91456700
2024.04.18,1589.54613900
2024.04.19,1442.44340300
2024.04.20,1422.14838400
2024.04.21,1401.85336500
2024.04.22,1381.55834600
2024.04.23,1420.54383100
2024.04.24,1431.57370100
2024.04.25,1382.19637200
2024.04.26,1384.66777300
2024.04.27,1404.53100933
2024.04.28,1424.39424567
2024.04.29,1444.25748200
2024.04.30,1400.98539700
2024.05.01,1392.23283600
2024.05.02,1462.48823300
2024.05.03,1592.59415600
2024.05.04,1654.48668700
2024.05.05,1716.37921800
2024.05.06,1778.27174900
2024.05.07,1950.88473300
2024.05.08,2079.11441000
2024.05.09,2242.70521200
2024.05.10,2365.81182200
2024.05.11,2401.02085267
2024.05.12,2436.22988333
2024.05.13,2471.43891400
2024.05.14,2601.59288300
2024.05.15,2761.46656300
2024.05.16,2877.20122600
2024.05.17,2977.01835600
2024.05.18,3002.65454100
2024.05.19,3028.29072600
2024.05.20,3053.92691100
2024.05.21,3102.66409100
2024.05.22,3073.57106000
2024.05.23,2941.57866200
2024.05.24,2884.76726900
2024.05.25,2859.74287475
2024.05.26,2834.71848050
2024.05.27,2809.69408625
2024.05.28,2784.66969200
2024.05.29,2594.01291500
2024.05.30,2496.68130600
2024.05.31,2484.82937400
2024.06.01,2476.06019100
2024.06.02,2467.29100800
2024.06.03,2458.52182500
2024.06.04,2396.93626100
2024.06.05,2383.09592300
2024.06.06,2354.04695500
2024.06.07,2258.93985200
2024.06.08,2229.80276100
2024.06.09,2200.66567000
2024.06.10,2171.52857900
2024.06.11,2056.13429900
2024.06.12,2009.79151700
2024.06.13,1927.11948100
2024.06.14,1786.54929300
2024.06.15,1753.80920733
2024.06.16,1721.06912167
2024.06.17,1688.32903600
2024.06.18,1621.95907100
2024.06.19,1589.85601300
2024.06.20,1557.75295500
2024.06.21,1505.11796200
2024.06.22,1507.19179233
2024.06.23,1509.26562267
2024.06.24,1511.33945300
2024.06.25,1475.00213000
2024.06.26,1426.50870800
2024.06.27,1412.06428900
2024.06.28,1422.90399000
2024.06.29,1408.83846467
2024.06.30,1394.77293933
2024.07.01,1380.70741400
2024.07.02,1386.82580400
2024.07.03,1442.32289900
2024.07.04,1457.11709950
2024.07.05,1471.91130000
2024.07.06,1483.05747567
2024.07.07,1494.20365133
2024.07.08,1505.34982700
2024.07.09,1495.56301800
2024.07.10,1554.91748200
2024.07.11,1704.49096000
2024.07.12,1901.85383000
2024.07.13,1963.93249133
2024.07.14,2026.01115267
2024.07.15,2088.08981400
2024.07.16,2328.93113200
2024.07.17,2504.55580300
2024.07.18,2571.14211700
2024.07.19,2581.96770600
2024.07.20,2605.38305233
2024.07.21,2628.79839867
2024.07.22,2652.21374500
2024.07.23,2711.26304000
2024.07.24,2661.54387200
2024.07.25,2656.02626400
2024.07.26,2731.77857800
2024.07.27,2742.41502333
2024.07.28,2753.05146867
2024.07.29,2763.68791400
2024.07.30,2816.75195600
2024.07.31,2888.83795200
2024.08.01,2892.32728900
2024.08.02,2813.89903600
2024.08.03,2747.60715233
2024.08.04,2681.31526867
2024.08.05,2615.02338500
2024.08.06,2509.95958500
2024.08.07,2390.58023900
2024.08.08,2367.20799700
2024.08.09,2345.48869000
2024.08.10,2322.38953967
2024.08.11,2299.29038933
2024.08.12,2276.19123900
2024.08.13,2296.61096200
2024.08.14,2330.53677100
2024.08.15,2429.64065300
2024.08.16,2548.22627000
2024.08.17,2603.72612667
2024.08.18,2659.22598333
2024.08.19,2714.72584000
2024.08.20,2805.45934400
2024.08.21,2945.40919300
2024.08.22,3009.03926700
2024.08.23,3163.09778500
2024.08.24,3207.83263300
2024.08.25,3252.56748100
2024.08.26,3297.30232900
2024.08.27,3380.71070200
2024.08.28,3405.97130700
2024.08.29,3468.13926900
2024.08.30,3551.55217900
2024.08.31,3550.41724850
2024.09.01,3549.28231800
2024.09.02,3548.14738750
2024.09.03,3547.01245700
2024.09.04,3533.84593200
2024.09.05,3494.11932300
2024.09.06,3374.13247600
2024.09.07,3350.47933733
2024.09.08,3326.82619867
2024.09.09,3303.17306000
2024.09.10,3238.18689400
2024.09.11,3191.88278700
2024.09.12,3217.23336200
2024.09.13,3325.12193600
2024.09.14,3371.74497667
2024.09.15,3418.36801733
2024.09.16,3464.99105800
2024.09.17,3603.65420200
2024.09.18,3701.39291900
2024.09.19,3853.55255700
2024.09.20,3927.03128500
2024.09.21,3948.91100367
2024.09.22,3970.79072233
2024.09.23,3992.67044100
2024.09.24,4065.37856700
2024.09.25,4055.56712200
2024.09.26,4067.85050100
2024.09.27,4101.91353800
2024.09.28,4109.76831400
2024.09.29,4117.62309000
2024.09.30,4125.47786600
2024.10.01,4106.69797800
2024.10.02,4065.50768300
2024.10.03,3972.56244300
2024.10.04,3916.23145000
2024.10.05,3873.41673133
2024.10.06,3830.60201267
2024.10.07,3787.78729400
2024.10.08,3668.12860500
2024.10.09,3572.87978200
2024.10.10,3454.02763900
2024.10.11,3423.13892000
2024.10.12,3418.94706967
2024.10.13,3414.75521933
2024.10.14,3410.56336900
2024.10.15,3387.90845700
2024.10.16,3430.39896500
2024.10.17,3441.37635400
2024.10.18,3451.50514000
2024.10.19,3422.58933567
2024.10.20,3393.67353133
2024.10.21,3364.75772700
2024.10.22,3261.11489900
2024.10.23,3094.79470800
2024.10.24,2954.21697000
2024.10.25,2788.35192000
2024.10.26,2753.39979400
2024.10.27,2718.44766800
2024.10.28,2683.49554200
2024.10.29,2533.17586100
2024.10.30,2402.33665500
2024.10.31,2228.05745000
2024.11.01,2060.00844300
2024.11.02,2019.38112867
2024.11.03,1978.75381433
2024.11.04,1938.12650000
2024.11.05,1918.22680600
2024.11.06,1928.62143300
2024.11.07,1961.96573300
2024.11.08,2021.06528000
2024.11.09,2042.20687533
2024.11.10,2063.34847067
2024.11.11,2084.49006600
2024.11.12,2050.29580900
2024.11.13,1990.60823900
2024.11.14,1899.82232600
2024.11.15,1777.90125900
2024.11.16,1749.60725267
2024.11.17,1721.31324633
2024.11.18,1693.01924000
2024.11.19,1611.73001700
2024.11.20,1528.41908200
2024.11.21,1533.59613700
2024.11.22,1606.95453900
2024.11.23,1649.45009233
2024.11.24,1691.94564567
2024.11.25,1734.44119900
2024.11.26,1798.52008800
2024.11.27,1878.31493700
2024.11.28,1933.13144800
2024.11.29,1987.94795900
2024.11.30,2011.71345667
2024.12.01,2035.47895433
2024.12.02,2059.24445200
2024.12.03,2088.85673200
2024.12.04,2111.28094800
2024.12.05,2101.39724700
2024.12.06,2074.78969700
2024.12.07,2061.54856233
2024.12.08,2048.30742767
2024.12.09,2035.06629300
2024.12.10,1961.87745200
2024.12.11,1903.34160500
2024.12.12,1780.87674700
2024.12.13,1623.01491100
2024.12.14,1567.73592933
2024.12.15,1512.45694767
2024.12.16,1457.17796600
2024.12.17,1251.50148800
2024.12.18,953.69059240
2024.12.19,654.79382350
2024.12.20,469.66311700
2024.12.21,417.95142710
2024.12.22,366.23973720
2024.12.23,314.52804730
2024.12.24,256.11492250
2024.12.25,247.55302430
2024.12.26,238.99112610
2024.12.27,139.40532470
2024.12.28,98.82436239
2024.12.29,58.24340007
2024.12.30,17.66243776
2024.12.31,-43.56604273
2025.01.01,-60.43230303
2025.01.02,-77.29856333
2025.01.03,-27.05337563
2025.01.04,-17.37174151
2025.01.05,-7.69010739
2025.01.06,1.99152673
2025.01.07,-16.68503938
2025.01.08,-44.72007821
2025.01.09,-97.06825711
2025.01.10,-149.41643600
2025.01.11,-172.25587060
2025.01.12,-195.09530520
2025.01.13,-217.93473980
2025.01.14,-197.67821580
2025.01.15,-77.57049668
2025.01.16,66.90945563
2025.01.17,229.10526760
2025.01.18,286.11324082
2025.01.19,343.12121405
2025.01.20,400.12918727
2025.01.21,457.13716050
2025.01.22,609.11874310
2025.01.23,759.31740250
2025.01.24,906.34066930
2025.01.25,954.81506587
2025.01.26,1003.28946243
2025.01.27,1051.76385900
2025.01.28,1159.84186700
2025.01.29,1215.74935400
2025.01.30,1341.17150900
2025.01.31,1384.80159400
2025.02.01,1379.49483233
2025.02.02,1374.18807067
2025.02.03,1368.88130900
2025.02.04,1409.62505900
2025.02.05,1500.31283900
2025.02.06,1572.34932700
2025.02.07,1565.62877800
2025.02.08,1572.50404033
2025.02.09,1579.37930267
2025.02.10,1586.25456500
2025.02.11,1603.00833900
2025.02.12,1556.26777500
2025.02.13,1592.57325300
2025.02.14,1636.05157100
2025.02.15,1650.47499700
2025.02.16,1664.89842300
2025.02.17,1679.32184900
2025.02.18,1693.74527500
2025.02.19,1720.30466600
2025.02.20,1720.96142100
2025.02.21,1649.11814000
2025.02.22,1623.26094133
2025.02.23,1597.40374267
2025.02.24,1571.54654400
2025.02.25,1525.41509700
2025.02.26,1482.64563400
2025.02.27,1394.86451500
2025.02.28,1371.33733600
2025.03.01,1345.61319433
2025.03.02,1319.88905267
2025.03.03,1294.16491100
2025.03.04,1152.46166300
2025.03.05,1077.29307700
2025.03.06,951.43747150
2025.03.07,861.92374120
2025.03.08,808.82578850
2025.03.09,755.72783580
2025.03.10,702.62988310
2025.03.11,541.72048500
2025.03.12,419.33434720
2025.03.13,257.64752760
2025.03.14,218.71705920
2025.03.15,237.70734730
2025.03.16,256.69763540
2025.03.17,275.68792350
2025.03.18,290.41957280
2025.03.19,368.61303510
2025.03.20,416.57538020
2025.03.21,420.00030830
2025.03.22,444.17641230
2025.03.23,468.35251630
2025.03.24,492.52862030
2025.03.25,542.32768400
2025.03.26,547.39424510
2025.03.27,532.38918350
2025.03.28,441.54791000
2025.03.29,417.58890050
2025.03.30,393.62989100
2025.03.31,369.67088150
2025.04.01,346.36766780
2025.04.02,387.66158180
2025.04.03,321.82957030
2025.04.04,152.28405260
2025.04.05,77.67643998
2025.04.06,3.06882735
2025.04.07,-71.53878527
2025.04.08,-326.84961770
2025.04.09,-414.15613140
2025.04.10,-592.63241990
2025.04.11,-679.26648450
2025.04.12,-673.44174877
2025.04.13,-667.61701303
2025.04.14,-661.79227730
2025.04.15,-625.64286880
2025.04.16,-622.80691010
2025.04.17,-539.66813090
2025.04.18,-544.34763170
2025.04.19,-549.02713250
2025.04.20,-553.70663330
2025.04.21,-558.38613410
2025.04.22,-452.74809610
2025.04.23,-284.41383310
2025.04.24,-39.81596912
2025.04.25,183.91428440
2025.04.26,260.80421620
2025.04.27,337.69414800
2025.04.28,414.58407980
2025.04.29,657.23383450
2025.04.30,850.71320550
2025.05.01,1031.63450200
2025.05.02,1274.16403700
2025.05.03,1327.29468133
2025.05.04,1380.42532567
2025.05.05,1433.55597000
2025.05.06,1544.01829300
2025.05.07,1668.04348800
2025.05.08,1815.54481200
2025.05.09,1956.03071900
2025.05.10,2018.84248500
2025.05.11,2081.65425100
2025.05.12,2144.46601700
2025.05.13,2329.55586600
2025.05.14,2434.55990800
2025.05.15,2559.66556400
2025.05.16,2714.53257300
2025.05.17,2750.41211600
2025.05.18,2786.29165900
2025.05.19,2822.17120200
2025.05.20,2876.49137400
2025.05.21,2801.55266400
2025.05.22,2721.37230400
2025.05.23,2628.61123400
2025.05.24,2631.88529150
2025.05.25,2635.15934900
2025.05.26,2638.43340650
2025.05.27,2641.70746400
2025.05.28,2576.59620300
2025.05.29,2563.09309300
2025.05.30,2526.68246900
2025.05.31,2510.06097067
2025.06.01,2493.43947233
2025.06.02,2476.81797400
2025.06.03,2480.49974000
2025.06.04,2476.39515100
2025.06.05,2465.50375200
2025.06.06,2501.81408700
2025.06.07,2522.27617567
2025.06.08,2542.73826433
2025.06.09,2563.20035300
2025.06.10,2646.56960900
2025.06.11,2700.86747500
2025.06.12,2758.13781200
2025.06.13,2713.56326200
2025.06.14,2711.50357633
2025.06.15,2709.44389067
2025.06.16,2707.38420500
2025.06.17,2643.31419100
2025.06.18,2596.66775700
2025.06.19,2572.00973750
2025.06.20,2547.35171800
2025.06.21,2546.88439367
2025.06.22,2546.41706933
2025.06.23,2545.94974500
2025.06.24,2603.62131000
2025.06.25,2587.81239200
2025.06.26,2653.65670500
2025.06.27,2716.23530900
2025.06.28,2737.20981867
2025.06.29,2758.18432833
2025.06.30,2779.15883800
2025.07.01,2893.56266200
2025.07.02,3047.06011800
2025.07.03,3221.71514200
2025.07.04,3236.23300950
2025.07.05,3250.75087700
2025.07.06,3265.26874450
2025.07.07,3279.78661200
2025.07.08,3351.68878600
2025.07.09,3440.10670100
2025.07.10,3551.75348500
2025.07.11,3574.95271700
2025.07.12,3579.03957700
2025.07.13,3583.12643700
2025.07.14,3587.21329700
2025.07.15,3501.51002700
2025.07.16,3443.97618100
2025.07.17,3431.41486100
2025.07.18,3382.46785900
2025.07.19,3362.64718333
2025.07.20,3342.82650767
2025.07.21,3323.00583200
2025.07.22,3316.35077000
2025.07.23,3348.17893900
2025.07.24,3321.30112800
2025.07.25,3315.86409400
2025.07.26,3296.68809933
2025.07.27,3277.51210467
2025.07.28,3258.33611000
2025.07.29,3199.75800300
2025.07.30,3085.02493100
2025.07.31,2949.10303000
2025.08.01,2769.34428900
2025.08.02,2744.19747433
2025.08.03,2719.05065967
2025.08.04,2693.90384500
2025.08.05,2639.43274600
2025.08.06,2579.21279200
2025.08.07,2513.12866800
2025.08.08,2462.51109800
2025.08.09,2440.21423900
2025.08.10,2417.91738000
2025.08.11,2395.62052100
2025.08.12,2416.75097400
2025.08.13,2509.08375700
2025.08.14,2516.18286800
2025.08.15,2493.17169300
2025.08.16,2489.19155533
2025.08.17,2485.21141767
2025.08.18,2481.23128000
2025.08.19,2480.91607100
2025.08.20,2468.24198600
2025.08.21,2429.86443400
2025.08.22,2503.40230500
2025.08.23,2505.80492767
2025.08.24,2508.20755033
2025.08.25,2510.61017300
2025.08.26,2517.21984900
2025.08.27,2547.98502300
2025.08.28,2571.59932200
2025.08.29,2581.13155100
2025.08.30,2568.79265050
2025.08.31,2556.45375000
2025.09.01,2544.11484950
2025.09.02,2531.77594900
2025.09.03,2491.06802900
2025.09.04,2514.55741700
2025.09.05,2565.36805800
2025.09.06,2581.80681033
2025.09.07,2598.24556267
2025.09.08,2614.68431500
2025.09.09,2619.47629300
2025.09.10,2620.87605300
2025.09.11,2702.66846700
2025.09.12,2721.13763900
2025.09.13,2729.18279033
2025.09.14,2737.22794167
2025.09.15,2745.27309300
2025.09.16,2746.23254100
2025.09.17,2738.87170600
2025.09.18,2765.33383300
2025.09.19,2736.23228300
2025.09.20,2725.29462067
2025.09.21,2714.35695833
2025.09.22,2703.41929600
2025.09.23,2657.99709600
2025.09.24,2574.37113000
2025.09.25,2431.04907200
2025.09.26,2355.35346800
2025.09.27,2330.37129833
2025.09.28,2305.38912867
2025.09.29,2280.40695900
2025.09.30,2217.82565900
2025.10.01,2181.87952000
2025.10.02,2141.23617300
2025.10.03,2130.32993000
2025.10.04,2121.70443433
2025.10.05,2113.07893867
2025.10.06,2104.45344300
2025.10.07,2028.25677900
2025.10.08,1983.51734800
2025.10.09,1870.24754700
2025.10.10,1669.70063000
2025.10.11,1638.41192433
2025.10.12,1607.12321867
2025.10.13,1575.83451300
2025.10.14,1537.49981000
2025.10.15,1533.38614000
2025.10.16,1463.75202100
2025.10.17,1403.64609000
2025.10.18,1414.42648933
2025.10.19,1425.20688867
2025.10.20,1435.98728800
2025.10.21,1481.25907600
2025.10.22,1494.76015900
2025.10.23,1542.57978500
2025.10.24,1616.25266600
2025.10.25,1642.53901567
2025.10.26,1668.82536533
2025.10.27,1695.11171500
2025.10.28,1722.31064400
2025.10.29,1685.30417500
2025.10.30,1607.73712400
2025.10.31,1558.87860900
2025.11.01,1537.60580100
2025.11.02,1516.33299300
2025.11.03,1495.06018500
2025.11.04,1387.12013300
2025.11.05,1344.64578700
2025.11.06,1262.70699200
2025.11.07,1221.38578800
2025.11.08,1225.69026833
2025.11.09,1229.99474867
2025.11.10,1234.29922900
2025.11.11,1284.86872500
2025.11.12,1327.28130100
2025.11.13,1284.05764600
2025.11.14,1227.83113400
2025.11.15,1181.12685933
2025.11.16,1134.42258467
2025.11.17,1087.71831000
2025.11.18,977.33325360
2025.11.19,850.26736440
2025.11.20,665.82469220
2025.11.21,594.24708410
2025.11.22,586.55705400
2025.11.23,578.86702390
2025.11.24,571.17699380
2025.11.25,663.49618150
2025.11.26,803.16160620
2025.11.27,885.01067120
2025.11.28,966.85973620
2025.11.29,999.98560380
2025.11.30,1033.11147140
2025.12.01,1066.23733900
2025.12.02,1137.87400200
2025.12.03,1258.08397900
2025.12.04,1353.12309000
2025.12.05,1424.11591400
2025.12.06,1428.90867567
2025.12.07,1433.70143733
2025.12.08,1438.49419900
2025.12.09,1461.44516200
2025.12.10,1540.26100900
2025.12.11,1653.39725400
2025.12.12,1700.66175600
2025.12.13,1713.08103633
2025.12.14,1725.50031667
2025.12.15,1737.91959700
2025.12.16,1733.18545400
2025.12.17,1710.27183300
2025.12.18,1722.07932900
2025.12.19,1732.86434100
2025.12.20,1746.73329533
2025.12.21,1760.60224967
2025.12.22,1774.47120400
2025.12.23,1784.27271700
2025.12.24,1838.08164600
2025.12.25,1861.56475900
2025.12.26,1885.04787200
2025.12.27,1885.52483367
2025.12.28,1886.00179533
2025.12.29,1886.47875700
2025.12.30,1876.81976900
2025.12.31,1797.22723600
2026.01.01,1786.20835950
2026.01.02,1775.18948300
2026.01.03,1785.11674133
2026.01.04,1795.04399967
2026.01.05,1804.97125800
2026.01.06,1867.20981900
2026.01.07,1878.38773900
2026.01.08,1935.65292200
2026.01.09,2017.58639000
2026.01.10,2046.40811733
2026.01.11,2075.22984467
2026.01.12,2104.05157200
2026.01.13,2181.90904500
2026.01.14,2282.76763900
2026.01.15,2410.93789900
2026.01.16,2495.91878200
2026.01.17,2492.71354725
2026.01.18,2489.50831250
2026.01.19,2486.30307775
2026.01.20,2483.09784300
2026.01.21,2544.57045100
2026.01.22,2623.35667800
2026.01.23,2654.25211900
2026.01.24,2661.25023300
2026.01.25,2668.24834700
2026.01.26,2675.24646100
2026.01.27,2697.67039000
2026.01.28,2678.95449800
2026.01.29,2675.40763800
2026.01.30,2642.89803400
2026.01.31,2638.79463367
2026.02.01,2634.69123333
2026.02.02,2630.58783300
2026.02.03,2621.85967200
2026.02.04,2628.73779500
2026.02.05,2581.62490200
2026.02.06,2617.18525400
2026.02.07,2632.49131233
2026.02.08,2647.79737067
2026.02.09,2663.10342900
2026.02.10,2727.14795100
2026.02.11,2783.82027700
2026.02.12,2770.95601500
2026.02.13,2814.65229100
2026.02.14,2823.31155450
2026.02.15,2831.97081800
2026.02.16,2840.63008150
2026.02.17,2849.28934500
2026.02.18,2887.45758000
2026.02.19,2905.90413300
2026.02.20,2938.39641500
2026.02.21,2922.62605467
2026.02.22,2906.85569433
2026.02.23,2891.08533400
2026.02.24,2882.62893300
2026.02.25,2888.08556600
2026.02.26,2914.96055900
2026.02.27,2902.11387500
2026.02.28,2901.28238033
2026.03.01,2900.45088567
2026.03.02,2899.61939100
2026.03.03,2813.03851000
2026.03.04,2768.64666400
2026.03.05,2654.14840300
2026.03.06,2469.58164800
2026.03.07,2409.39748667
2026.03.08,2349.21332533
2026.03.09,2289.02916400
2026.03.10,2119.56164400
